R_pc,Sigma_s9,dlnSigma_dlnR_s9,nu_s9,dlnnu_dlnr_s9,relative_nu_vs_s18_s9,Sigma_s18,dlnSigma_dlnR_s18,nu_s18,dlnnu_dlnr_s18,relative_nu_vs_s18_s18,Sigma_s36,dlnSigma_dlnR_s36,nu_s36,dlnnu_dlnr_s36,relative_nu_vs_s18_s36
15.691,0.01443137707772819,-0.7991093504860382,0.0001873380963294653,-3.130430540943874,-0.03149644712462756,0.014365134821800575,-0.8606908568947352,0.000193430468864343,-3.314332475790087,0.0,0.014365134821800575,-0.8606908568947352,0.000193430468864343,-3.314332475790087,0.0
15.956217319392014,0.014242060167377122,-0.7766361436373829,0.0001777619052281269,-3.120955969299189,-0.028506499752179153,0.014162411502523304,-0.8352764924360477,0.00018297796658730208,-3.305778617255015,0.0,0.014162411502523304,-0.8352764924360477,0.00018297796658730208,-3.305778617255015,0.0
16.225917477768494,0.014060479429907907,-0.7545250878761995,0.00016872880348551157,-3.10171080023116,-0.025477244062392,0.013968450281857047,-0.8102700666652659,0.000173139931784532,-3.2884213149103516,0.0,0.013968450281857047,-0.8102700666652659,0.000173139931784532,-3.2884213149103516,0.0
16.500176246370224,0.013886317087130692,-0.7327761832024863,0.00016020719030015494,-3.0818408606311323,-0.02240684828028941,0.013782874085336298,-0.7856715795823882,0.00016387920682374885,-3.270526763790656,0.0,0.013782874085336298,-0.7856715795823882,0.00016387920682374885,-3.270526763790656,0.0
16.779070677162274,0.013719270706730517,-0.7113894296162432,0.0001521674677999912,-3.061280827734663,-0.019293632801594986,0.013605325184610382,-0.761481031187414,0.00015516108887381829,-3.2520168881564473,0.0,0.013605325184610382,-0.761481031187414,0.00015516108887381829,-3.2520168881564473,0.0
17.062679124481495,0.013559052310534132,-0.6903648271174725,0.00014458189639769936,-3.039963924544338,-0.016136139413389854,0.013435464019437652,-0.7376984214803461,0.00014695315296111715,-3.2328097517735728,0.0,0.013435464019437652,-0.7376984214803461,0.00014695315296111715,-3.2328097517735728,0.0
17.35108126704991,0.013405387537467395,-0.6697023757061706,0.00013742447032418764,-3.0178729959195607,-0.012933146898042352,0.013272968095718245,-0.7143237504611811,0.00013922508885018002,-3.212819597576072,0.0,0.013272968095718245,-0.7143237504611811,0.00013922508885018002,-3.212819597576072,0.0
17.64435813036007,0.013258014857483097,-0.6494020753823406,0.00013067057098762407,-2.994781327653186,-0.009685436523576445,0.013117530954122122,-0.6913570181299217,0.00013194855029589287,-3.1919569421461347,0.0,0.013117530954122122,-0.6913570181299217,0.00013194855029589287,-3.1919569421461347,0.0
17.942592109438955,0.013116684833012742,-0.629463926145981,0.00012429799607387629,-2.9707206163599267,-0.006387201526449258,0.012968861204289993,-0.668798224486566,0.00012509701592494635,-3.1701286949972314,0.0,0.012968861204289993,-0.668798224486566,0.00012509701592494635,-3.1701286949972314,0.0
18.245866991996447,0.012981159424747313,-0.6098879279970919,0.00011828458087756467,-2.945721762043206,-0.0030433460152693133,0.01282668161996857,-0.6466473695311148,0.00011864566067621262,-3.1472383623620885,0.0,0.01282668161996857,-0.6466473695311148,0.00011864566067621262,-3.1472383623620885,0.0
18.55426798196524,0.012851211338784517,-0.5906740809356742,0.00011261037971519324,-2.9195546219222024,0.00034771542780348135,0.012690728290795634,-0.6249044532635687,0.00011257123695937555,-3.12318631858426,0.0,0.012690728290795634,-0.6249044532635687,0.00011257123695937555,-3.12318631858426,0.0
18.867881723438558,0.012726623412395551,-0.5718223849617262,0.00010725644277161452,-2.892196595389464,0.0037854055064568005,0.012560749826775398,-0.6035694756839257,0.00010685196475585199,-3.0978701565092024,0.0,0.012560749826775398,-0.6035694756839257,0.00010685196475585199,-3.0978701565092024,0.0
19.186796325012445,0.012607188035861841,-0.5533328400752492,0.00010220495995762328,-2.8635736298140273,0.007268637940559133,0.012436506611783955,-0.582642436792188,0.00010146742994658252,-3.0711851356617217,0.0,0.012436506611783955,-0.582642436792188,0.00010146742994658252,-3.0711851356617217,0.0
19.511101384539568,0.01249270660801601,-0.5352054462762436,9.743918666475065e-05,-2.8336121584965213,0.01079577571680394,0.01231777010271984,-0.5621233365883551,9.639849018527192e-05,-3.043024734993935,0.0,0.01231777010271984,-0.5621233365883551,9.639849018527192e-05,-3.043024734993935,0.0
19.840888014301427,0.012382989023291043,-0.517440203564708,9.294337349632788e-05,-2.8022399770870834,0.014364576652541098,0.012204322171168527,-0.542012175072426,9.162718773465663e-05,-3.013281306075555,0.0,0.012204322171168527,-0.542012175072426,9.162718773465663e-05,-3.013281306075555,0.0
20.176248866605928,0.012277853188238064,-0.5000371119406437,8.870270130189085e-05,-2.7693824394260673,0.01797214180163957,0.012095954484683123,-0.5223089522444019,8.713666873525829e-05,-2.981846853616844,0.0,0.012095954484683123,-0.5223089522444019,8.713666873525829e-05,-2.981846853616844,0.0
20.51727815981779,0.01217712456561834,-0.48299617140404955,8.470323325751776e-05,-2.734985819025951,0.02161501559766001,0.01199246792499914,-0.5030136681042817,8.29111083571585e-05,-2.9486140414400097,0.0,0.01199246792499914,-0.5030136681042817,8.29111083571585e-05,-2.9486140414400097,0.0
20.86407170482876,0.012080635744309953,-0.46631738195492584,8.093179457143953e-05,-2.6989774605042385,0.025288366357690308,0.011893672040699866,-0.48412632265206584,7.893564115912831e-05,-2.913476878678921,0.0,0.011893672040699866,-0.48412632265206584,7.893564115912831e-05,-2.913476878678921,0.0
21.21672693197535,0.011988226033393582,-0.45000074359327363,7.737604827574753e-05,-2.661289301100908,0.028987472496041902,0.01179938453203219,-0.4656469158877551,7.519629766536849e-05,-2.8763322238293654,0.0,0.01179938453203219,-0.4656469158877551,7.519629766536849e-05,-2.8763322238293654,0.0
21.575342918411575,0.011899741078897597,-0.4340462563190916,7.402431824834195e-05,-2.6218814058196926,0.03270614725041677,0.011709430765742134,-0.4475754478113484,7.167994346255411e-05,-2.8370814923787293,0.0,0.011709430765742134,-0.4475754478113484,7.167994346255411e-05,-2.8370814923787293,0.0
21.940020415944208,0.011815032501789767,-0.41845392013238025,7.08656079081417e-05,-2.5807023443145454,0.03643747625394296,0.011623643317956107,-0.42991191842284604,6.837422375373327e-05,-2.795631228468096,0.0,0.011623643317956107,-0.42991191842284604,6.837422375373327e-05,-2.795631228468096,0.0
22.31086187933867,0.011733957555902052,-0.40322373503313974,6.788954509791525e-05,-2.5377128240173192,0.04017361803767697,0.011541861543278178,-0.41265632772224803,6.526751296191418e-05,-2.7518950369521917,0.0,0.011541861543278178,-0.41265632772224803,6.526751296191418e-05,-2.7518950369521917,0.0
22.687971495103348,0.011656378804567304,-0.38835570102136996,6.508634266163574e-05,-2.492882218352804,0.04390579858803741,0.011463931168407488,-0.3958086757095548,6.234886591268102e-05,-2.7057956066608995,0.0,0.011463931168407488,-0.3958086757095548,6.234886591268102e-05,-2.7057956066608995,0.0
23.071455210760327,0.01158216381483238,-0.37384981809707085,6.244676177598586e-05,-2.4461897418049716,0.04762430132932837,0.011389703908704479,-0.37936896238476586,5.9607973676008933e-05,-2.657266145042513,0.0,0.011389703908704479,-0.37936896238476586,5.9607973676008933e-05,-2.657266145042513,0.0
23.461420764610974,0.011511184868191627,-0.3597060862602428,5.9962077483184493e-05,-2.3976254778603447,0.05131847265013152,0.011319037106248191,-0.3633371877478818,5.7035122128153915e-05,-2.6062523934488695,0.0,0.011319037106248191,-0.3633371877478818,5.7035122128153915e-05,-2.6062523934488695,0.0
23.85797771600465,0.011443318686859098,-0.34592450551088505,5.762404690128916e-05,-2.347191284807707,0.05497674928791909,0.011251793388034207,-0.3477133517989017,5.462115344265534e-05,-2.5527144620234594,0.0,0.011251793388034207,-0.3477133517989017,5.462115344265534e-05,-2.5527144620234594,0.0
24.26123747611891,0.011378446174666329,-0.33250507584899847,5.5424879448818806e-05,-2.2949019482061317,0.058586700595846315,0.011187840343060982,-0.33249745453782653,5.235743035277302e-05,-2.4966288289260206,0.0,0.011187840343060982,-0.33249745453782653,5.235743035277302e-05,-2.4966288289260206,0.0
24.671313339260152,0.011316452171736805,-0.31944779727458217,5.335720879265298e-05,-2.2407862421341065,0.06213509113166699,0.011127050217143568,-0.31768949596465523,5.023580261885781e-05,-2.437990116097353,0.0,0.011127050217143568,-0.31768949596465523,5.023580261885781e-05,-2.437990116097353,0.0
25.088320514693134,0.011257225222147916,-0.30675266978763627,5.141406660808201e-05,-2.1848867323890886,0.0656079546434201,0.01106929962437885,-0.30328947607938844,4.8248576208579903e-05,-2.3768129061801346,0.0,0.01106929962437885,-0.30328947607938844,4.8248576208579903e-05,-2.3768129061801346,0.0
25.51237615900862,0.011200657353847062,-0.2944196933881616,4.958885976648359e-05,-2.127261314305997,0.06899073603290588,0.011014469274265384,-0.2892973948820264,4.638848410465283e-05,-2.3131331699801194,0.0,0.011014469274265384,-0.2892973948820264,4.638848410465283e-05,-2.3131331699801194,0.0
25.94359940903812,0.011146643870139642,-0.28244886807615743,4.78753457198278e-05,-2.0679844244636456,0.07226837013857937,0.010962443713553817,-0.27571325237256855,4.464865984402805e-05,-2.247009930716274,0.0,0.010962443713553817,-0.27571325237256855,4.464865984402805e-05,-2.247009930716274,0.0
26.38211141532486,0.011095083152116174,-0.270840193851624,4.6267611534365806e-05,-2.0071452956588587,0.0754254492863271,0.010913111081972461,-0.26253704855101523,4.3022611716200205e-05,-2.1785264290181203,0.0,0.010913111081972461,-0.26253704855101523,4.3022611716200205e-05,-2.1785264290181203,0.0
26.828035376160603,0.011045876471429922,-0.2595936707145615,4.47600554996084e-05,-1.9448486643782985,0.07844641634174306,0.010866362881035676,-0.24976878341736652,4.150419976491871e-05,-2.1077906650091336,0.0,0.010866362881035676,-0.24976878341736652,4.150419976491871e-05,-2.1077906650091336,0.0
27.281496572197778,0.010998927812878872,-0.24870929866496916,4.334736752731615e-05,-1.8812153624813277,0.08131573703844654,0.010822093755201927,-0.23740845697162188,4.0087613675204394e-05,-2.0349359256105686,0.0,0.010822093755201927,-0.23740845697162188,4.0087613675204394e-05,-2.0349359256105686,0.0
27.742622401646546,0.01095414370628535,-0.23818707770284783,4.2024511922608114e-05,-1.8163812075781038,0.08401810077076595,0.010780201284703302,-0.2254560692137818,3.8767352586389064e-05,-1.960120705472491,0.0,0.010780201284703302,-0.2254560692137818,3.8767352586389064e-05,-1.960120705472491,0.0
28.211542416066862,0.01091143306720326,-0.22802700782819746,4.078671112978995e-05,-1.7504961761366644,0.08653863935855265,0.010740585789419591,-0.21391162014384654,3.753820586985174e-05,-1.88352828642968,0.0,0.010740585789419591,-0.21391162014384654,3.753820586985174e-05,-1.88352828642968,0.0
28.68838835676556,0.010870707046016843,-0.21822908904101757,3.9629430717673214e-05,-1.6837234112517763,0.0888631508264534,0.010703150143217892,-0.20277510976181556,3.639523542292183e-05,-1.805365606621308,0.0,0.010703150143217892,-0.20277510976181556,3.639523542292183e-05,-1.805365606621308,0.0
29.173294191808456,0.010831878885027535,-0.20879332134130849,3.854836506141788e-05,-1.6162380782752734,0.09097831977119962,0.010667799598222897,-0.19204653806768907,3.5333759033362146e-05,-1.7258617771103673,0.0,0.010667799598222897,-0.19204653806768907,3.5333759033362146e-05,-1.7258617771103673,0.0
29.6663961536583,0.010794863783155112,-0.19971970472906997,3.753942399666107e-05,-1.5482257179069734,0.09287193332136598,0.010634441618525265,-0.18172590506146688,3.434933485991754e-05,-1.6452659857589538,0.0,0.010634441618525265,-0.18172590506146688,3.434933485991754e-05,-1.6452659857589538,0.0
30.167832777448673,0.010759578767907469,-0.191008239204302,3.6598720410658046e-05,-1.47988050704015,0.09453308723221317,0.010602985722873668,-0.1718132107431487,3.343774696040172e-05,-1.5638450464342668,0.0,0.010602985722873668,-0.1718132107431487,3.343774696040172e-05,-1.5638450464342668,0.0
30.67774493990493,0.010725942574299551,-0.18265892476700504,3.572255851214155e-05,-1.4114033844517166,0.09595237535883731,0.010573343335932982,-0.16230845511273562,3.259499163952745e-05,-1.4818803416622472,0.0,0.010573343335932982,-0.16230845511273562,3.259499163952745e-05,-1.4818803416622472,0.0
31.19627589892305,0.01069387553042637,-0.17467176141717872,3.4907422869823396e-05,-1.34299980486702,0.09712204923230953,0.010545427647724242,-0.1532116381702269,3.1817264901611636e-05,-1.3996645436421886,0.0,0.010545427647724242,-0.1532116381702269,3.1817264901611636e-05,-1.3996645436421886,0.0
31.723571333817304,0.010663299449418314,-0.16704674915482315,3.4149968302798e-05,-1.274877767954763,0.09803616382550849,0.010519153480894284,-0.14452275991562255,3.1100950431196226e-05,-1.3174975645836184,0.0,0.010519153480894284,-0.14452275991562255,3.1100950431196226e-05,-1.3174975645836184,0.0
32.2597793862484,0.010634137527528007,-0.15978388797993798,3.344700999744335e-05,-1.2072454979094118,0.09869065246984979,0.010494437165492176,-0.13624182034892246,3.044260904764656e-05,-1.23568354103935,0.0,0.010494437165492176,-0.13624182034892246,3.044260904764656e-05,-1.23568354103935,0.0
32.80505070184322,0.010606314248117988,-0.15288317789252368,3.279551473902703e-05,-1.1403090871916675,0.09908343678219678,0.010471196420957044,-0.12836881947012688,2.983896730810807e-05,-1.1545264320142223,0.0,0.010471196420957044,-0.12836881947012688,2.983896730810807e-05,-1.1545264320142223,0.0
33.359538472518246,0.010579755291337378,-0.14634461889258016,3.2192592329250305e-05,-1.074270455023452,0.09921441440644545,0.01044935024504791,-0.12090375727923577,2.9286908820817895e-05,-1.0743255283789495,0.0,0.01044935024504791,-0.12090375727923577,2.9286908820817895e-05,-1.0743255283789495,0.0
33.92339847951816,0.010554387449293231,-0.1401682109801074,3.1635487724762884e-05,-1.009325148229152,0.09908546590864768,0.010428818809469829,-0.11384663377624926,2.8783464713191213e-05,-0.9953725109838842,0.0,0.010428818809469829,-0.11384663377624926,2.8783464713191213e-05,-0.9953725109838842,0.0
34.4967891371821,0.010530138546537735,-0.1343539541551053,3.1121573589767455e-05,-0.9456604737893599,0.09870040192263183,0.010409523361973365,-0.10719744896116712,2.8325805228893482e-05,-0.9179474163813097,0.0,0.010409523361973365,-0.10719744896116712,2.8325805228893482e-05,-0.9179474163813097,0.0
35.07987153744942,0.010506937365708744,-0.12890184841757393,3.0648343289762416e-05,-0.8834535261422047,0.09806487733835076,0.010391386134724621,-0.10095620283398943,2.7911231769886243e-05,-0.8423153809040969,0.0,0.010391386134724621,-0.10095620283398943,2.7911231769886243e-05,-0.8423153809040969,0.0
35.672809495118045,0.010484713578173975,-0.12381189376751323,3.021340454000437e-05,-0.8228702149400533,0.097186279197261,0.010374330258763432,-0.0951228953947163,2.7537169496969585e-05,-0.7687237004255394,0.0,0.010374330258763432,-0.0951228953947163,2.7537169496969585e-05,-0.7687237004255394,0.0
36.27576959386746,0.010463397679543126,-0.119084090204923,2.9814472636019616e-05,-0.7640628978343784,0.09607355793011926,0.010358279684383862,-0.08969752664334724,2.7201160378617995e-05,-0.6973993814946198,0.0,0.010358279684383862,-0.08969752664334724,2.7201160378617995e-05,-0.6973993814946198,0.0
36.888921233059826,0.010442920929923672,-0.11471843772980381,2.94493659394564e-05,-0.7071698365205066,0.09473710361066849,0.010343159107289293,-0.08468009657988301,2.6900856691827036e-05,-0.6285471650411978,0.0,0.010343159107289293,-0.08468009657988301,2.6900856691827036e-05,-0.6285471650411978,0.0
37.51243667533216,0.010423215298807359,-0.11071493634215523,2.911599931214676e-05,-0.6523151600693495,0.09318851809586311,0.010328893900388476,-0.08007060520432308,2.6634014929887455e-05,-0.5623480287879374,0.0,0.010328893900388476,-0.08007060520432308,2.6634014929887455e-05,-0.5623480287879374,0.0
38.14649109499272,0.010404213414484817,-0.10707358604197734,2.881237952046473e-05,-0.5996070606539092,0.09144043353436165,0.010315410051113999,-0.07586905251666759,2.63984901376275e-05,-0.4989582465454987,0.0,0.010315410051113999,-0.07586905251666759,2.63984901376275e-05,-0.4989582465454987,0.0
38.79126262723573,0.010385848517894791,-0.10379438682927009,2.853660059606841e-05,-0.5491381317404489,0.089506314604577,0.010302634104156634,-0.07207543851691645,2.619223056676401e-05,-0.4385089009509784,0.0,0.010302634104156634,-0.07207543851691645,2.619223056676401e-05,-0.4385089009509784,0.0
39.44693241818767,0.010368054420823183,-0.10087733870403362,2.8286839227360938e-05,-0.5009853726559186,0.08740024729383032,0.010290493109522165,-0.06868976320506998,2.6013272755599668e-05,-0.38110596801243446,0.0,0.010290493109522165,-0.06868976320506998,2.6013272755599668e-05,-0.38110596801243446,0.0
40.113684675799654,0.010350765468374627,-0.09832244166626777,2.8061350663225936e-05,-0.455210246676927,0.0851367467142261,0.010278914575826269,-0.06571202658112768,2.5859736801094594e-05,-0.3268307118713665,0.0,0.010278914575826269,-0.06571202658112768,2.5859736801094594e-05,-0.3268307118713665,0.0
40.791706721599894,0.010333916505646572,-0.09612969571597271,2.7858464782477692e-05,-0.41185907333255045,0.08273056262212951,0.010267826428754404,-0.06314222864509,2.5729822122145298e-05,-0.27574056209624587,0.0,0.010267826428754404,-0.06314222864509,2.5729822122145298e-05,-0.27574056209624587,0.0
41.48118904332112,0.010317442848541575,-0.09429910085314838,2.767658251358116e-05,-0.37096371274788,0.08019651069097274,0.010257156974621066,-0.06098036939695678,2.5621803291955825e-05,-0.227870324315802,0.0,0.010257156974621066,-0.06098036939695678,2.5621803291955825e-05,-0.227870324315802,0.0
42.182325348417194,0.010301280258659444,-0.09283065707779473,2.751417228853178e-05,-0.33254229145609315,0.07754930402915491,0.010246834868970846,-0.059226448836727896,2.553402631847214e-05,-0.18323341479390365,0.0,0.010246834868970846,-0.059226448836727896,2.553402631847214e-05,-0.18323341479390365,0.0
42.895312618484674,0.010285364922214903,-0.0917243643899118,2.736976692220849e-05,-0.29660002982689093,0.07480341042070959,0.0102367890901702,-0.057880466964403576,2.5464905169490633e-05,-0.14182379737781048,0.0,0.0102367890901702,-0.057880466964403576,2.5464905169490633e-05,-0.14182379737781048,0.0
43.6203511646039,0.010269633432931165,-0.09098022278949947,2.7241960520891376e-05,-0.26312993410726904,0.0719729318268036,0.010226948917944489,-0.05694242377998371,2.541291828560164e-05,-0.10361759157302686,0.0,0.010226948917944489,-0.05694242377998371,2.541291828560164e-05,-0.10361759157302686,0.0
44.357644683615696,0.010254022778862467,-0.09059823227655794,2.7129405996752636e-05,-0.2321144249121403,0.06907150236497553,0.010217243916819269,-0.05641231928346824,2.537660571508789e-05,-0.06857484745631837,0.0,0.010217243916819269,-0.05641231928346824,2.537660571508789e-05,-0.06857484745631837,0.0
45.10740031534929,0.010238470333101518,-0.0905783928510871,2.7030811797014102e-05,-0.20352612250127322,0.06611218058772436,0.010207603924428687,-0.05629015347485716,2.5354566141541133e-05,-0.03664168562448822,0.0,0.010207603924428687,-0.05629015347485716,2.5354566141541133e-05,-0.03664168562448822,0.0
45.86982870081732,0.010222913848329834,-0.09092070451308687,2.6944940024712067e-05,-0.17732844580433493,0.06310740311186223,0.010197959044656686,-0.05657592635415054,2.5345454227710677e-05,-0.00775203602165675,0.0,0.010197959044656686,-0.05657592635415054,2.5345454227710677e-05,-0.00775203602165675,0.0
46.645144041394815,0.010207291455169843,-0.0916251672625574,2.6870603938245065e-05,-0.15347734425910176,0.060068923974713216,0.010188239645577834,-0.05726963792134854,2.5347978164942446e-05,0.018170463409660442,0.0,0.010188239645577834,-0.05726963792134854,2.5347978164942446e-05,0.018170463409660442,0.0
47.43356415899809,0.010191541664298486,-0.09269178109949877,2.680666578609571e-05,-0.1319221499319383,0.05700777954537938,0.010178376362166345,-0.05837128817645082,2.5360897341385033e-05,0.04121068254363536,0.0,0.010178376362166345,-0.05837128817645082,2.5360897341385033e-05,0.04121068254363536,0.0
48.235310557281075,0.010175603372282047,-0.09412054602391082,2.6752034787570432e-05,-0.11260655735281944,0.0539342658051444,0.010168300103741156,-0.05988087711945761,2.538302022767372e-05,0.06146031999736579,0.0,0.010168300103741156,-0.05988087711945761,2.538302022767372e-05,0.06146031999736579,0.0
49.05060848386592,0.010159415871091166,-0.09591146203579343,2.670566527991529e-05,-0.09546947585249654,0.05085793185013928,0.01015794206611426,-0.06179840475036863,2.5413202365896717e-05,0.0790163291923136,0.0,0.01015794206611426,-0.06179840475036863,2.5413202365896717e-05,0.0790163291923136,0.0
49.8796869936255,0.01014291886125351,-0.09806452913514674,2.6666555065431662e-05,-0.08044702466190756,0.04778758561000348,0.010147233748407345,-0.06412387106918432,2.5450344546606613e-05,0.09397950521218945,0.0,0.010147233748407345,-0.06412387106918432,2.5450344546606613e-05,0.09397950521218945,0.0
50.72277901303547,0.010126052468600297,-0.10057974732197084,2.6633742836988116e-05,-0.06746934403031446,0.04473126916403178,0.010136106974499499,-0.06685727607590441,2.5493391097884704e-05,0.1064531765775314,0.0,0.010136106974499499,-0.06685727607590441,2.5493391097884704e-05,0.1064531765775314,0.0
51.58012140561406,0.010108757264559407,-0.10345711659626561,2.6606310361460316e-05,-0.05646834063333017,0.04169642350736932,0.010124493919064613,-0.06999861977052912,2.5541328318933308e-05,0.11654203460403778,0.0,0.010124493919064613,-0.06999861977052912,2.5541328318933308e-05,0.11654203460403778,0.0
52.451955038468014,0.010090974289945681,-0.10669663695803128,2.658337390384348e-05,-0.04737379442502743,0.038689634460433386,0.01011232713815279,-0.07354790215305795,2.5593183008563196e-05,0.12435112636126178,0.0,0.01011232713815279,-0.07354790215305795,2.5593183008563196e-05,0.12435112636126178,0.0
53.338524849963285,0.010072645082194595,-0.11029830840726731,2.656409072094214e-05,-0.04011191000734016,0.03571696898159933,0.010099539604264988,-0.07750512322349135,2.564802114525757e-05,0.12998495554802503,0.0,0.010099539604264988,-0.07750512322349135,2.564802114525757e-05,0.12998495554802503,0.0
54.24007991853963,0.010053711705981764,-0.11426213094397433,2.6547652542792796e-05,-0.034612097746048676,0.03278380342411616,0.010086064745863361,-0.08187028298182919,2.570494662559199e-05,0.13354671009119556,0.0,0.010086064745863361,-0.08187028298182919,2.570494662559199e-05,0.13354671009119556,0.0
55.15687353268806,0.010034116787165419,-0.11858810456815194,2.6533286696543972e-05,-0.03080179873859379,0.02989494868301135,0.010071836491253296,-0.08664338142807182,2.5763100139945033e-05,0.1351377635480162,0.0,0.010071836491253296,-0.08664338142807182,2.5763100139945033e-05,0.1351377635480162,0.0
56.089163262111526,0.010013803549984253,-0.12327622927980014,2.6520254816827527e-05,-0.02860991992986328,0.02705467573172293,0.010056789316764824,-0.09182441856221824,2.5821658226650132e-05,0.1348568077227128,0.0,0.010056789316764824,-0.09182441856221824,2.5821658226650132e-05,0.1348568077227128,0.0
57.037211030087946,0.00999271585743673,-0.12832650507891924,2.650785144959548e-05,-0.027967135945800692,0.02426674994810223,0.01004085829915309,-0.09741339438426966,2.5879832036858158e-05,0.13279968855562174,0.0,0.01004085829915309,-0.09741339438426966,2.5879832036858158e-05,0.13279968855562174,0.0
58.00128318705668,0.009970798254761852,-0.133738931965509,2.6495402972135793e-05,-0.02880494840474057,0.021534450972480024,0.010023979172127492,-0.10341030889422531,2.5936866785953922e-05,0.12905915273324808,0.0,0.010023979172127492,-0.10341030889422531,2.5936866785953922e-05,0.12905915273324808,0.0
58.98165058544859,0.009947996015934362,-0.13951350993956918,2.6482267447802953e-05,-0.031056045841694413,0.01886064677326357,0.010006088386909404,-0.1098151620920852,2.5992040748332383e-05,0.12372427929892638,0.0,0.010006088386909404,-0.1098151620920852,2.5992040748332383e-05,0.12372427929892638,0.0
59.97858865578117,0.009924255193080373,-0.14565023900110058,2.6467833582481588e-05,-0.034656847925532475,0.016247819044158132,0.00998712317670795,-0.11662795397784997,2.6044664585234897e-05,0.11688058047843697,0.0,0.00998712317670795,-0.11662795397784997,2.6044664585234897e-05,0.11688058047843697,0.0
60.99237748403955,0.009899522668711474,-0.15214911915010226,2.6451518625645902e-05,-0.039543391423990215,0.013698045440982274,0.009967021624990881,-0.12384868455151876,2.6094080722172918e-05,0.10860965503019315,0.0,0.009967021624990881,-0.12384868455151876,2.6094080722172918e-05,0.10860965503019315,0.0
62.02330189036563,0.009873746210667356,-0.15901015038657507,2.643277123395402e-05,-0.045654833772630354,0.011213175631640442,0.009945722737416602,-0.13147735381309233,2.6139662606198887e-05,0.09898923796453118,0.0,0.009945722737416602,-0.13147735381309233,2.6139662606198887e-05,0.09898923796453118,0.0
63.07165150907726,0.009846874529648624,-0.1662333327105181,2.6411066477099465e-05,-0.05293472386011899,0.00879469115999543,0.009923166517280053,-0.13951396176257014,2.6180814301004935e-05,0.08809320779437257,0.0,0.009923166517280053,-0.13951396176257014,2.6180814301004935e-05,0.08809320779437257,0.0
64.13772087003986,0.009818857339212577,-0.17381866612193192,2.6385907748281174e-05,-0.06132579570186181,0.006443836731131503,0.009899294044312383,-0.14795850839995228,2.6216969874822823e-05,0.07599151177879548,0.0,0.009899294044312383,-0.14795850839995228,2.6216969874822823e-05,0.07599151177879548,0.0
65.22180948141357,0.00978964541809571,-0.18176615062081686,2.6356826523765316e-05,-0.07077455078825778,0.004161658255359298,0.009874047556660277,-0.15681099372523943,2.6247593011625175e-05,0.06275025850140992,0.0,0.009874047556660277,-0.15681099372523943,2.6247593011625175e-05,0.06275025850140992,0.0
66.32422191379878,0.009759190674717323,-0.19007578620717208,2.632338031764715e-05,-0.0812304513110007,0.0019489741965715193,0.009847370535857387,-0.16607141773843037,2.6272176523515045e-05,0.04843185085564983,0.0,0.009847370535857387,-0.16607141773843037,2.6272176523515045e-05,0.04843185085564983,0.0
67.4452678858043,0.00972744621370904,-0.19874757288099842,2.6285153236014206e-05,-0.09264444630139224,-0.0001935643942377416,0.009819207794585205,-0.17573978043952665,2.6290242090798875e-05,0.033094894600480984,0.0,0.009819207794585205,-0.17573978043952665,2.6290242090798875e-05,0.033094894600480984,0.0
68.58526235106139,0.009694366404305535,-0.20778151064229505,2.6241755289306746e-05,-0.10497033186106819,-0.002265450708118434,0.009789505567006435,-0.18581608182852627,2.630133967790452e-05,0.016794449653900756,0.0,0.009789505567006435,-0.18581608182852627,2.630133967790452e-05,0.016794449653900756,0.0
69.74452558670897,0.009659906950421534,-0.21717759949106274,2.61928217754853e-05,-0.11816469218291559,-0.004266317363942027,0.009758211601439077,-0.19630032190543112,2.6305047456207034e-05,-0.0004177311041644316,0.0,0.009758211601439077,-0.19630032190543112,2.6305047456207034e-05,-0.0004177311041644316,0.0
70.92338328337418,0.009624024962230486,-0.22693583942730078,2.613801266134205e-05,-0.13218356286023436,-0.006195919869179364,0.00972527525512389,-0.20719250067023987,2.6300971372447314e-05,-0.018493320283141657,0.0,0.00972527525512389,-0.20719250067023987,2.6300971372447314e-05,-0.018493320283141657,0.0
72.12216663667404,0.0095866790290505,-0.23705623045100938,2.607701488491355e-05,-0.14698892821627396,-0.008054017391681411,0.009690647590823347,-0.21849261812295317,2.6288744893491205e-05,-0.03738711537312156,0.0,0.009690647590823347,-0.21849261812295317,2.6288744893491205e-05,-0.03738711537312156,0.0
73.34121244026352,0.00954782929333268,-0.24753877256218926,2.6009536025024447e-05,-0.16254457632334152,-0.00984058340011919,0.00965428147497472,-0.2302006742635716,2.626802875272234e-05,-0.057056939167864584,0.0,0.00965428147497472,-0.2302006742635716,2.626802875272234e-05,-0.057056939167864584,0.0
74.58086318045642,0.00950743752553784,-0.25838346576083954,2.5935310205598467e-05,-0.1788130114284172,-0.011555552184346464,0.009616131677105212,-0.24231666909209348,2.62385106850592e-05,-0.07746348223128052,0.0,0.009616131677105212,-0.24231666909209348,2.62385106850592e-05,-0.07746348223128052,0.0
75.84146713244564,0.0094654671996774,-0.2695903100469608,2.5854094429304305e-05,-0.19576145648562715,-0.013198932364294036,0.009576154970201785,-0.2548406026085204,2.619990520607014e-05,-0.09857015621065557,0.0,0.009576154970201785,-0.2548406026085204,2.619990520607014e-05,-0.09857015621065557,0.0
77.12337845814979,0.009421883569284906,-0.2811593054205523,2.5765669170407184e-05,-0.21335830683585755,-0.014770758710884744,0.009534310231714874,-0.2677724748128516,2.615195336335562e-05,-0.12034295471102041,0.0,0.009534310231714874,-0.2677724748128516,2.615195336335562e-05,-0.12034295471102041,0.0
78.42695730571374,0.009376653743575714,-0.29309045188161437,2.5669837758575864e-05,-0.23157366738450946,-0.0162710924557141,0.009490558544859725,-0.2811122857050872,2.6094422519976876e-05,-0.14275033021596073,0.0,0.009490558544859725,-0.2811122857050872,2.6094422519976876e-05,-0.14275033021596073,0.0
79.75256991069064,0.009329746763542942,-0.30538374943014784,2.5566426432064714e-05,-0.2503792528337385,-0.01769999547734786,0.009444863299866864,-0.29486003528522753,2.602710609218484e-05,-0.1657630195151114,0.0,0.009444863299866864,-0.29486003528522753,2.602710609218484e-05,-0.1657630195151114,0.0
81.10058869893467,0.009281133677730048,-0.3180391980661516,2.5455283737868097e-05,-0.2697485819311396,-0.019057533316292938,0.009397190294819346,-0.3090157235532718,2.5949823361124646e-05,-0.18935390463775548,0.0,0.009397190294819346,-0.3090157235532718,2.5949823361124646e-05,-0.18935390463775548,0.0
82.47139239123251,0.009230787617411692,-0.3310567977896265,2.5336280341178734e-05,-0.2896563514708532,-0.02034376058066127,0.009347507835702892,-0.3235793505092215,2.586241920553279e-05,-0.2134979820689864,0.0,0.009347507835702892,-0.3235793505092215,2.586241920553279e-05,-0.2134979820689864,0.0
83.86536610970357,0.0091786838709077,-0.3444365486005714,2.520930888263122e-05,-0.3100789453521884,-0.021558704524035473,0.009295786835282961,-0.33855091615307453,2.5764763812803e-05,-0.23817196475016544,0.0,0.009295786835282961,-0.33855091615307453,2.5764763812803e-05,-0.23817196475016544,0.0
85.28290148599855,0.009124799956747818,-0.3581784504989878,2.5074283270338952e-05,-0.33099371412646406,-0.022702380400306744,0.009242000910413068,-0.3539304204848326,2.5656752628344192e-05,-0.26335433648495155,0.0,0.009242000910413068,-0.3539304204848326,2.5656752628344192e-05,-0.26335433648495155,0.0
86.724396771327,0.009069115695398724,-0.37228250348487324,2.4931139059098613e-05,-0.3523788806099901,-0.023774749711564597,0.009186126477369048,-0.3697178635044941,2.5538305889683207e-05,-0.28902612087483703,0.0,0.009186126477369048,-0.3697178635044941,2.5538305889683207e-05,-0.28902612087483703,0.0
88.19025694834443,0.009011613279259801,-0.3867487075582311,2.477983272945679e-05,-0.3742146737881171,-0.024775707414275067,0.009128142844795408,-0.38591324521206116,2.540936779143919e-05,-0.3151687798301168,0.0,0.009128142844795408,-0.38591324521206116,2.540936779143919e-05,-0.3151687798301168,0.0
89.68089384493052,0.008952277340629122,-0.4015770627190598,2.462034102430143e-05,-0.39648171354730266,-0.025705146144340114,0.009068032303843827,-0.40251656560753335,2.5269907694646298e-05,-0.34176504093755966,0.0,0.009068032303843827,-0.40251656560753335,2.5269907694646298e-05,-0.34176504093755966,0.0
91.19672624989082,0.00889109501733771,-0.4167675689673582,2.4452661487963535e-05,-0.4191610469583793,-0.026562863406933222,0.00900578021507763,-0.41952782469090844,2.5119918450559036e-05,-0.368800311805785,0.0,0.00900578021507763,-0.41952782469090844,2.5119918450559036e-05,-0.368800311805785,0.0
92.73818003061366,0.008828056015747448,-0.43232022630312733,2.4276811667271422e-05,-0.44223470684949007,-0.027348580797214476,0.008941375091712526,-0.4369470224621881,2.4959416280057896e-05,-0.39626048091651,0.0,0.008941375091712526,-0.4369470224621881,2.4959416280057896e-05,-0.39626048091651,0.0
94.3056882527163,0.008763152670806133,-0.44823503472636805,2.4092829077172006e-05,-0.4656852357596222,-0.028061941400537145,0.00887480867876124,-0.4547741589213733,2.4788440851764915e-05,-0.42413255417227447,0.0,0.00887480867876124,-0.4547741589213733,2.4788440851764915e-05,-0.42413255417227447,0.0
95.89969130171278,0.008696380002852937,-0.4645119942370785,2.3900770695008444e-05,-0.4894956493658924,-0.02870249252855177,0.008806076027649509,-0.47300923406846196,2.460705449273586e-05,-0.45240486175481465,0.0,0.008806076027649509,-0.47300923406846196,2.460705449273586e-05,-0.45240486175481465,0.0
97.5206370067387,0.008627735770867565,-0.4811511048352607,2.3700712842921806e-05,-0.5136489319237398,-0.029269675105839995,0.00873517556587138,-0.4916522479034563,2.4415341969981133e-05,-0.4810666501275591,0.0,0.00873517556587138,-0.4916522479034563,2.4415341969981133e-05,-0.4810666501275591,0.0
99.16898076636704,0.008557220521858826,-0.4981523665209126,2.349275097331006e-05,-0.5381281377096911,-0.02976280318216269,0.008662109161255472,-0.5107032004263536,2.4213409927346703e-05,-0.510108201573928,0.0,0.008662109161255472,-0.5107032004263536,2.4213409927346703e-05,-0.510108201573928,0.0
100.84518567655073,0.008484837636090719,-0.5155157792940351,2.3276999342552075e-05,-0.5629159288832852,-0.030181052597218302,0.008586882180418389,-0.5301620916371557,2.4001386449387193e-05,-0.539520626390015,0.0,0.008586882180418389,-0.5301620916371557,2.4001386449387193e-05,-0.539520626390015,0.0
102.54972266072792,0.008410593367849052,-0.5332413431546286,2.3053591028155973e-05,-0.5879942532663449,-0.030523432052147265,0.008509503540989038,-0.550028921535862,2.3779420555728175e-05,-0.5692958623540108,0.0,0.008509503540989038,-0.550028921535862,2.3779420555728175e-05,-0.5692958623540108,0.0
104.28307060212568,0.008334496881456968,-0.5513290581026934,2.2822677707583407e-05,-0.6133440162981287,-0.030788761090187383,0.008429985757196452,-0.570303690122474,2.3547681652200807e-05,-0.599426631407141,0.0,0.008429985757196452,-0.570303690122474,2.3547681652200807e-05,-0.599426631407141,0.0
106.04571647830079,0.008256560282254782,-0.5697789241382293,2.258442976149346e-05,-0.6389443338823071,-0.030975631637914027,0.008348344978425406,-0.5909863973969904,2.330635895118641e-05,-0.629906343209143,0.0,0.008348344978425406,-0.5909863973969904,2.330635895118641e-05,-0.629906343209143,0.0
107.83815549795409,0.00817679864226857,-0.5885909412612346,2.2339036438025236e-05,-0.6647717756848692,-0.031082364471055942,0.008264601020357528,-0.61207704335941,2.3055660893023256e-05,-0.6607290650379127,0.0,0.008264601020357528,-0.61207704335941,2.3055660893023256e-05,-0.6607290650379127,0.0
109.6608912400576,0.00809523002030106,-0.6077651094717116,2.2086706300772644e-05,-0.6907990555277479,-0.031106946668611423,0.008178777388331851,-0.6335756280097352,2.279581448626443e-05,-0.6918895050670812,0.0,0.008178777388331851,-0.6335756280097352,2.279581448626443e-05,-0.6918895050670812,0.0
111.51443579533303,0.008011875476190944,-0.6273014287696586,2.182766809533353e-05,-0.716993053717772,-0.03104694542318302,0.008090901292576478,-0.6554821513479636,2.2527064641812397e-05,-0.7233829046745655,0.0,0.008090901292576478,-0.6554821513479636,2.2527064641812397e-05,-0.7233829046745655,0.0
113.3993099101217,0.007926759078998487,-0.647199899155076,2.1562172297688284e-05,-0.7433115237409993,-0.03089938383272636,0.008001003654984155,-0.6777966133740968,2.2249673499295867e-05,-0.7552050292090939,0.0,0.008001003654984155,-0.6777966133740968,2.2249673499295867e-05,-0.7552050292090939,0.0
115.31604313268663,0.007839907908890609,-0.6674605206279653,2.12904938893526e-05,-0.7696966964663261,-0.030660546682039068,0.007909119107126673,-0.7005190140881353,2.1963919673832704e-05,-0.787352110686868,0.0,0.007909119107126673,-0.7005190140881353,2.1963919673832704e-05,-0.787352110686868,0.0
117.26517396198652,0.007751352052514172,-0.6880832931883242,2.1012937779853427e-05,-0.7960619582503341,-0.030325648207933133,0.007815285979228532,-0.7236493534900772,2.1670097534310527e-05,-0.8198208596421068,0.0,0.007815285979228532,-0.7236493534900772,2.1670097534310527e-05,-0.8198208596421068,0.0
119.2472499989654,0.007661124591663382,-0.709068216836155,2.0729849843769038e-05,-0.8222582023137761,-0.029888201013608784,0.0077195462798475955,-0.7471876315799251,2.136851635597913e-05,-0.8526084042977118,0.0,0.0077195462798475955,-0.7471876315799251,2.136851635597913e-05,-0.8526084042977118,0.0
121.26282810039888,0.007569261585066648,-0.7304152915714541,2.044164364235457e-05,-0.8478339142240543,-0.02933858502678879,0.007621945666039686,-0.7711338483576746,2.1059499560841952e-05,-0.8857121921764133,0.0,0.007621945666039686,-0.7711338483576746,2.1059499560841952e-05,-0.8857121921764133,0.0
123.31247453534132,0.007475800483324736,-0.7521826576891881,2.0148969856331307e-05,-0.8726704495267086,-0.028655595002849445,0.007522533403815891,-0.7954880038233307,2.074338386330687e-05,-0.9191301244022725,0.0,0.007522533403815891,-0.7954880038233307,2.074338386330687e-05,-0.9191301244022725,0.0
125.39676514421639,0.007380762154032827,-0.7745759864901581,1.985230403126508e-05,-0.8977155103323753,-0.027825655558984037,0.007421362318735165,-0.8202500979768906,2.042051834095645e-05,-0.9528603585098949,0.0,0.007421362318735165,-0.8202500979768906,2.042051834095645e-05,-0.9528603585098949,0.0
127.51628550059766,0.0072841581487304964,-0.7976133064593116,1.9551646198878583e-05,-0.9237047484141954,-0.02685831319745791,0.007318488736509911,-0.8454201308183559,2.0091263650537418e-05,-0.9869013142296694,0.0,0.007318488736509911,-0.8454201308183559,2.0091263650537418e-05,-0.9869013142296694,0.0
129.6716310757232,0.007186004459273714,-0.8212946175966476,1.9246999378588214e-05,-0.9506510396213912,-0.025763913860501562,0.007213972413540346,-0.8709981023477257,1.9755991029706412e-05,-1.0212517742813247,0.0,0.007213972413540346,-0.8709981023477257,1.9755991029706412e-05,-1.0212517742813247,0.0
131.86340740579095,0.00708632180442586,-0.8456199199021649,1.893839380538339e-05,-0.9785318413364053,-0.02455243780558472,0.007107876457331964,-0.8969840125649986,1.94150813835432e-05,-1.055910754354727,0.0,0.007107876457331964,-0.8969840125649986,1.94150813835432e-05,-1.055910754354727,0.0
134.09223026208184,0.006985135632403421,-0.8705892133758656,1.862588593472269e-05,-1.0073259366238858,-0.023233528100260595,0.007000267236791376,-0.9233778614701773,1.9068924323842426e-05,-1.0908775074624373,0.0,0.007000267236791376,-0.9233778614701773,1.9068924323842426e-05,-1.0908775074624373,0.0
136.35872582395828,0.006882476111467071,-0.8962024980177454,1.830955742993643e-05,-1.0370132082848045,-0.021816517779703518,0.006891214282437884,-0.9501796490632578,1.87179172034035e-05,-1.1261514798059125,0.0,0.006891214282437884,-0.9501796490632578,1.87179172034035e-05,-1.1261514798059125,0.0
138.66353085478744,0.006778378107988018,-0.9224597738278107,1.7989514239931826e-05,-1.0675747556380202,-0.020310449520727893,0.006780790176611129,-0.9773893753442457,1.8362464140942617e-05,-1.1617323384782026,0.0,0.006780790176611129,-0.9773893753442457,1.8362464140942617e-05,-1.1617323384782026,0.0
141.00729288083664,0.006672881151467262,-0.9493610408060585,1.76658854401922e-05,-1.0989926067439342,-0.0187241031435394,0.006669070433799661,-1.0050070403131377,1.8002975001001513e-05,-1.1976199489479313,0.0,0.006669070433799661,-1.0050070403131377,1.8002975001001513e-05,-1.1976199489479313,0.0
143.390670373194,0.006566029386036959,-0.976906298952487,1.7338822402291994e-05,-1.1312501538407673,-0.01706600423798071,0.006556133371260052,-1.0330326439699329,1.7639864402950146e-05,-1.2338143554143812,0.0,0.006556133371260052,-1.0330326439699329,1.7639864402950146e-05,-1.2338143554143812,0.0
145.81433293276316,0.0064578715080311965,-1.0050955482670978,1.7008497303355204e-05,-1.1643316749266432,-0.01534446457919786,0.006442059970141756,-1.0614661863146326,1.7273550690076055e-05,-1.2703157148542914,0.0,0.006442059970141756,-1.0614661863146326,1.7273550690076055e-05,-1.2703157148542914,0.0
148.2789614783856,0.006348460689275199,-1.033928788749891,1.6675102492736668e-05,-1.1982224287148142,-0.013567575300224122,0.006326933727378971,-1.090307667347236,1.690445495829255e-05,-1.3071243899307774,0.0,0.006326933727378971,-1.090307667347236,1.690445495829255e-05,-1.3071243899307774,0.0
150.78524843814142,0.006237854485807845,-1.063406020400868,1.6338848878907866e-05,-1.2329089521575725,-0.011743245753615046,0.00621084049865637,-1.1195570870677467,1.653299996048839e-05,-1.3442408883043413,0.0,0.00621084049865637,-1.1195570870677467,1.653299996048839e-05,-1.3442408883043413,0.0
153.33389794388498,0.006126114731823938,-1.0935272432200274,1.599996504173885e-05,-1.2683777324577932,-0.009879206966996026,0.006093868332801612,-1.1492144454761606,1.6159609165187503e-05,-1.381665709419849,0.0,0.006093868332801612,-1.1492144454761606,1.6159609165187503e-05,-1.381665709419849,0.0
155.9256260290679,0.006013307418696863,-1.1242924572073674,1.5658696279730092e-05,-1.3046189320892836,-0.007983010266597246,0.005976107298002482,-1.1792797425724781,1.5784705747769754e-05,-1.4193999171098426,0.0,0.005976107298002482,-1.1792797425724781,1.5784705747769754e-05,-1.4193999171098426,0.0
158.561160829906,0.005899502559020831,-1.1557016623628917,1.5315301673492967e-05,-1.3416205371653405,-0.006062134241489267,0.0058576493002912376,-1.2097529783567016,1.5408711350186155e-05,-1.4574440151200179,0.0,0.0058576493002912376,-1.2097529783567016,1.5408711350186155e-05,-1.4574440151200179,0.0
161.24124278994634,0.005784774035693997,-1.187754858686598,1.4970056153817101e-05,-1.3793714104713786,-0.004123825147021132,0.005738587894782276,-1.2406341528288296,1.5032045681810923e-05,-1.4957989094767186,0.0,0.005738587894782276,-1.2406341528288296,1.5032045681810923e-05,-1.4957989094767186,0.0
163.96662486809214,0.0056691994361478554,-1.220452046178485,1.4623245908692242e-05,-1.417864401982854,-0.0021752724005981547,0.005619018090190939,-1.27192326598886,1.4655124797190893e-05,-1.5344660297410542,0.0,0.005619018090190939,-1.27192326598886,1.4655124797190893e-05,-1.5344660297410542,0.0
166.73807275014352,0.005552859871916412,-1.2537932248385544,1.4275168765628538e-05,-1.4570907320576225,-0.00022354750548945988,0.005499036147202454,-1.3036203178367956,1.427836065753601e-05,-1.5734463044993845,0.0,0.005499036147202454,-1.3036203178367956,1.427836065753601e-05,-1.5734463044993845,0.0
169.55636506391465,0.005435839783826853,-1.2877783946668058,1.3926132506092524e-05,-1.4970432230677488,0.0017243739592203574,0.005378739371298342,-1.3357253083726348,1.3902159983440165e-05,-1.6127410304899286,0.0,0.005378739371298342,-1.3357253083726348,1.3902159983440165e-05,-1.6127410304899286,0.0
172.42229359798526,0.005318226733184503,-1.3224075556632398,1.3576453523500007e-05,-1.537715551510928,0.0036615955679401247,0.005258225900684009,-1.3682382375963784,1.3526923400728035e-05,-1.6523515365241224,0.0,0.005258225900684009,-1.3682382375963784,1.3526923400728035e-05,-1.6523515365241224,0.0
175.33666352415185,0.005200111179416314,-1.357680707827856,1.3226455504237692e-05,-1.579102273794092,0.00558129242472286,0.005137594489995614,-1.4011591055080268,1.315304451651562e-05,-1.6922793576258641,0.0,0.005137594489995614,-1.4011591055080268,1.315304451651562e-05,-1.6922793576258641,0.0
178.30029362363655,0.0050815862447282055,-1.3935978511606564,1.2876468059902036e-05,-1.6211989385910783,0.007476699989475385,0.005016944290495476,-1.4344879121075813,1.278090903743635e-05,-1.73252596578061,0.0,0.005016944290495476,-1.4344879121075813,1.278090903743635e-05,-1.73252596578061,0.0
181.31401651712127,0.004962747466423059,-1.430158985661637,1.252682535639849e-05,-1.6640020583937485,0.009341094169266597,0.00489637462749371,-1.4682246573950384,1.2410894026571497e-05,-1.773092938321554,0.0,0.00489637462749371,-1.4682246573950384,1.2410894026571497e-05,-1.773092938321554,0.0
184.37867889866928,0.004843692537615963,-1.4673641113308022,1.2177864772010013e-05,-1.7075090611894552,0.011167787278883963,0.004775984775758684,-1.5023693413704022,1.2043367011108426e-05,-1.8139820805126305,0.0,0.004775984775758684,-1.5023693413704022,1.2043367011108426e-05,-1.8139820805126305,0.0
187.49514177360047,0.0047245210371712944,-1.5052132281681496,1.1829925568770364e-05,-1.7517186770266449,0.012950114408487748,0.004655873733701285,-1.5369219640336704,1.167868525853166e-05,-1.855195199635034,0.0,0.004655873733701285,-1.5369219640336704,1.167868525853166e-05,-1.855195199635034,0.0
190.66428070038776,0.004605334149771614,-1.5437063361736776,1.1483347431043641e-05,-1.7966307715614676,0.014681409123579472,0.004536139997134996,-1.5718825253848412,1.1317195060233008e-05,-1.89673410616615,0.0,0.004536139997134996,-1.5718825253848412,1.1317195060233008e-05,-1.89673410616615,0.0
193.88698603664182,0.004486234377110782,-1.5828434353473897,1.1138469260641217e-05,-1.8422463952514931,0.016354995904123856,0.004416881333428899,-1.6072510254239172,1.095923108119591e-05,-1.9386008916309834,0.0,0.004416881333428899,-1.6072510254239172,1.095923108119591e-05,-1.9386008916309834,0.0
197.1641631892538,0.004367325241281191,-1.6226245256892842,1.0795627768001384e-05,-1.8885683427552067,0.017964174043153723,0.004298194556880335,-1.6430274641508988,1.0605115625163184e-05,-1.9807977159079542,0.0,0.004298194556880335,-1.6430274641508988,1.0605115625163184e-05,-1.9807977159079542,0.0
200.49673286876558,0.004248710981498993,-1.6630496071993566,1.0455156140568667e-05,-1.9356011652554344,0.01950218424682805,0.004180175306140054,-1.6792118415657806,1.025515815671603e-05,-2.023326753023639,0.0,0.004180175306140054,-1.6792118415657806,1.025515815671603e-05,-2.023326753023639,0.0
203.88563134804096,0.0041304962453781215,-1.7041186798776158,1.0117382753292914e-05,-1.9833513290578821,0.020962190622988073,0.004062917824524137,-1.7158041576685712,9.90965468282358e-06,-2.0661904084331013,0.0,0.004062917824524137,-1.7158041576685712,9.90965468282358e-06,-2.0661904084331013,0.0
207.33181072530638,0.004012785776026306,-1.745831743724053,9.782629914963637e-06,-2.0318281869616612,0.022337249678928566,0.003946514744044767,-1.7528044124592619,9.568887290408262e-06,-2.1093911682768294,0.0,0.003946514744044767,-1.7528044124592619,9.568887290408262e-06,-2.1093911682768294,0.0
210.83623919164106,0.0038956840962899373,-1.7881887987386769,9.451212416924915e-06,-2.0810441136110853,0.02362025436697652,0.0038310568739837202,-1.790212605937861,9.233123686839999e-06,-2.152931681197515,0.0,0.0038310568739837202,-1.790212605937861,9.233123686839999e-06,-2.152931681197515,0.0
214.3999013029851,0.0037792951915227666,-1.8311898449214805,9.123436444175133e-06,-2.131015660092771,0.024803901675981753,0.0037166329948217507,-1.828028738104363,8.902616812108648e-06,-2.1968147953338075,0.0,0.0037166329948217507,-1.828028738104363,8.902616812108648e-06,-2.1968147953338075,0.0
218.02379825674774,0.0036637221922913477,-1.874834882272469,8.799598017513583e-06,-2.181765219013414,0.025880598831080865,0.0036033296583197236,-1.8662528089587707,8.57760447710982e-06,-2.2410435381167417,0.0,0.0036033296583197236,-1.8662528089587707,8.57760447710982e-06,-2.2410435381167417,0.0
221.70894817308954,0.0035490670584613733,-1.9191239107916398,8.479981709714068e-06,-2.2333225742552827,0.02684237361951734,0.0034912309945273586,-1.9048848185010834,8.258309091611573e-06,-2.2856211102115935,0.0,0.0034912309945273586,-1.9048848185010834,8.258309091611573e-06,-2.2856211102115935,0.0
225.45638638095957,0.0034354302661294945,-1.964056930478991,8.164859065411611e-06,-2.285729140524893,0.02768072776328558,0.003380418526469645,-1.943924766731298,7.944937415710974e-06,-2.3305509856289177,0.0,0.003380418526469645,-1.943924766731298,7.944937415710974e-06,-2.3305509856289177,0.0
229.26716570896718,0.0033229104988771584,-2.0096339413345263,7.854486664989483e-06,-2.339044332512799,0.02838640576018012,0.0032709709932315033,-1.9833726536494196,7.63768037091415e-06,-2.3758368936996135,0.0,0.0032709709932315033,-1.9833726536494196,7.63768037091415e-06,-2.3758368936996135,0.0
233.14235678117012,0.003211604344824548,-2.055854943358244,7.549103630288082e-06,-2.3933586294665474,0.028949029525827584,0.0031629641821275985,-2.0232284792554456,7.3367129115880005e-06,-2.421482895235499,0.0,0.0031629641821275985,-2.0232284792554456,7.3367129115880005e-06,-2.421482895235499,0.0
237.08304831786234,0.0031016060009541498,-2.102719936550142,7.248927544366805e-06,-2.4488273454324485,0.02935642148044978,0.0030564707706058503,-2.0634922435493737,7.042193931176133e-06,-2.4674933281370954,0.0,0.0030564707706058503,-2.0634922435493737,7.042193931176133e-06,-2.4674933281370954,0.0
241.09034744144566,0.002993006986154597,-2.1502289209102217,6.95414577449128e-06,-2.5058253465022062,0.029593075862546392,0.0029515601784916344,-2.104163946531207,6.754266260644199e-06,-2.5138730052014466,0.0,0.0029515601784916344,-2.104163946531207,6.754266260644199e-06,-2.5138730052014466,0.0
245.1653799874726,0.0028858959333979677,-2.198363623725489,6.664880215694669e-06,-2.5649940123572605,0.029634156357998726,0.0028482984311340147,-2.1452435882009437,6.4730566430211964e-06,-2.5606271798865237,0.0,0.0028482984311340147,-2.1452435882009437,6.4730566430211964e-06,-2.5606271798865237,0.0
249.30929082094383,0.0027803677104281505,-2.2466712961077047,6.381179547107326e-06,-2.625524568901369,0.029442367667826822,0.002746748033966275,-2.1867311685585853,6.198675853572757e-06,-2.6077615581035616,0.0,0.002746748033966275,-2.1867311685585853,6.198675853572757e-06,-2.6077615581035616,0.0
253.52324415795573,0.00267653077315715,-2.294956499629185,6.1033500651729085e-06,-2.685969259744695,0.029021232205387167,0.002646967858940935,-2.228626687604131,5.9312187874804825e-06,-2.6552825464694365,0.0,0.002646967858940935,-2.228626687604131,5.9312187874804825e-06,-2.6552825464694365,0.0
257.80842389278075,0.0025744878354506044,-2.343219234289932,5.831723219829158e-06,-2.746068973795616,0.028383929323187094,0.0025490130432444156,-2.270930145337584,5.6707646371595915e-06,-2.7031972396231367,0.0,0.0025490130432444156,-2.270930145337584,5.6707646371595915e-06,-2.7031972396231367,0.0
262.16603393047893,0.0024743333518973004,-2.391459500089943,5.5665901809121915e-06,-2.80584976663431,0.027543417928373438,0.002452934900638864,-2.3136415417589413,5.4173770993881444e-06,-2.7515134196624444,0.0,0.002452934900638864,-2.3136415417589413,5.4173770993881444e-06,-2.7515134196624444,0.0
266.5972985251304,0.002376153537095512,-2.4396772970292147,5.308203275639574e-06,-2.8653374361552437,0.02651244256876093,0.0023587808457190794,-2.3567608768682002,5.171104660315897e-06,-2.8002399989822493,0.0,0.0023587808457190794,-2.3567608768682002,5.171104660315897e-06,-2.8002399989822493,0.0
271.1034626237848,0.002280026417180791,-2.4878726251077543,5.056777344265992e-06,-2.924558352624672,0.02530352734232401,0.0022665943313106987,-2.4002881506653666,4.931980832421009e-06,-2.8493869953260287,0.0,0.0022665943313106987,-2.4002881506653666,4.931980832421009e-06,-2.8493869953260287,0.0
275.68579221622457,0.002186021912051417,-2.536045484325555,4.812491240014381e-06,-2.983539653745879,0.023928957005508317,0.002176414799173134,-2.4442233631504346,4.700024554524335e-06,-2.8989655944715764,0.0,0.002176414799173134,-2.4442233631504346,4.700024554524335e-06,-2.8989655944715764,0.0
280.34557469063986,0.002094201946638109,-2.5841958746826212,4.575489366085974e-06,-3.0423097704029374,0.02240077060547027,0.002088277644106342,-2.4885665143234093,4.475240529578581e-06,-2.9489886536562153,0.0,0.002088277644106342,-2.4885665143234093,4.475240529578581e-06,-2.9489886536562153,0.0
285.0841191953151,0.0020046205894714733,-2.6323237961789476,4.3458832773008775e-06,-3.1008993957248094,0.02073074590889492,0.0020022141914963583,-2.533317604184284,4.2576196462379985e-06,-2.99947090793529,0.0,0.0020022141914963583,-2.533317604184284,4.2576196462379985e-06,-2.99947090793529,0.0
289.90275700643065,0.0019173242167213505,-2.6804292488145434,4.123753249972761e-06,-3.15933987379492,0.018930370817776928,0.0019182516882693,-2.578476632733068,4.047139400372475e-06,-3.050429236518937,0.0,0.0019182516882693,-2.578476632733068,4.047139400372475e-06,-3.050429236518937,0.0
294.8028419020778,0.0018323516998190255,-2.7285122325894027,3.909150261461931e-06,-3.217668530046865,0.017010895698390174,0.001836413307159383,-2.624043599969756,3.843764386395766e-06,-3.101883172409373,0.0,0.001836413307159383,-2.624043599969756,3.843764386395766e-06,-3.101883172409373,0.0
299.78575054259846,0.0017497346147239733,-2.7765727475035207,3.7020969811291743e-06,-3.275927444619583,0.014983143905107077,0.0017567181641321896,-2.670018505894344,3.647446761416652e-06,-3.1538555499323593,0.0,0.0017567181641321896,-2.670018505894344,3.647446761416652e-06,-3.1538555499323593,0.0
304.8528828573541,0.0016694974708629504,-2.8246107935569085,3.5025900884154826e-06,-3.334162911118028,0.012857632017588307,0.001679181348741985,-2.7164013505068416,3.4581267669755387e-06,-3.206373057325493,0.0,0.001679181348741985,-2.7164013505068416,3.4581267669755387e-06,-3.206373057325493,0.0
310.00566243802797,0.001591657957748955,-2.8726263707495576,3.3106015365258937e-06,-3.3924328748467474,0.010644421919364369,0.0016038139671403903,-2.7631921338072414,3.2757332497205773e-06,-3.259467208938247,0.0,0.0016038139671403903,-2.7631921338072414,3.2757332497205773e-06,-3.259467208938247,0.0
315.24553693857973,0.001516227207280892,-2.9206194790814735,3.1260801138986916e-06,-3.4508100395890438,0.008353025215507731,0.0015306231973942557,-2.8103908557955473,3.100184197127368e-06,-3.3131754666573556,0.0,0.0015306231973942557,-2.8103908557955473,3.100184197127368e-06,-3.3131754666573556,0.0
320.5739784819578,0.0014432100697316323,-2.968590118552653,2.94895271897935e-06,-3.5093670754573054,0.005992194542602479,0.0014596123567137118,-2.8579975164717575,2.9313872761410035e-06,-3.3675427168078613,0.0,0.0014596123567137118,-2.8579975164717575,2.9313872761410035e-06,-3.3675427168078613,0.0
325.9924840736866,0.0013726054014507746,-3.0165382891630945,2.779127618105927e-06,-3.568337932502345,0.00357038216722009,0.0013907809801367622,-2.9060121158358703,2.7692403716661843e-06,-3.422614842559426,0.0,0.0013907809801367622,-2.9060121158358703,2.7692403716661843e-06,-3.422614842559426,0.0
331.5025760224449,0.0013044063623391374,-3.064463990912803,2.6164814517352932e-06,-3.62802040271265,0.001089902723253098,0.0013241249101654936,-2.95443465388789,2.6136328461786594e-06,-3.4784832206228202,0.0,0.0013241249101654936,-2.95443465388789,2.6136328461786594e-06,-3.4784832206228202,0.0
337.1058023677523,0.0012386014790035666,-3.11224296141972,2.4608743827634266e-06,-3.688352355246707,-0.0014477889270538733,0.0012596363968010412,-3.003265130627811,2.4644423751455247e-06,-3.5352128439055264,0.0,0.0012596363968010412,-3.003265130627811,2.4644423751455247e-06,-3.5352128439055264,0.0
342.8037373148852,0.001175178161716064,-3.1596817104441914,2.3121726748337005e-06,-3.748913190463213,-0.0040361441591841365,0.0011973042073799554,-3.052503546055637,2.3215427560689042e-06,-3.592889152716623,0.0,0.0011973042073799554,-3.052503546055637,2.3215427560689042e-06,-3.592889152716623,0.0
348.5979816771449,0.0011141194475999595,-3.2067779820546565,2.170253003744149e-06,-3.8095111311834557,-0.006656899151552066,0.00113711374557445,-3.10214990017137,2.1847969768858943e-06,-3.6516667889328005,0.0,0.00113711374557445,-3.10214990017137,2.1847969768858943e-06,-3.6516667889328005,0.0
354.49016332559796,0.0010554027357439107,-3.2535317762511093,2.034974452548209e-06,-3.8703106004377332,-0.009292207803557852,0.0010790471788827292,-3.1522041929750046,2.0540612162104655e-06,-3.711704348920989,0.0,0.0010790471788827292,-3.1522041929750046,2.0540612162104655e-06,-3.711704348920989,0.0
360.4819376464217,0.0009990002264853486,-3.2999430930335536,1.9061799859762802e-06,-3.931528464666826,-0.011924368988860363,0.0010230835739038066,-3.2026664244665435,1.9291842913134144e-06,-3.7732215090568957,0.0,0.0010230835739038066,-3.2026664244665435,1.9291842913134144e-06,-3.7732215090568957,0.0
366.57498800597955,0.0009448793580515502,-3.346011932401988,1.783697698158033e-06,-3.9934584137014326,-0.014535815945637536,0.0009691990386642107,-3.2535365946459875,1.8100076360153506e-06,-3.836514312521956,0.0,0.0009691990386642107,-3.2535365946459875,1.8100076360153506e-06,-3.836514312521956,0.0
372.77102622375435,0.0008930032364343492,-3.3917382943564154,1.6673415771572335e-06,-4.056514637768885,-0.017109142034738425,0.000917366871241422,-3.304814703513338,1.6963649256122825e-06,-3.9019939889248576,0.0,0.000917366871241422,-3.304814703513338,1.6963649256122825e-06,-3.9019939889248576,0.0
379.07179305327907,0.0008433310565287444,-3.437122178896831,1.5569114535779651e-06,-4.12131140487503,-0.019627243384801766,0.000867557713911342,-3.3565007510685905,1.5880811079994765e-06,-3.97025465140689,0.0,0.000867557713911342,-3.3565007510685905,1.5880811079994765e-06,-3.97025465140689,0.0
385.47905867119465,0.0007958185127672789,-3.4821635860232396,1.4521914947724776e-06,-4.188824569086478,-0.022073725612157303,0.0008197397120343767,-3.408594737311751,1.4849703222070734e-06,-4.042200337693146,0.0,0.0008197397120343767,-3.408594737311751,1.4849703222070734e-06,-4.042200337693146,0.0
391.9946231745743,0.0007504181976822952,-3.526862515735639,1.3529455625915459e-06,-4.26076906597774,-0.024434160191136936,0.0007738786768870308,-3.4610966622428143,1.3868316287669735e-06,-4.1193124759873285,0.0,0.0007738786768870308,-3.4610966622428143,1.3868316287669735e-06,-4.1193124759873285,0.0
398.6203170866539,0.0007070799870245398,-3.571218968034027,1.2589047835710368e-06,-4.340719905680942,-0.02670005455578577,0.0007299382516428828,-3.51400652586178,1.293439693964508e-06,-4.204313475798813,0.0,0.0007299382516428828,-3.51400652586178,1.293439693964508e-06,-4.204313475798813,0.0
405.358001871111,0.000665751410258535,-3.6152329429184076,1.1697292286239678e-06,-4.440059323480341,-0.028884932425426894,0.0006878800797089999,-3.5673243281686524,1.2045217582149634e-06,-4.303389731120376,0.0,0.0006878800797089999,-3.5673243281686524,1.2045217582149634e-06,-4.303389731120376,0.0
412.20957045503496,0.0006263780054408253,-3.6589044403887754,1.0848049451933554e-06,-4.5770245727540555,-0.03114903633200267,0.0006476639746304658,-3.621050069163425,1.1196819592214317e-06,-4.445636613656575,0.0,0.0006476639746304658,-3.621050069163425,1.1196819592214317e-06,-4.445636613656575,0.0
419.1769477607399,0.0005890585521394375,-3.6653911389738005,1.0033445284822156e-06,-4.661317505463558,-0.033152758434870755,0.0006092571057925051,-3.6653911389738005,1.0377487625222001e-06,-4.5995594687042285,0.0,0.0006092571057925051,-3.6653911389738005,1.0377487625222001e-06,-4.5995594687042285,0.0
426.26209124656157,0.0005539580906070542,-3.6653911389738005,9.278744379741063e-07,-4.665391138964424,-0.03315275843487081,0.0005729530651711939,-3.6653911389738005,9.596908364469925e-07,-4.66539113896448,0.0,0.0005729530651711939,-3.6653911389738005,9.596908364469925e-07,-4.66539113896448,0.0
433.46699145679924,0.0005209491739564364,-3.6653911389738005,8.58081095980221e-07,-4.6653911389637415,-0.0331527584348707,0.0005388122875679156,-3.6653911389738005,8.875043120474357e-07,-4.665391138963798,0.0,0.0005388122875679156,-3.6653911389738005,8.875043120474357e-07,-4.665391138963798,0.0
440.79367258095266,0.0004899071724875293,-3.6653911389738005,7.935375058787552e-07,-4.6653911389630025,-0.03315275843487068,0.0005067058697860782,-3.6653911389738005,8.207475511790044e-07,-4.6653911389630025,0.0,0.0005067058697860782,-3.6653911389738005,8.207475511790044e-07,-4.6653911389630025,0.0
448.24419302240824,0.000460714882858795,-3.6653911389738005,7.338487891018626e-07,-4.665391138961979,-0.03315275843487071,0.0004765125896341095,-3.6653911389738005,7.590121350648014e-07,-4.665391138961979,0.0,0.0004765125896341095,-3.6653911389738005,7.590121350648014e-07,-4.665391138961979,0.0
455.82064597674116,0.0004332620855698871,-3.6653911389738005,6.786497692631572e-07,-4.665391138960956,-0.03315275843487025,0.0004481184482344117,-3.6653911389738005,7.019203655838752e-07,-4.665391138960956,0.0,0.0004481184482344117,-3.6653911389738005,7.019203655838752e-07,-4.665391138960956,0.0
463.5251600197904,0.0004074451288127833,-3.6653911389738005,6.276027380035843e-07,-4.665391138960047,-0.03315275843487082,0.0004214162396049374,-3.6653911389738005,6.491229545089492e-07,-4.66539113896016,0.0,0.0004214162396049374,-3.6653911389738005,6.491229545089492e-07,-4.66539113896016,0.0
471.35989970567414,0.0003831665371201449,-3.6653911389738005,5.803953888870588e-07,-4.665391138958853,-0.03315275843487068,0.0003963051458882751,-3.6653911389738005,6.002968865562636e-07,-4.665391138958853,0.0,0.0003963051458882751,-3.6653911389738005,6.002968865562636e-07,-4.665391138958853,0.0
479.32706617491294,0.0003603346433332968,-3.6653911389738005,5.367389067054117e-07,-4.665391138957773,-0.033152758434870866,0.0003726903566999769,-3.6653911389738005,5.551434431736501e-07,-4.665391138957716,0.0,0.0003726903566999769,-3.6653911389738005,5.551434431736501e-07,-4.665391138957716,0.0
487.42889777283193,0.0003388632425002748,-3.6653911389738005,4.963662005029936e-07,-4.665391138956409,-0.033152758434870894,0.00035048271115892536,-3.6653911389738005,5.133863749763382e-07,-4.665391138956352,0.0,0.00035048271115892536,-3.6653911389738005,5.133863749763382e-07,-4.665391138956352,0.0
495.66767067841505,0.0003186712663971874,-3.6653911389738005,4.590302695105532e-07,-4.665391138954817,-0.03315275843487082,0.0003295983612481773,-3.6653911389738005,4.7477021164943957e-07,-4.665391138954817,0.0,0.0003295983612481773,-3.6653911389738005,4.7477021164943957e-07,-4.665391138954817,0.0
504.0456995437908,0.00029968247744399223,-3.6653911389738005,4.2450269199114114e-07,-4.66539113895351,-0.033152758434870616,0.00030995845523525226,-3.6653911389738005,4.3905869897705606e-07,-4.66539113895351,0.0,0.00030995845523525226,-3.6653911389738005,4.3905869897705606e-07,-4.66539113895351,0.0
512.5653381445221,0.0002818251808590474,-3.6653911389738005,3.925722277528095e-07,-4.6653911389517475,-0.03315275843487061,0.0002914888399565889,-3.6653911389738005,4.0603335343576587e-07,-4.6653911389517475,0.0,0.0002914888399565889,-3.6653911389738005,4.0603335343576587e-07,-4.6653911389517475,0.0
521.228980040892,0.0002650319539656065,-3.6653911389738005,3.6304352577821854e-07,-4.665391139108465,-0.03315275843487066,0.0002741197808420839,-3.6653911389738005,3.7549212550942876e-07,-4.665391139108465,0.0,0.0002741197808420839,-3.6653911389738005,3.7549212550942876e-07,-4.665391139108465,0.0
530.0390592503674,0.0002492393916282378,-3.6653911389738005,3.3573592906264885e-07,-4.665391139119322,-0.03315275843487078,0.00025778569862263854,-3.6653911389738005,3.472481635456296e-07,-4.665391139119322,0.0,0.00025778569862263854,-3.6653911389738005,3.472481635456296e-07,-4.665391139119322,0.0
538.9980509314231,0.00023438786685803006,-3.6653911389738005,3.104823693591309e-07,-4.665391138972836,-0.033152758434870644,0.00024242492172662524,-3.6653911389738005,3.211286706021139e-07,-4.665391138972723,0.0,0.00024242492172662524,-3.6653911389738005,3.211286706021139e-07,-4.665391138972723,0.0
548.1084720789312,0.00022042130568269863,-3.6653911389738005,2.8712834504189063e-07,-4.665391138972609,-0.03315275843487079,0.00022797945343039017,-3.6653911389738005,2.9697384726162965e-07,-4.665391138972609,0.0,0.00022797945343039017,-3.6653911389738005,2.9697384726162965e-07,-4.665391138972609,0.0
557.3728822313004,0.00020728697543159996,-3.6653911389738005,2.6553097587043563e-07,-4.6653911389724385,-0.03315275843487064,0.00021439475288365561,-3.6653911389738005,2.7463591398429694e-07,-4.6653911389724385,0.0,0.00021439475288365561,-3.6653911389738005,2.7463591398429694e-07,-4.6653911389724385,0.0
566.7938841895684,0.00019493528563628972,-3.6653911389738005,2.4555812884450495e-07,-4.665391138972495,-0.03315275843487091,0.00020161952918304775,-3.6653911389738005,2.539782069885169e-07,-4.6653911389724385,0.0,0.00020161952918304775,-3.6653911389738005,2.539782069885169e-07,-4.6653911389724385,0.0
576.3741247486496,0.0001833196007948937,-3.6653911389738005,2.2708760981256306e-07,-4.665391138972268,-0.033152758434870554,0.0001896055477162417,-3.6653911389738005,2.3487434214008235e-07,-4.665391138972268,0.0,0.0001896055477162417,-3.6653911389738005,2.3487434214008235e-07,-4.665391138972268,0.0
586.1162954409416,0.00017239606429336456,-3.6653911389738005,2.1000641588630897e-07,-4.665391138972154,-0.0331527584348708,0.00017830744804555712,-3.6653911389738005,2.1720744173231674e-07,-4.665391138972154,0.0,0.00017830744804555712,-3.6653911389738005,2.1720744173231674e-07,-4.665391138972154,0.0
596.0231332925006,0.00016212343281880995,-3.6653911389738005,1.9421004408745966e-07,-4.6653911389720975,-0.03315275843487051,0.00016768257264339407,-3.6653911389738005,2.0086941942666456e-07,-4.6653911389720975,0.0,0.00016768257264339407,-3.6653911389738005,2.0086941942666456e-07,-4.6653911389720975,0.0
606.0974215920012,0.0001524629206396955,-3.6653911389738005,1.7960185199709345e-07,-4.6653911389716995,-0.033152758434870706,0.00015769080583287272,-3.6653911389738005,1.8576031897898838e-07,-4.665391138971813,0.0,0.00015769080583287272,-3.6653911389738005,1.8576031897898838e-07,-4.665391138971813,0.0
616.3419906726868,0.0001433780531649904,-3.6653911389738005,1.6609246649601482e-07,-4.665391138971756,-0.033152758434870803,0.0001482944223255894,-3.6653911389738005,1.717877027059051e-07,-4.665391138971643,0.0,0.0001482944223255894,-3.6653911389738005,1.717877027059051e-07,-4.665391138971643,0.0
626.7597187075436,0.00013483452922933548,-3.6653911389738005,1.5359923697878364e-07,-4.665391138971643,-0.033152758434870574,0.00013945794478460296,-3.6653911389738005,1.5886608594976974e-07,-4.665391138971586,0.0,0.00013945794478460296,-3.6653911389738005,1.5886608594976974e-07,-4.665391138971586,0.0
637.3535325179129,0.00012680009158427949,-3.6653911389738005,1.4204572969617855e-07,-4.665391138971415,-0.033152758434870845,0.00013114800987487524,-3.6653911389738005,1.4691641408236878e-07,-4.665391138971472,0.0,0.00013114800987487524,-3.6653911389738005,1.4691641408236878e-07,-4.665391138971472,0.0
648.1264083957683,0.00011924440510660797,-3.6653911389738005,1.3136126013247637e-07,-4.665391138971074,-0.03315275843487056,0.00012333324229541737,-3.6653911389738005,1.3586557884762556e-07,-4.665391138971131,0.0,0.00012333324229541737,-3.6653911389738005,1.3586557884762556e-07,-4.665391138971131,0.0
659.0813729398952,0.00011213894226391651,-3.6653911389738005,1.2148046055661484e-07,-4.665391138970961,-0.03315275843487059,0.00011598413631752868,-3.6653911389738005,1.2564597108428694e-07,-4.665391138970904,0.0,0.00011598413631752868,-3.6653911389738005,1.2564597108428694e-07,-4.665391138970904,0.0
670.2215039062024,0.00010545687540499234,-3.6653911389738005,1.1234288010151939e-07,-4.665391138970961,-0.03315275843487059,0.00010907294438186442,-3.6653911389738005,1.1619506709214899e-07,-4.66539113897079,0.0,0.00010907294438186442,-3.6653911389738005,1.1619506709214899e-07,-4.66539113897079,0.0
681.549931072405,9.917297546833197e-05,-3.6653911389738005,1.0389261492487146e-07,-4.665391138970335,-0.03315275843487082,0.0001025735723337133,-3.6653911389738005,1.0745504611120411e-07,-4.665391138970449,0.0,0.0001025735723337133,-3.6653911389738005,1.0745504611120411e-07,-4.665391138970449,0.0
693.0698371173245,9.326351672635251e-05,-3.6653911389738005,9.607796618863517e-08,-4.665391138970108,-0.033152758434870734,9.646148090093094e-05,-3.6653911389738005,9.93724365734389e-08,-4.665391138970165,0.0,9.646148090093094e-05,-3.6653911389738005,9.93724365734389e-08,-4.665391138970165,0.0
704.7844585150502,8.770618720564765e-05,-3.6653911389738005,8.885112376485867e-08,-4.665391138969994,-0.03315275843487072,9.071359304254636e-05,-3.6653911389738005,9.189778896304937e-08,-4.665391138969881,0.0,9.071359304254636e-05,-3.6653911389738005,9.189778896304937e-08,-4.665391138969881,0.0
716.6970864442134,8.248000444506714e-05,-3.6653911389738005,8.216787373265756e-08,-4.665391138969653,-0.033152758434870755,8.53082068182237e-05,-3.6653911389738005,8.498537328362696e-08,-4.665391138969653,0.0,8.53082068182237e-05,-3.6653911389738005,8.498537328362696e-08,-4.665391138969653,0.0
728.8110677126347,7.756523627354998e-05,-3.6653911389738005,7.598732787683944e-08,-4.665391138969312,-0.03315275843487095,8.022491344960306e-05,-3.6653911389738005,7.859289928141224e-08,-4.665391138969426,0.0,8.022491344960306e-05,-3.6653911389738005,7.859289928141224e-08,-4.665391138969426,0.0
741.1298056975925,7.294332630860391e-05,-3.6653911389738005,7.027167353324657e-08,-4.665391138968971,-0.03315275843487072,7.54445202641562e-05,-3.6653911389738005,7.268125771294647e-08,-4.665391138968971,0.0,7.54445202641562e-05,-3.6653911389738005,7.268125771294647e-08,-4.665391138968971,0.0
753.6567613019915,6.85968238941325e-05,-3.6653911389738005,6.49859422503571e-08,-4.665391138968516,-0.033152758434870734,7.094897823061291e-05,-3.6653911389738005,6.7214281074183e-08,-4.665391138968516,0.0,7.094897823061291e-05,-3.6653911389738005,6.7214281074183e-08,-4.665391138968516,0.0
766.3954539266922,6.450931821308483e-05,-3.6653911389738005,6.009779585181947e-08,-4.665391138968062,-0.03315275843487077,6.672131381236332e-05,-3.6653911389738005,6.215852232720171e-08,-4.665391138968062,0.0,6.672131381236332e-05,-3.6653911389738005,6.215852232720171e-08,-4.665391138968062,0.0
779.3494624592688,6.066537632616242e-05,-3.6653911389738005,5.5577328591048494e-08,-4.6653911389677205,-0.033152758434870935,6.274556488153961e-05,-3.6653911389738005,5.748305027077504e-08,-4.665391138967777,0.0,6.274556488153961e-05,-3.6653911389738005,5.748305027077504e-08,-4.665391138967777,0.0
792.5224262794875,5.705048490263551e-05,-3.6653911389738005,5.139688418745703e-08,-4.665391138967038,-0.0331527584348706,5.9006720451808255e-05,-3.6653911389738005,5.3159260302853953e-08,-4.665391138967095,0.0,5.9006720451808255e-05,-3.6653911389738005,5.3159260302853953e-08,-4.665391138967095,0.0
805.9180462817753,5.365099542326919e-05,-3.6653911389738005,4.753088662495313e-08,-4.66539113896647,-0.03315275843487074,5.549066400232896e-05,-3.6653911389738005,4.916069941722157e-08,-4.66539113896647,0.0,5.549066400232896e-05,-3.6653911389738005,4.916069941722157e-08,-4.66539113896647,0.0
819.5400859149726,5.0454072648463676e-05,-3.6653911389738005,4.395568367752351e-08,-4.665391138966129,-0.033152758434870824,5.2184120178890684e-05,-3.6653911389738005,4.5462904363638865e-08,-4.665391138966186,0.0,5.2184120178890684e-05,-3.6653911389738005,4.5462904363638865e-08,-4.665391138966186,0.0
833.3923722396598,4.744764615704374e-05,-3.6653911389738005,4.06494022045908e-08,-4.665391138965447,-0.0331527584348706,4.9074604670987765e-05,-3.6653911389738005,4.204325198134472e-08,-4.665391138965333,0.0,4.9074604670987765e-05,-3.6653911389738005,4.204325198134472e-08,-4.665391138965333,0.0
847.4787970033556,4.4620364772725226e-05,-3.6653911389738005,3.759181433084028e-08,-4.665391138964594,-0.03315275843487075,4.615037707559047e-05,-3.6653911389738005,3.88808207902489e-08,-4.665391138964537,0.0,4.615037707559047e-05,-3.6653911389738005,3.88808207902489e-08,-4.665391138964537,0.0
861.8033177338879,4.1961553706189454e-05,-3.6653911389738005,3.476421369180175e-08,-4.665391138963912,-0.033152758434870803,4.340039656964033e-05,-3.6653911389738005,3.595626299303037e-08,-4.665391138964026,0.0,4.340039656964033e-05,-3.6653911389738005,3.595626299303037e-08,-4.665391138964026,0.0
876.3699588512495,3.9461174250949004e-05,-3.6653911389738005,3.214930098805509e-08,-4.665391138962946,-0.03315275843487049,4.081428022390527e-05,-3.6653911389738005,3.325168610504788e-08,-4.665391138963059,0.0,4.081428022390527e-05,-3.6653911389738005,3.325168610504788e-08,-4.665391138963059,0.0
891.1828127982392,3.710978588083289e-05,-3.6653911389738005,2.9731078147880447e-08,-4.6653911389622635,-0.03315275843487062,3.838226380080444e-05,-3.6653911389738005,3.075054348787495e-08,-4.6653911389622635,0.0,3.838226380080444e-05,-3.6653911389738005,3.075054348787495e-08,-4.6653911389622635,0.0
906.2460411902198,3.489851060598253e-05,-3.6653911389738005,2.7494750450836048e-08,-4.665391138961468,-0.033152758434870866,3.609516488818744e-05,-3.6653911389738005,2.8437533116738934e-08,-4.665391138961468,0.0,3.609516488818744e-05,-3.6653911389738005,2.8437533116738934e-08,-4.665391138961468,0.0
921.5638759843114,3.2818999452780916e-05,-3.6653911389738005,2.542663601345555e-08,-4.6653911389604446,-0.03315275843487073,3.394434822987509e-05,-3.6653911389738005,2.6298503962523587e-08,-4.665391138960558,0.0,3.394434822987509e-05,-3.6653911389738005,2.6298503962523587e-08,-4.665391138960558,0.0
937.1406206683386,3.0863400941156265e-05,-3.6653911389738005,2.3514082083298452e-08,-4.665391138959194,-0.03315275843487061,3.192169312206414e-05,-3.6653911389738005,2.432036941557999e-08,-4.665391138959308,0.0,3.192169312206414e-05,-3.6653911389738005,2.432036941557999e-08,-4.665391138959308,0.0
952.9806514698821,2.9024331440239944e-05,-3.6653911389738005,2.1745387629236988e-08,-4.665391138958057,-0.03315275843487063,3.0019562752493807e-05,-3.6653911389738005,2.2491027221669083e-08,-4.665391138958057,0.0,3.0019562752493807e-05,-3.6653911389738005,2.2491027221669083e-08,-4.665391138958057,0.0
969.0884185857634,2.7294847290453537e-05,-3.6653911389738005,2.0109731754387564e-08,-4.66539113895692,-0.03315275843487067,2.8230775366611915e-05,-3.6653911389738005,2.079928544020459e-08,-4.665391138956807,0.0,2.8230775366611915e-05,-3.6653911389738005,2.079928544020459e-08,-4.665391138956807,0.0
985.4684474323097,2.5668418586768304e-05,-3.6653911389738005,1.8597107493715542e-08,-4.665391138955442,-0.03315275843487068,2.65485771518739e-05,-3.6653911389738005,1.923479397180738e-08,-4.665391138955442,0.0,2.65485771518739e-05,-3.6653911389738005,1.923479397180738e-08,-4.665391138955442,0.0
1002.1253399167533,2.413890452415148e-05,-3.6653911389738005,1.7198260591286132e-08,-4.665391138954192,-0.03315275843487069,2.496661673779561e-05,-3.6653911389738005,1.778798123625573e-08,-4.665391138954078,0.0,2.496661673779561e-05,-3.6653911389738005,1.778798123625573e-08,-4.665391138954078,0.0
1019.0637757301195,2.270053021211315e-05,-3.6653911389738005,1.5904632882599908e-08,-4.665391138952373,-0.033152758434870776,2.3478921215481367e-05,-3.6653911389738005,1.644999561342652e-08,-4.665391138952259,0.0,2.3478921215481367e-05,-3.6653911389738005,1.644999561342652e-08,-4.665391138952259,0.0
1036.2885136619675,2.1347864870813886e-05,-3.6653911389738005,1.4708309935625276e-08,-4.6653911391045995,-0.033152758434870734,2.207987358608588e-05,-3.6653911389738005,1.5212651288962163e-08,-4.665391139104713,0.0,2.207987358608588e-05,-3.6653911389738005,1.5212651288962163e-08,-4.665391139104713,0.0
1053.8043929373582,2.007580132640898e-05,-3.6653911389738005,1.3601972630124419e-08,-4.6653911391154,-0.03315275843487073,2.0764191553063064e-05,-3.6653911389738005,1.4068378173273358e-08,-4.665391139115286,0.0,2.0764191553063064e-05,-3.6653911389738005,1.4068378173273358e-08,-4.665391139115286,0.0
1071.6163345764096,1.8879536728212385e-05,-3.6653911389738005,1.257885237945756e-08,-4.665391138972836,-0.03315275843487088,1.9526907578130192e-05,-3.6653911389738005,1.3010175587919097e-08,-4.665391138972836,0.0,1.9526907578130192e-05,-3.6653911389738005,1.3010175587919097e-08,-4.665391138972836,0.0
1089.729342776846,1.775455441487357e-05,-3.6653911389738005,1.1632689719854066e-08,-4.665391138972723,-0.033152758434871026,1.836335012564401e-05,-3.6653911389738005,1.2031569434922427e-08,-4.665391138972836,0.0,1.836335012564401e-05,-3.6653911389738005,1.2031569434922427e-08,-4.665391138972836,0.0
1108.148506319902,1.6696606861102454e-05,-3.6653911389738005,1.075769601520946e-08,-4.665391138972723,-0.033152758434870644,1.7269126024576578e-05,-3.6653911389738005,1.1126572588442135e-08,-4.665391138972495,0.0,1.7269126024576578e-05,-3.6653911389738005,1.1126572588442135e-08,-4.665391138972495,0.0
1126.879,1.5701699640553836e-05,-3.6653911389738005,9.94851804205999e-09,-4.665391138972677,-0.03315275843487065,1.6240103881494227e-05,-3.6653911389738005,1.0289648265381985e-08,-4.665391138972466,0.0,1.6240103881494227e-05,-3.6653911389738005,1.0289648265381985e-08,-4.665391138972466,0.0
