vcirc,r_s,MBH,ML,chi2,reward,status,proposal_id,refine_passes,chi2_losvd,chi2_light,chi2_total,chi2_inner,chi2_outer,N_inner,N_outer,N_nonzero_weights,effective_N_orbits,max_weight_fraction,halo_type,weight_mode,weight_solver_mode,losvd_score_mode,alphat,halo_q_axis_ratio,karl_halo_params_active
183.9114355853,1800.0,900000.0,1.0,,,todo,,,,,,,,,,,,,,,,,,,
133.20825619743977,5387.952348815124,509553.035526467,1.4844152572989708,1254.2742768491185,-1253.7742768491185,pass_full,1.0,0.0,1254.2742768491185,145.74445716133158,1297.9976139975179,19.50268650204724,1234.7715903470712,20.0,543.0,3631.0,53.90845834304969,0.07360574315152374,nfw,entropy,expanded_cm,standard,1.0,1.0,0.0
133.20825619743977,5387.952348815124,0.0,1.4844152572989708,2471.354308460714,-2470.854308460714,pass_halo_only,1.0,0.0,2471.354308460714,222.71666573359684,2538.169308180793,122.21776116872753,2349.136547291987,20.0,543.0,2492.0,23.412059926429695,0.09597863555434992,nfw,entropy,expanded_cm,standard,1.0,1.0,0.0
133.20825619743977,5387.952348815124,1000000.0,1.4844152572989708,1185.2998299139226,-1184.7998299139226,pass_bh_up,1.0,0.0,1185.2998299139226,166.24161767346928,1235.1723152159634,35.643539240648266,1149.6562906732754,20.0,543.0,2137.0,45.60537183704207,0.0881335305156448,nfw,entropy,expanded_cm,standard,1.0,1.0,0.0
133.20825619743977,5387.952348815124,254776.5177632335,1.4844152572989708,1109.7721701504818,-1109.2721701504818,pass_bh_down,1.0,0.0,1109.7721701504818,312.6868209309895,1203.5782164297786,29.63922677543733,1080.1329433750443,20.0,543.0,2618.0,200.57902354389554,0.03130982416819648,nfw,entropy,expanded_cm,standard,1.0,1.0,0.0
250.0,5387.952348815124,509553.035526467,1.4844152572989708,1159.287879128667,-1158.787879128667,pass_halo_up,1.0,0.0,1159.287879128667,122.92013680250976,1196.16392016942,78.78980666173385,1080.498072466932,20.0,543.0,2610.0,21.604442602545802,0.16451565102190008,nfw,entropy,expanded_cm,standard,1.0,1.0,0.0
66.60412809871988,5387.952348815124,509553.035526467,1.4844152572989708,2002.290922393763,-2001.790922393763,pass_halo_down,1.0,0.0,2002.290922393763,178.57662649820594,2055.8639103432247,38.54819064207474,1963.7427317516879,20.0,543.0,2423.0,40.6461252790305,0.07666298159892371,nfw,entropy,expanded_cm,standard,1.0,1.0,0.0
133.20825619743977,5387.952348815124,509553.035526467,2.0,1185.9488489472526,-1185.4488489472526,pass_ml_up,1.0,0.0,1185.9488489472526,275.1185387384255,1268.4844105687803,25.918461864706426,1160.030387082546,20.0,543.0,2298.0,168.23084902353847,0.03340953770045573,nfw,entropy,expanded_cm,standard,1.0,1.0,0.0
133.20825619743977,5387.952348815124,509553.035526467,0.7422076286494854,1108.3856728786902,-1107.8856728786902,pass_ml_down,1.0,0.0,1108.3856728786902,330.2069187894669,1207.4477485155303,37.14560810773597,1071.240064770954,20.0,543.0,2387.0,288.37866731897464,0.02552995915343719,nfw,entropy,expanded_cm,standard,1.0,1.0,0.0
64.24973868924386,7551.6667278339,883879.1836895436,0.478818348559932,997.3322160426811,-996.8322160426811,pass_full,2.0,0.0,997.3322160426811,352.50084975971265,1103.0824709705948,34.09441236728793,963.2378036753931,20.0,543.0,2084.0,243.43253230559364,0.023436248333134267,nfw,entropy,expanded_cm,standard,1.0,1.0,0.0
64.24973868924386,7551.6667278339,0.0,0.478818348559932,890.9617621709342,-890.4617621709342,pass_halo_only,2.0,0.0,890.9617621709342,207.77077379675615,953.292994309961,11.137965909277908,879.8237962616563,20.0,543.0,2563.0,89.61148844078035,0.04436899395962842,nfw,entropy,expanded_cm,standard,1.0,1.0,0.0
64.24973868924386,7551.6667278339,1000000.0,0.478818348559932,909.2306536612846,-908.7306536612846,pass_bh_up,2.0,0.0,909.2306536612846,300.83521391684224,999.4812178363372,29.737296425715947,879.4933572355687,20.0,543.0,2192.0,298.80898420499574,0.024599658289840613,nfw,entropy,expanded_cm,standard,1.0,1.0,0.0
64.24973868924386,7551.6667278339,441939.5918447718,0.478818348559932,1188.7099851381574,-1188.2099851381574,pass_bh_down,2.0,0.0,1188.7099851381574,252.57379745593738,1264.4821243749386,25.464065842957122,1163.2459192952012,20.0,543.0,2484.0,128.87389645685928,0.03529977126910353,nfw,entropy,expanded_cm,standard,1.0,1.0,0.0
128.4994773784877,7551.6667278339,883879.1836895436,0.478818348559932,1095.011364914802,-1094.511364914802,pass_halo_up,2.0,0.0,1095.011364914802,350.2079500579938,1200.0737499322001,35.771832206353935,1059.239532708448,20.0,543.0,2698.0,267.2769135083397,0.024154682597239185,nfw,entropy,expanded_cm,standard,1.0,1.0,0.0
32.12486934462193,7551.6667278339,883879.1836895436,0.478818348559932,1008.7587894857948,-1008.2587894857948,pass_halo_down,2.0,0.0,1008.7587894857948,426.8214675252154,1136.8052297433594,35.57585680401162,973.1829326817829,20.0,543.0,2080.0,681.2123610383663,0.01700250266179769,nfw,entropy,expanded_cm,standard,1.0,1.0,0.0
64.24973868924386,7551.6667278339,883879.1836895436,0.957636697119864,1682.860428552546,-1682.360428552546,pass_ml_up,2.0,0.0,1682.860428552546,97.33556788523957,1712.0610989181178,32.55035034440506,1650.3100782081403,20.0,543.0,2454.0,18.97775015331667,0.12586247810217735,nfw,entropy,expanded_cm,standard,1.0,1.0,0.0
64.24973868924386,7551.6667278339,883879.1836895436,0.239409174279966,893.9283430112462,-893.4283430112462,pass_ml_down,2.0,0.0,893.9283430112462,267.93809221767094,974.3097706765475,32.6153144903721,861.3130285208736,20.0,543.0,2358.0,118.76381017438436,0.06881407485873849,nfw,entropy,expanded_cm,standard,1.0,1.0,0.0
167.63660958723162,6470.107070039729,723627.1691770673,1.5477053601202484,1156.064725268309,-1155.564725268309,pass_full,3.0,0.0,1156.064725268309,375.46245282609755,1268.7034611161384,33.74606802689148,1122.3186572414177,20.0,543.0,2670.0,530.0140944314295,0.016492892689865184,nfw,entropy,expanded_cm,standard,1.0,1.0,0.0
167.63660958723162,6470.107070039729,0.0,1.5477053601202484,1174.142076200375,-1173.642076200375,pass_halo_only,3.0,0.0,1174.142076200375,228.35379705230676,1242.648215316067,22.650618480755373,1151.4914577196191,20.0,543.0,2594.0,171.48312413196405,0.0392455160351513,nfw,entropy,expanded_cm,standard,1.0,1.0,0.0
167.63660958723162,6470.107070039729,1000000.0,1.5477053601202484,1125.622888075479,-1125.122888075479,pass_bh_up,3.0,0.0,1125.622888075479,226.55993836733379,1193.5908695856792,37.06650037132445,1088.5563877041548,20.0,543.0,2447.0,128.26083486225892,0.052427879415474866,nfw,entropy,expanded_cm,standard,1.0,1.0,0.0
167.63660958723162,6470.107070039729,361813.5845885337,1.5477053601202484,1115.291480790178,-1114.791480790178,pass_bh_down,3.0,0.0,1115.291480790178,224.80707274160596,1182.7336026126598,35.033038485580164,1080.2584423045978,20.0,543.0,2305.0,140.4294400337497,0.044176463988278535,nfw,entropy,expanded_cm,standard,1.0,1.0,0.0
250.0,6470.107070039729,723627.1691770673,1.5477053601202484,1278.2966149932574,-1277.7966149932574,pass_halo_up,3.0,0.0,1278.2966149932574,138.78274015522268,1319.9314370398242,36.41042744665586,1241.8861875466016,20.0,543.0,2098.0,20.90145356070765,0.17149661250417017,nfw,entropy,expanded_cm,standard,1.0,1.0,0.0
83.81830479361581,6470.107070039729,723627.1691770673,1.5477053601202484,979.408645635,-978.908645635,pass_halo_down,3.0,0.0,979.408645635,305.920244860366,1071.1847190931098,16.956930700325586,962.4517149346744,20.0,543.0,2361.0,179.12757622767364,0.031833937223633944,nfw,entropy,expanded_cm,standard,1.0,1.0,0.0
167.63660958723162,6470.107070039729,723627.1691770673,2.0,1153.9419621047439,-1153.4419621047439,pass_ml_up,3.0,0.0,1153.9419621047439,322.6512836804936,1250.737347208892,35.41516202335615,1118.526800081388,20.0,543.0,2280.0,207.75422732661062,0.030027983385687643,nfw,entropy,expanded_cm,standard,1.0,1.0,0.0
167.63660958723162,6470.107070039729,723627.1691770673,0.7738526800601242,1749.7940550081876,-1749.2940550081876,pass_ml_down,3.0,0.0,1749.7940550081876,131.97859391394107,1789.3876331823699,37.56444486418245,1712.229610144005,20.0,543.0,3549.0,23.441414517776717,0.11370687537007396,nfw,entropy,expanded_cm,standard,1.0,1.0,0.0
204.63684873851238,1069.294376396348,3553.9072081155477,0.6154573078663732,1185.6485579104587,-1185.1485579104587,pass_full,4.0,0.0,1185.6485579104587,271.8652578820003,1267.2081352750588,32.89939167955233,1152.7491662309062,20.0,543.0,3779.0,158.43529368282933,0.03850731039976874,nfw,entropy,expanded_cm,standard,1.0,1.0,0.0
204.63684873851238,1069.294376396348,0.0,0.6154573078663732,1196.2102234761176,-1195.7102234761176,pass_halo_only,4.0,0.0,1196.2102234761176,329.3740737371603,1295.0224455972657,34.364380427625534,1161.8458430484925,20.0,543.0,4725.0,229.53268334816715,0.03185716737737814,nfw,entropy,expanded_cm,standard,1.0,1.0,0.0
204.63684873851238,1069.294376396348,7107.8144162310955,0.6154573078663732,1200.9205025393685,-1200.4205025393685,pass_bh_up,4.0,0.0,1200.9205025393685,381.98012107029405,1315.5145388604567,36.25396839791926,1164.6665341414496,20.0,543.0,4556.0,459.6321096669882,0.03046888966624877,nfw,entropy,expanded_cm,standard,1.0,1.0,0.0
204.63684873851238,1069.294376396348,1776.9536040577739,0.6154573078663732,1167.2471088088107,-1166.7471088088107,pass_bh_down,4.0,0.0,1167.2471088088107,243.43713892988262,1240.2782504877755,28.881489920436277,1138.365618888375,20.0,543.0,2769.0,148.00169012077845,0.03449201644076665,nfw,entropy,expanded_cm,standard,1.0,1.0,0.0
250.0,1069.294376396348,3553.9072081155477,0.6154573078663732,1215.9211288556849,-1215.4211288556849,pass_halo_up,4.0,0.0,1215.9211288556849,334.5454750122751,1316.2847713593674,36.43612002445765,1179.4850088312273,20.0,543.0,2346.0,232.56958091418667,0.03595303171368241,nfw,entropy,expanded_cm,standard,1.0,1.0,0.0
102.31842436925619,1069.294376396348,3553.9072081155477,0.6154573078663732,1140.387600379201,-1139.887600379201,pass_halo_down,4.0,0.0,1140.387600379201,191.7133294617306,1197.9015992177203,33.66700177614023,1106.720598603061,20.0,543.0,2417.0,73.89236427974889,0.06882161324569344,nfw,entropy,expanded_cm,standard,1.0,1.0,0.0
204.63684873851238,1069.294376396348,3553.9072081155477,1.2309146157327464,1171.0343218932182,-1170.5343218932182,pass_ml_up,4.0,0.0,1171.0343218932182,220.97113610461614,1237.325662724603,33.28055622349943,1137.7537656697186,20.0,543.0,2423.0,88.12837080737401,0.07636911040363872,nfw,entropy,expanded_cm,standard,1.0,1.0,0.0
204.63684873851238,1069.294376396348,3553.9072081155477,0.3077286539331866,1181.5051789846743,-1181.0051789846743,pass_ml_down,4.0,0.0,1181.5051789846743,216.3448830714743,1246.4086439061166,34.781878863053606,1146.7233001216212,20.0,543.0,2367.0,82.65444973068828,0.07527584356756242,nfw,entropy,expanded_cm,standard,1.0,1.0,0.0
3.063783329087438,3600.0629394854045,185281.47716299802,1.6269831267125825,1048.679926218838,-1048.179926218838,pass_full,5.0,0.0,1048.679926218838,226.4728010317715,1116.6217665283696,47.77121593789112,1000.9087102809466,20.0,543.0,3199.0,75.24816259595859,0.084897163562497,nfw,entropy,expanded_cm,standard,1.0,1.0,0.0
3.063783329087438,3600.0629394854045,0.0,1.6269831267125825,2624.1817938332965,-2623.6817938332965,pass_halo_only,5.0,0.0,2624.1817938332965,144.56881310706387,2667.5524377654156,95.84801062351919,2528.3337832097773,20.0,543.0,2762.0,40.103430135371035,0.10829976889515594,nfw,entropy,expanded_cm,standard,1.0,1.0,0.0
3.063783329087438,3600.0629394854045,370562.95432599605,1.6269831267125825,1390.214355607364,-1389.714355607364,pass_bh_up,5.0,0.0,1390.214355607364,260.64779985316636,1468.408695563314,152.05111396927853,1238.163241638086,20.0,543.0,2541.0,15.465303845760694,0.18048852315307856,nfw,entropy,expanded_cm,standard,1.0,1.0,0.0
3.063783329087438,3600.0629394854045,92640.73858149901,1.6269831267125825,1027.7570319744739,-1027.2570319744739,pass_bh_down,5.0,0.0,1027.7570319744739,308.0853341167936,1120.182632209512,28.108005145288665,999.6490268291851,20.0,543.0,2502.0,27.2465444414074,0.17563161244600953,nfw,entropy,expanded_cm,standard,1.0,1.0,0.0
6.127566658174876,3600.0629394854045,185281.47716299802,1.6269831267125825,1136.5727247632174,-1136.0727247632174,pass_halo_up,5.0,0.0,1136.5727247632174,370.36043296112337,1247.6808546515545,67.09825533430737,1069.4744694289113,20.0,543.0,2382.0,193.4577899407849,0.0470825897336909,nfw,entropy,expanded_cm,standard,1.0,1.0,0.0
1.531891664543719,3600.0629394854045,185281.47716299802,1.6269831267125825,4100.374972105373,-4099.874972105373,pass_halo_down,5.0,0.0,4100.374972105373,207.26180453311397,4162.553513465307,405.31031384146985,3695.0646582639,20.0,543.0,2785.0,26.429605310945522,0.11323769215236709,nfw,entropy,expanded_cm,standard,1.0,1.0,0.0
3.063783329087438,3600.0629394854045,185281.47716299802,2.0,1216.0463465346259,-1215.5463465346259,pass_ml_up,5.0,0.0,1216.0463465346259,149.37935137327358,1260.8601519466079,15.4384839914823,1200.6078625431435,20.0,543.0,2864.0,40.71082440841663,0.05945621000086332,nfw,entropy,expanded_cm,standard,1.0,1.0,0.0
3.063783329087438,3600.0629394854045,185281.47716299802,0.8134915633562912,1051.0490778761146,-1050.5490778761146,pass_ml_down,5.0,0.0,1051.0490778761146,276.56239391686256,1134.0177960511733,77.67196469786965,973.377113178245,20.0,543.0,2930.0,25.9478633581976,0.15010693175460793,nfw,entropy,expanded_cm,standard,1.0,1.0,0.0
153.0430064132791,9004.34834201969,315367.7794434099,0.931979796564619,1104.8220292024164,-1104.3220292024164,pass_full,6.0,0.0,1104.8220292024164,364.9547987246961,1214.3084688198253,22.942378522139325,1081.879650680277,20.0,543.0,2341.0,469.19931273420394,0.016030107044021955,nfw,entropy,expanded_cm,standard,1.0,1.0,0.0
153.0430064132791,9004.34834201969,0.0,0.931979796564619,1268.1956851991565,-1267.6956851991565,pass_halo_only,6.0,0.0,1268.1956851991565,254.87846995340956,1344.6592261851795,13.126393017080304,1255.069292182076,20.0,543.0,2699.0,193.57883814682287,0.02700815774873193,nfw,entropy,expanded_cm,standard,1.0,1.0,0.0
153.0430064132791,9004.34834201969,630735.5588868198,0.931979796564619,1116.3587120631173,-1115.8587120631173,pass_bh_up,6.0,0.0,1116.3587120631173,356.1110808379728,1223.192036314509,38.92001181204722,1077.4387002510696,20.0,543.0,2146.0,409.90788507513,0.018827487221109163,nfw,entropy,expanded_cm,standard,1.0,1.0,0.0
153.0430064132791,9004.34834201969,157683.88972170494,0.931979796564619,1143.7070973231578,-1143.2070973231578,pass_bh_down,6.0,0.0,1143.7070973231578,306.3217882588209,1235.6036338008041,16.938060100261808,1126.7690372228956,20.0,543.0,2658.0,274.3603564903588,0.02791084039499231,nfw,entropy,expanded_cm,standard,1.0,1.0,0.0
250.0,9004.34834201969,315367.7794434099,0.931979796564619,1122.1790150565698,-1121.6790150565698,pass_halo_up,6.0,0.0,1122.1790150565698,295.0117096435866,1210.6825279496459,27.54756450250086,1094.631450554069,20.0,543.0,3940.0,80.74080845953327,0.09356469527388982,nfw,entropy,expanded_cm,standard,1.0,1.0,0.0
76.52150320663955,9004.34834201969,315367.7794434099,0.931979796564619,948.1984988128601,-947.6984988128601,pass_halo_down,6.0,0.0,948.1984988128601,344.03548133814786,1051.4091432143043,27.303360361130217,920.8951384517301,20.0,543.0,2552.0,300.89416188738693,0.03029567980791849,nfw,entropy,expanded_cm,standard,1.0,1.0,0.0
153.0430064132791,9004.34834201969,315367.7794434099,1.863959593129238,1182.9016757589961,-1182.4016757589961,pass_ml_up,6.0,0.0,1182.9016757589961,426.7860550694147,1310.9374922798206,39.13504018576662,1143.76663557323,20.0,543.0,2021.0,776.4020957122523,0.014595922036906643,nfw,entropy,expanded_cm,standard,1.0,1.0,0.0
153.0430064132791,9004.34834201969,315367.7794434099,0.4659898982823095,1114.249552307051,-1113.749552307051,pass_ml_down,6.0,0.0,1114.249552307051,269.52610461830193,1195.1073836925416,26.346008984228483,1087.9035433228228,20.0,543.0,2223.0,196.0270276867041,0.042527811245720464,nfw,entropy,expanded_cm,standard,1.0,1.0,0.0
245.06465091941055,5466.4452809981385,242294.61194293035,0.6540350278081506,1296.2178569120072,-1295.7178569120072,pass_full,7.0,0.0,1296.2178569120072,197.6735564501038,1355.5199238470384,27.10071337636926,1269.1171435356375,20.0,543.0,2262.0,89.57557093595548,0.053683986006996136,nfw,entropy,expanded_cm,standard,1.0,1.0,0.0
245.06465091941055,5466.4452809981385,0.0,0.6540350278081506,1677.1856060418456,-1676.6856060418456,pass_halo_only,7.0,0.0,1677.1856060418456,450.0973806558233,1812.2148202385927,391.16130353840833,1286.0243025034356,20.0,543.0,2822.0,59.08988242363984,0.06456991780640278,nfw,entropy,expanded_cm,standard,1.0,1.0,0.0
245.06465091941055,5466.4452809981385,484589.2238858607,0.6540350278081506,1187.8247458923042,-1187.3247458923042,pass_bh_up,7.0,0.0,1187.8247458923042,129.77069714884234,1226.755955036957,18.911531376010455,1168.9132145162932,20.0,543.0,2226.0,47.39901620941388,0.08242385254269505,nfw,entropy,expanded_cm,standard,1.0,1.0,0.0
245.06465091941055,5466.4452809981385,121147.30597146518,0.6540350278081506,1142.0350147004,-1141.5350147004,pass_bh_down,7.0,0.0,1142.0350147004,110.64397153759005,1175.228206161677,29.839360620613782,1112.1956540797867,20.0,543.0,2170.0,29.070823486874044,0.12397866084889596,nfw,entropy,expanded_cm,standard,1.0,1.0,0.0
250.0,5466.4452809981385,242294.61194293035,0.6540350278081506,1123.4135255873418,-1122.9135255873418,pass_halo_up,7.0,0.0,1123.4135255873418,158.3913436199027,1170.9309286733126,27.80833609216409,1095.6051894951772,20.0,543.0,2085.0,65.20552131168515,0.07390615679844938,nfw,entropy,expanded_cm,standard,1.0,1.0,0.0
122.53232545970528,5466.4452809981385,242294.61194293035,0.6540350278081506,1018.0737021290545,-1017.5737021290545,pass_halo_down,7.0,0.0,1018.0737021290545,312.6002680290681,1111.8537825377748,25.468682599192466,992.6050195298619,20.0,543.0,2834.0,454.09379799744727,0.01589311176315808,nfw,entropy,expanded_cm,standard,1.0,1.0,0.0
245.06465091941055,5466.4452809981385,242294.61194293035,1.3080700556163012,2326.5734198302907,-2326.0734198302907,pass_ml_up,7.0,0.0,2326.5734198302907,232.56805920560555,2396.3438375919723,140.7478414812156,2185.8255783490763,20.0,543.0,2495.0,10.917063528052786,0.20790180204729455,nfw,entropy,expanded_cm,standard,1.0,1.0,0.0
245.06465091941055,5466.4452809981385,242294.61194293035,0.3270175139040753,1168.4136692858588,-1167.9136692858588,pass_ml_down,7.0,0.0,1168.4136692858588,302.973513901043,1259.3057234561716,34.70216891727367,1133.7115003685844,20.0,543.0,2716.0,415.3854792079924,0.017107023163211266,nfw,entropy,expanded_cm,standard,1.0,1.0,0.0
141.28894660169902,1420.035111150617,876258.5589425064,1.0645973390543124,1188.5020707521069,-1188.0020707521069,pass_full,8.0,0.0,1188.5020707521069,368.19018887804424,1298.9591274155202,38.89250398374584,1149.6095667683612,20.0,543.0,2167.0,537.9577819949444,0.01581943273550948,nfw,entropy,expanded_cm,standard,1.0,1.0,0.0
141.28894660169902,1420.035111150617,0.0,1.0645973390543124,1173.721864298016,-1173.221864298016,pass_halo_only,8.0,0.0,1173.721864298016,313.0377852795785,1267.6331998818896,24.49845590633645,1149.22340839168,20.0,543.0,2169.0,303.34517234271664,0.027966953413107478,nfw,entropy,expanded_cm,standard,1.0,1.0,0.0
141.28894660169902,1420.035111150617,1000000.0,1.0645973390543124,1159.983967512224,-1159.483967512224,pass_bh_up,8.0,0.0,1159.983967512224,339.6391152651147,1261.8757020917583,32.653866787546804,1127.3301007246769,20.0,543.0,2294.0,374.53585415737706,0.019390135066942236,nfw,entropy,expanded_cm,standard,1.0,1.0,0.0
141.28894660169902,1420.035111150617,438129.2794712532,1.0645973390543124,1118.8575696562202,-1118.3575696562202,pass_bh_down,8.0,0.0,1118.8575696562202,241.51944080379587,1191.313401897359,34.30465581457007,1084.5529138416503,20.0,543.0,2034.0,117.98406703748789,0.0397277508179051,nfw,entropy,expanded_cm,standard,1.0,1.0,0.0
250.0,1420.035111150617,876258.5589425064,1.0645973390543124,1183.4584297944707,-1182.9584297944707,pass_halo_up,8.0,0.0,1183.4584297944707,159.4513311158958,1231.2938291292394,39.50347172535186,1143.9549580691191,20.0,543.0,3706.0,43.80660801850236,0.07748489612328789,nfw,entropy,expanded_cm,standard,1.0,1.0,0.0
70.64447330084951,1420.035111150617,876258.5589425064,1.0645973390543124,1118.4582493969758,-1117.9582493969758,pass_halo_down,8.0,0.0,1118.4582493969758,345.0950775262283,1221.9867726548443,36.74914205772093,1081.7091073392555,20.0,543.0,2229.0,304.87538772883215,0.026939787492542472,nfw,entropy,expanded_cm,standard,1.0,1.0,0.0
141.28894660169902,1420.035111150617,876258.5589425064,2.0,1188.3184522463303,-1187.8184522463303,pass_ml_up,8.0,0.0,1188.3184522463303,379.2023918635418,1302.0791698053927,36.2480624897355,1152.070389756595,20.0,543.0,2323.0,457.80344220931926,0.017151250198987507,nfw,entropy,expanded_cm,standard,1.0,1.0,0.0
141.28894660169902,1420.035111150617,876258.5589425064,0.5322986695271562,1145.381699587523,-1144.881699587523,pass_ml_down,8.0,0.0,1145.381699587523,331.09569574168194,1244.7104083100276,35.98683823381149,1109.3948613537116,20.0,543.0,2560.0,265.92199314262217,0.03312167695938377,nfw,entropy,expanded_cm,standard,1.0,1.0,0.0
70.83146700243998,8932.886732800562,827631.9705032895,1.963946846272951,983.0398460022053,-982.5398460022053,pass_full,9.0,0.0,983.0398460022053,361.07868582347805,1091.3634517492487,22.904102882358117,960.1357431198475,20.0,543.0,2446.0,349.7649166021029,0.02219622533140719,nfw,entropy,expanded_cm,standard,1.0,1.0,0.0
70.83146700243998,8932.886732800562,0.0,1.963946846272951,2156.9347411186986,-2156.4347411186986,pass_halo_only,9.0,0.0,2156.9347411186986,185.18560723561066,2212.490423289382,9.201184715656863,2147.7335564030413,20.0,543.0,2743.0,9.077932045159427,0.2990232897469984,nfw,entropy,expanded_cm,standard,1.0,1.0,0.0
70.83146700243998,8932.886732800562,1000000.0,1.963946846272951,977.7019297233935,-977.2019297233935,pass_bh_up,9.0,0.0,977.7019297233935,272.1497413477753,1059.3468521277262,34.76239816065949,942.9395315627338,20.0,543.0,3217.0,96.58325698350926,0.05951685836307179,nfw,entropy,expanded_cm,standard,1.0,1.0,0.0
70.83146700243998,8932.886732800562,413815.98525164474,1.963946846272951,953.8947313637063,-953.3947313637063,pass_bh_down,9.0,0.0,953.8947313637063,275.56604236625293,1036.5645440735823,36.286634022709634,917.6080973409969,20.0,543.0,2328.0,129.36757823139098,0.037437108564401675,nfw,entropy,expanded_cm,standard,1.0,1.0,0.0
141.66293400487996,8932.886732800562,827631.9705032895,1.963946846272951,1117.7199541679802,-1117.2199541679802,pass_halo_up,9.0,0.0,1117.7199541679802,340.74808542823035,1219.9443797964493,37.581663685984225,1080.1382904819964,20.0,543.0,3163.0,258.170928749987,0.032503576302379225,nfw,entropy,expanded_cm,standard,1.0,1.0,0.0
35.41573350121999,8932.886732800562,827631.9705032895,1.963946846272951,1015.3621083658435,-1014.8621083658435,pass_halo_down,9.0,0.0,1015.3621083658435,427.432858992446,1143.5919660635773,35.55549750488636,979.8066108609565,20.0,543.0,2079.0,784.7204035128128,0.012405497316014664,nfw,entropy,expanded_cm,standard,1.0,1.0,0.0
70.83146700243998,8932.886732800562,827631.9705032895,2.0,952.4421060878594,-951.9421060878594,pass_ml_up,9.0,0.0,952.4421060878594,337.2471789356967,1053.6162597685684,26.019269595554217,926.4228364923054,20.0,543.0,2354.0,315.27716617629795,0.029846946629326798,nfw,entropy,expanded_cm,standard,1.0,1.0,0.0
70.83146700243998,8932.886732800562,827631.9705032895,0.9819734231364755,995.7138697266668,-995.2138697266668,pass_ml_down,9.0,0.0,995.7138697266668,361.5965975887924,1104.1928490033044,35.69279468235788,960.0210750443085,20.0,543.0,2364.0,262.8860345323883,0.033519449007799414,nfw,entropy,expanded_cm,standard,1.0,1.0,0.0
216.80824297594808,2015.7059651708425,454490.673134089,1.6493290069070548,1167.9222081324147,-1167.4222081324147,pass_full,10.0,0.0,1167.9222081324147,188.75749628125055,1224.5494570167898,35.1707161709524,1132.751491961462,20.0,543.0,3159.0,41.36691713166431,0.12140971079691049,nfw,entropy,expanded_cm,standard,1.0,1.0,0.0
216.80824297594808,2015.7059651708425,0.0,1.6493290069070548,1122.8326540865455,-1122.3326540865455,pass_halo_only,10.0,0.0,1122.8326540865455,251.02808734239696,1198.1410802892647,32.58790685592244,1090.2447472306228,20.0,543.0,3971.0,111.28492566233946,0.04529504678694422,nfw,entropy,expanded_cm,standard,1.0,1.0,0.0
216.80824297594808,2015.7059651708425,908981.346268178,1.6493290069070548,1188.879489867286,-1188.379489867286,pass_bh_up,10.0,0.0,1188.879489867286,327.36133414235525,1287.0878901099927,37.64075216973962,1151.238737697547,20.0,543.0,2404.0,201.96664458850725,0.0396734112636152,nfw,entropy,expanded_cm,standard,1.0,1.0,0.0
216.80824297594808,2015.7059651708425,227245.3365670445,1.6493290069070548,1152.5811073174857,-1152.0811073174857,pass_bh_down,10.0,0.0,1152.5811073174857,165.672958990075,1202.2829950145083,35.2117450089731,1117.3693623085128,20.0,543.0,2151.0,65.58648170427732,0.05759473883091315,nfw,entropy,expanded_cm,standard,1.0,1.0,0.0
250.0,2015.7059651708425,454490.673134089,1.6493290069070548,1138.6216912039013,-1138.1216912039013,pass_halo_up,10.0,0.0,1138.6216912039013,248.38456985581095,1213.1370621606445,34.89872831023918,1103.7229628936623,20.0,543.0,3091.0,153.20690953022805,0.04642872747209566,nfw,entropy,expanded_cm,standard,1.0,1.0,0.0
108.40412148797404,2015.7059651708425,454490.673134089,1.6493290069070548,1184.087166797644,-1183.587166797644,pass_halo_down,10.0,0.0,1184.087166797644,420.92702190810826,1310.3652733700765,38.3974188236149,1145.689747974029,20.0,543.0,4390.0,504.3937852971882,0.019844069522546484,nfw,entropy,expanded_cm,standard,1.0,1.0,0.0
216.80824297594808,2015.7059651708425,454490.673134089,2.0,1176.0296570510131,-1175.5296570510131,pass_ml_up,10.0,0.0,1176.0296570510131,280.9774911934192,1260.322904409039,28.219139752924384,1147.8105172980893,20.0,543.0,2296.0,153.20092121275837,0.039385618017388394,nfw,entropy,expanded_cm,standard,1.0,1.0,0.0
216.80824297594808,2015.7059651708425,454490.673134089,0.8246645034535274,1216.5214360521081,-1216.0214360521081,pass_ml_down,10.0,0.0,1216.5214360521081,413.7361383564061,1340.64227755903,37.30677676091957,1179.2146592911888,20.0,543.0,6302.0,601.3718680208941,0.01624545887485881,nfw,entropy,expanded_cm,standard,1.0,1.0,0.0
186.80785418423747,9207.601212976073,220469.92971028588,1.9963155763262859,1123.4952808735413,-1122.9952808735413,pass_full,11.0,0.0,1123.4952808735413,249.32978634911257,1198.294216778275,15.954295612352878,1107.5409852611886,20.0,543.0,4280.0,158.62769533516038,0.03441485456754924,nfw,entropy,expanded_cm,standard,1.0,1.0,0.0
186.80785418423747,9207.601212976073,0.0,1.9963155763262859,1522.6733857071792,-1522.1733857071792,pass_halo_only,11.0,0.0,1522.6733857071792,67.63559500298332,1542.9640642080742,27.14271644375882,1495.5306692634204,20.0,543.0,2274.0,14.086869960285961,0.19544550417373774,nfw,entropy,expanded_cm,standard,1.0,1.0,0.0
186.80785418423747,9207.601212976073,440939.85942057177,1.9963155763262859,1147.1112132414808,-1146.6112132414808,pass_bh_up,11.0,0.0,1147.1112132414808,350.21581062242325,1252.1759564282077,28.684722261938106,1118.426490979543,20.0,543.0,2655.0,277.8734686924118,0.040328207848491,nfw,entropy,expanded_cm,standard,1.0,1.0,0.0
186.80785418423747,9207.601212976073,110234.96485514294,1.9963155763262859,2184.590438323492,-2184.090438323492,pass_bh_down,11.0,0.0,2184.590438323492,213.10155836978893,2248.5209058344285,56.827074608460926,2127.763363715033,20.0,543.0,2886.0,56.2052338118461,0.06352402459777336,nfw,entropy,expanded_cm,standard,1.0,1.0,0.0
250.0,9207.601212976073,220469.92971028588,1.9963155763262859,1127.1117437447745,-1126.6117437447745,pass_halo_up,11.0,0.0,1127.1117437447745,158.80450445316106,1174.7530950807227,26.26102382639462,1100.8507199183798,20.0,543.0,2548.0,47.69495308488513,0.06105677553705535,nfw,entropy,expanded_cm,standard,1.0,1.0,0.0
93.40392709211874,9207.601212976073,220469.92971028588,1.9963155763262859,1032.5404671678061,-1032.0404671678061,pass_halo_down,11.0,0.0,1032.5404671678061,338.0958888686619,1133.9692338284046,32.69681989102697,999.843647276779,20.0,543.0,2994.0,233.4248340911825,0.03216045889078367,nfw,entropy,expanded_cm,standard,1.0,1.0,0.0
186.80785418423747,9207.601212976073,220469.92971028588,2.0,1140.7270539362207,-1140.2270539362207,pass_ml_up,11.0,0.0,1140.7270539362207,374.16094048587,1252.9753360819818,37.135792438995644,1103.5912614972247,20.0,543.0,2367.0,648.3282184080954,0.014165297024427018,nfw,entropy,expanded_cm,standard,1.0,1.0,0.0
186.80785418423747,9207.601212976073,220469.92971028588,0.9981577881631429,1138.0185588504926,-1137.5185588504926,pass_ml_down,11.0,0.0,1138.0185588504926,304.2325643483199,1229.2883281549884,37.73968691596582,1100.2788719345267,20.0,543.0,2763.0,311.5446559184126,0.02564194496922899,nfw,entropy,expanded_cm,standard,1.0,1.0,0.0
150.69913006459515,451.6327277666402,555521.0784644254,0.7753565394648787,1149.9247892191745,-1149.4247892191745,pass_full,12.0,0.0,1149.9247892191745,134.9212628319727,1190.4011680687663,26.350677593683322,1123.5741116254908,20.0,543.0,2283.0,48.0936157415829,0.09514537442790323,nfw,entropy,expanded_cm,standard,1.0,1.0,0.0
150.69913006459515,451.6327277666402,0.0,0.7753565394648787,1191.2877476029028,-1190.7877476029028,pass_halo_only,12.0,0.0,1191.2877476029028,330.37885487910256,1290.4014040666334,33.6694331706979,1157.6183144322047,20.0,543.0,2316.0,295.7782492892864,0.040785967841847744,nfw,entropy,expanded_cm,standard,1.0,1.0,0.0
150.69913006459515,451.6327277666402,1000000.0,0.7753565394648787,1165.1504471730293,-1164.6504471730293,pass_bh_up,12.0,0.0,1165.1504471730293,262.2681038477408,1243.8308783273515,33.19712751214642,1131.9533196608822,20.0,543.0,2309.0,171.2208963903181,0.03335992124908376,nfw,entropy,expanded_cm,standard,1.0,1.0,0.0
150.69913006459515,451.6327277666402,277760.5392322127,0.7753565394648787,1185.3261941002036,-1184.8261941002036,pass_bh_down,12.0,0.0,1185.3261941002036,277.4968194236056,1268.5752399272853,36.05950672885833,1149.266687371346,20.0,543.0,3083.0,149.75165628299692,0.04750342098285872,nfw,entropy,expanded_cm,standard,1.0,1.0,0.0
250.0,451.6327277666402,555521.0784644254,0.7753565394648787,1191.825040736187,-1191.325040736187,pass_halo_up,12.0,0.0,1191.825040736187,228.83060325081817,1260.4742217114324,38.49846052601315,1153.3265802101732,20.0,543.0,4959.0,91.11244701207004,0.05057075927332519,nfw,entropy,expanded_cm,standard,1.0,1.0,0.0
75.34956503229758,451.6327277666402,555521.0784644254,0.7753565394648787,1131.821166441405,-1131.321166441405,pass_halo_down,12.0,0.0,1131.821166441405,352.0088822433608,1237.4238311144131,36.00790746346436,1095.81325897794,20.0,543.0,2674.0,671.9802229346127,0.014853077559050843,nfw,entropy,expanded_cm,standard,1.0,1.0,0.0
150.69913006459515,451.6327277666402,555521.0784644254,1.5507130789297574,1187.6832279546477,-1187.1832279546477,pass_ml_up,12.0,0.0,1187.6832279546477,314.59545428216484,1282.0618642392972,38.80273096128681,1148.8804969933608,20.0,543.0,2759.0,253.6409199956216,0.039980520181381714,nfw,entropy,expanded_cm,standard,1.0,1.0,0.0
150.69913006459515,451.6327277666402,555521.0784644254,0.38767826973243935,1175.1954434987886,-1174.6954434987886,pass_ml_down,12.0,0.0,1175.1954434987886,373.78607133908525,1287.331264900514,35.45637077146636,1139.739072727322,20.0,543.0,3272.0,620.7190476287087,0.03003649609109761,nfw,entropy,expanded_cm,standard,1.0,1.0,0.0
125.52615613351436,5377.904997779838,662513.3897918408,1.0248962273370026,1099.8361225187464,-1099.3361225187464,pass_full,13.0,0.0,1099.8361225187464,314.55401149845864,1194.202325968284,41.75204524740945,1058.0840772713373,20.0,543.0,3024.0,222.33844090718816,0.021000444507721306,nfw,entropy,expanded_cm,standard,1.0,1.0,0.0
125.52615613351436,5377.904997779838,0.0,1.0248962273370026,2767.9198332240326,-2767.4198332240326,pass_halo_only,13.0,0.0,2767.9198332240326,207.32092376670695,2830.116110354045,113.4339944551946,2654.4858387688378,20.0,543.0,3032.0,6.110157194045717,0.36885221539166557,nfw,entropy,expanded_cm,standard,1.0,1.0,0.0
125.52615613351436,5377.904997779838,1000000.0,1.0248962273370026,1130.0491841113208,-1129.5491841113208,pass_bh_up,13.0,0.0,1130.0491841113208,364.4012444298786,1239.3695574402843,38.01195863400214,1092.0372254773183,20.0,543.0,2514.0,412.246809520463,0.019965336372296208,nfw,entropy,expanded_cm,standard,1.0,1.0,0.0
125.52615613351436,5377.904997779838,331256.6948959204,1.0248962273370026,1198.2562622931266,-1197.7562622931266,pass_bh_down,13.0,0.0,1198.2562622931266,227.8735153999323,1266.6183169131064,36.57187984262263,1161.6843824505042,20.0,543.0,2363.0,77.97285207165636,0.053138793705063796,nfw,entropy,expanded_cm,standard,1.0,1.0,0.0
250.0,5377.904997779838,662513.3897918408,1.0248962273370026,1172.4512361984894,-1171.9512361984894,pass_halo_up,13.0,0.0,1172.4512361984894,276.32247742991905,1255.3479794274651,37.379682694214395,1135.0715535042752,20.0,543.0,2439.0,175.6504116111455,0.03503388075029866,nfw,entropy,expanded_cm,standard,1.0,1.0,0.0
62.76307806675718,5377.904997779838,662513.3897918408,1.0248962273370026,947.8028415608419,-947.3028415608419,pass_halo_down,13.0,0.0,947.8028415608419,286.7260456418899,1033.8206552534089,31.611457418412943,916.1913841424289,20.0,543.0,2457.0,304.9086249980195,0.018216712293183814,nfw,entropy,expanded_cm,standard,1.0,1.0,0.0
125.52615613351436,5377.904997779838,662513.3897918408,2.0,1071.0626663958617,-1070.5626663958617,pass_ml_up,13.0,0.0,1071.0626663958617,293.07771956279163,1158.9859822646993,39.15928399550475,1031.903382400357,20.0,543.0,2531.0,495.2388445107695,0.014566196621956141,nfw,entropy,expanded_cm,standard,1.0,1.0,0.0
125.52615613351436,5377.904997779838,662513.3897918408,0.5124481136685013,1299.6384856371458,-1299.1384856371458,pass_ml_down,13.0,0.0,1299.6384856371458,124.0579706027511,1336.8558768179712,34.969232423009565,1264.6692532141367,20.0,543.0,5109.0,26.99494376059103,0.10846006777930972,nfw,entropy,expanded_cm,standard,1.0,1.0,0.0
27.469095734587583,7326.382908432605,784203.567912273,0.4543214736010023,1005.9806378214457,-1005.4806378214457,pass_full,14.0,0.0,1005.9806378214457,427.03538689003625,1134.0912538884565,36.41679802843232,969.5638397930134,20.0,543.0,2077.0,878.1905299563545,0.01338437986585925,nfw,entropy,expanded_cm,standard,1.0,1.0,0.0
27.469095734587583,7326.382908432605,0.0,0.4543214736010023,623.6957343760145,-623.1957343760145,pass_halo_only,14.0,0.0,623.6957343760145,219.7047588680691,689.6071620364352,16.330597913225674,607.3651364627887,20.0,543.0,2242.0,113.9999570882957,0.05352597220974155,nfw,entropy,expanded_cm,standard,1.0,1.0,0.0
27.469095734587583,7326.382908432605,1000000.0,0.4543214736010023,1005.4802072730688,-1004.9802072730688,pass_bh_up,14.0,0.0,1005.4802072730688,427.2600595746772,1133.658225145472,36.448885457926124,969.0313218151427,20.0,543.0,2038.0,745.3802897052211,0.01394873860590636,nfw,entropy,expanded_cm,standard,1.0,1.0,0.0
27.469095734587583,7326.382908432605,392101.7839561365,0.4543214736010023,926.9497172174986,-926.4497172174986,pass_bh_down,14.0,0.0,926.9497172174986,388.51197983619363,1043.5033111683567,32.316592661576365,894.6331245559219,20.0,543.0,2403.0,578.9570302933813,0.014420949471754891,nfw,entropy,expanded_cm,standard,1.0,1.0,0.0
54.938191469175166,7326.382908432605,784203.567912273,0.4543214736010023,930.4866828749533,-929.9866828749533,pass_halo_up,14.0,0.0,930.4866828749533,332.08393087639354,1030.1118621378714,34.440781984903374,896.0459008900497,20.0,543.0,2277.0,201.25696103412858,0.040512620877222884,nfw,entropy,expanded_cm,standard,1.0,1.0,0.0
13.734547867293792,7326.382908432605,784203.567912273,0.4543214736010023,990.9084722892545,-990.4084722892545,pass_halo_down,14.0,0.0,990.9084722892545,428.1255817743652,1119.3461468215642,36.02705196640968,954.8814203228446,20.0,543.0,2056.0,296.11460860962563,0.04524070713234916,nfw,entropy,expanded_cm,standard,1.0,1.0,0.0
27.469095734587583,7326.382908432605,784203.567912273,0.9086429472020046,1001.8716469157239,-1001.3716469157239,pass_ml_up,14.0,0.0,1001.8716469157239,427.17553259740146,1130.0243066949442,35.69194323730814,966.1797036784159,20.0,543.0,2035.0,763.3753050052055,0.012504461622609762,nfw,entropy,expanded_cm,standard,1.0,1.0,0.0
27.469095734587583,7326.382908432605,784203.567912273,0.22716073680050114,1004.5176784536741,-1004.0176784536741,pass_ml_down,14.0,0.0,1004.5176784536741,427.04600153200823,1132.6314789132766,35.959939777315626,968.5577386763587,20.0,543.0,2039.0,890.3046466365034,0.010467624603474158,nfw,entropy,expanded_cm,standard,1.0,1.0,0.0
209.671735474203,4086.990572504854,406423.6594914105,0.8671993601353001,1125.1859036515007,-1124.6859036515007,pass_full,15.0,0.0,1125.1859036515007,183.74373134434146,1180.309023054803,29.165344911345723,1096.0205587401545,20.0,543.0,2311.0,116.56378134195,0.05120485359984116,nfw,entropy,expanded_cm,standard,1.0,1.0,0.0
209.671735474203,4086.990572504854,0.0,0.8671993601353001,1091.529005598648,-1091.029005598648,pass_halo_only,15.0,0.0,1091.529005598648,144.21083674465712,1134.792256622045,33.501321095383915,1058.0276845032647,20.0,543.0,4017.0,84.81297874546719,0.057947904516035105,nfw,entropy,expanded_cm,standard,1.0,1.0,0.0
209.671735474203,4086.990572504854,812847.318982821,0.8671993601353001,1130.3113433671442,-1129.8113433671442,pass_bh_up,15.0,0.0,1130.3113433671442,306.1853329390389,1222.166943248856,32.54842189339163,1097.7629214737528,20.0,543.0,2359.0,401.39131887983206,0.019115984222221376,nfw,entropy,expanded_cm,standard,1.0,1.0,0.0
209.671735474203,4086.990572504854,203211.82974570524,0.8671993601353001,1106.2552400235302,-1105.7552400235302,pass_bh_down,15.0,0.0,1106.2552400235302,117.82051048189535,1141.6013931680989,35.555262963714014,1070.6999770598159,20.0,543.0,4702.0,78.0125550873418,0.050298515137879404,nfw,entropy,expanded_cm,standard,1.0,1.0,0.0
250.0,4086.990572504854,406423.6594914105,0.8671993601353001,1180.1696909942507,-1179.6696909942507,pass_halo_up,15.0,0.0,1180.1696909942507,226.12431815760212,1248.0069864415314,18.67109768894259,1161.4985933053085,20.0,543.0,2181.0,178.71142399118864,0.028298355902534968,nfw,entropy,expanded_cm,standard,1.0,1.0,0.0
104.8358677371015,4086.990572504854,406423.6594914105,0.8671993601353001,1104.8081542537604,-1104.3081542537604,pass_halo_down,15.0,0.0,1104.8081542537604,282.5257063879488,1189.565866170145,32.75626860944488,1072.051885644315,20.0,543.0,2257.0,165.09911726309085,0.03403275551851826,nfw,entropy,expanded_cm,standard,1.0,1.0,0.0
209.671735474203,4086.990572504854,406423.6594914105,1.7343987202706002,1298.1954188306222,-1297.6954188306222,pass_ml_up,15.0,0.0,1298.1954188306222,169.30979489462842,1348.9883572990107,27.199487634448584,1270.9959311961732,20.0,543.0,2060.0,31.554625136258483,0.08826315732575955,nfw,entropy,expanded_cm,standard,1.0,1.0,0.0
209.671735474203,4086.990572504854,406423.6594914105,0.43359968006765004,1123.03686294923,-1122.53686294923,pass_ml_down,15.0,0.0,1123.03686294923,139.34235388691388,1164.8395691153041,31.04536519169179,1091.9914977575384,20.0,543.0,2200.0,52.19060756140159,0.08215275738764724,nfw,entropy,expanded_cm,standard,1.0,1.0,0.0
229.25390446955927,4957.72573075632,965988.3696125202,0.3254977469476743,1146.814635520854,-1146.314635520854,pass_full,16.0,0.0,1146.814635520854,287.3181155140438,1233.010070175067,31.447536903861778,1115.3670986169925,20.0,543.0,2472.0,272.1069937531708,0.03831426003520308,nfw,entropy,expanded_cm,standard,1.0,1.0,0.0
229.25390446955927,4957.72573075632,0.0,0.3254977469476743,1150.1533950660912,-1149.6533950660912,pass_halo_only,16.0,0.0,1150.1533950660912,129.99095250177706,1189.1506808166243,82.99730162340673,1067.1560934426852,20.0,543.0,2802.0,19.694230452232414,0.11261056833650816,nfw,entropy,expanded_cm,standard,1.0,1.0,0.0
229.25390446955927,4957.72573075632,1000000.0,0.3254977469476743,1171.4212112463754,-1170.9212112463754,pass_bh_up,16.0,0.0,1171.4212112463754,220.50597374934532,1237.5730033711789,40.93473746761611,1130.4864737787589,20.0,543.0,2571.0,48.38618894599525,0.12713183278593573,nfw,entropy,expanded_cm,standard,1.0,1.0,0.0
229.25390446955927,4957.72573075632,482994.1848062601,0.3254977469476743,1136.6828324226776,-1136.1828324226776,pass_bh_down,16.0,0.0,1136.6828324226776,281.1449139636562,1221.0263066117745,32.72688966999111,1103.9559427526863,20.0,543.0,2929.0,257.27720453920847,0.025075851937918586,nfw,entropy,expanded_cm,standard,1.0,1.0,0.0
250.0,4957.72573075632,965988.3696125202,0.3254977469476743,1175.6506258072266,-1175.1506258072266,pass_halo_up,16.0,0.0,1175.6506258072266,339.486922985069,1277.4967027027474,34.63012335535873,1141.020502451868,20.0,543.0,2132.0,328.00740483056404,0.03168320738250048,nfw,entropy,expanded_cm,standard,1.0,1.0,0.0
114.62695223477964,4957.72573075632,965988.3696125202,0.3254977469476743,1106.8303844577347,-1106.3303844577347,pass_halo_down,16.0,0.0,1106.8303844577347,379.638345129816,1220.7218879966795,37.371638930402376,1069.4587455273322,20.0,543.0,2624.0,303.64607151404397,0.04369188501991961,nfw,entropy,expanded_cm,standard,1.0,1.0,0.0
229.25390446955927,4957.72573075632,965988.3696125202,0.6509954938953486,1213.7596469147754,-1213.2596469147754,pass_ml_up,16.0,0.0,1213.7596469147754,323.23645576683066,1310.7305836448247,77.5663592503475,1136.1932876644285,20.0,543.0,3659.0,245.77786258517506,0.03715066953393722,nfw,entropy,expanded_cm,standard,1.0,1.0,0.0
229.25390446955927,4957.72573075632,965988.3696125202,0.2,1284.3439940577998,-1283.8439940577998,pass_ml_down,16.0,0.0,1284.3439940577998,144.7528588451443,1327.769851711343,30.644373459741132,1253.6996205980586,20.0,543.0,2232.0,46.654770364768865,0.0810219283001577,nfw,entropy,expanded_cm,standard,1.0,1.0,0.0
90.51216287621943,547.0836422088009,335737.4839145163,0.9329194137130663,1141.388504501749,-1140.888504501749,pass_full,17.0,0.0,1141.388504501749,274.95094024079054,1223.873786573986,28.57765398360607,1112.8108505181422,20.0,543.0,4769.0,128.98480714413796,0.049923043043478624,nfw,entropy,expanded_cm,standard,1.0,1.0,0.0
90.51216287621943,547.0836422088009,0.0,0.9329194137130663,1468.0090910911765,-1467.5090910911765,pass_halo_only,17.0,0.0,1468.0090910911765,184.5564524122202,1523.3760268148426,29.042697091701392,1438.9663939994748,20.0,543.0,3090.0,20.942130758159532,0.17567062163890534,nfw,entropy,expanded_cm,standard,1.0,1.0,0.0
90.51216287621943,547.0836422088009,671474.9678290326,0.9329194137130663,1123.789125383805,-1123.289125383805,pass_bh_up,17.0,0.0,1123.789125383805,224.1149114065912,1191.0235988057823,40.30218279437969,1083.4869425894253,20.0,543.0,2249.0,66.21833720346334,0.07679387365651225,nfw,entropy,expanded_cm,standard,1.0,1.0,0.0
90.51216287621943,547.0836422088009,167868.74195725814,0.9329194137130663,1336.511000962476,-1336.011000962476,pass_bh_down,17.0,0.0,1336.511000962476,112.84109782199998,1370.363330309076,35.27653808478514,1301.2344628776907,20.0,543.0,2220.0,12.426264713017488,0.17580771161135514,nfw,entropy,expanded_cm,standard,1.0,1.0,0.0
181.02432575243887,547.0836422088009,335737.4839145163,0.9329194137130663,1122.6203340398365,-1122.1203340398365,pass_halo_up,17.0,0.0,1122.6203340398365,73.25455076887259,1144.5966992704982,33.61770672444871,1089.002627315388,20.0,543.0,2301.0,22.212377772790045,0.11702592642233142,nfw,entropy,expanded_cm,standard,1.0,1.0,0.0
45.25608143810972,547.0836422088009,335737.4839145163,0.9329194137130663,1107.9932270295349,-1107.4932270295349,pass_halo_down,17.0,0.0,1107.9932270295349,312.7783588562114,1201.8267346863984,37.00862372687097,1070.9846033026645,20.0,543.0,2144.0,185.01846614597702,0.04079236453977245,nfw,entropy,expanded_cm,standard,1.0,1.0,0.0
90.51216287621943,547.0836422088009,335737.4839145163,1.8658388274261326,1129.9747593177433,-1129.4747593177433,pass_ml_up,17.0,0.0,1129.9747593177433,353.47234568877195,1236.0164630243748,32.42889972727571,1097.5458595904681,20.0,543.0,3525.0,421.6859779547826,0.027873822648170826,nfw,entropy,expanded_cm,standard,1.0,1.0,0.0
90.51216287621943,547.0836422088009,335737.4839145163,0.46645970685653315,1137.97700854661,-1137.47700854661,pass_ml_down,17.0,0.0,1137.97700854661,124.90871865279505,1175.4496241424486,67.71180066321179,1070.2652078833994,20.0,543.0,2450.0,12.346279173373894,0.1580608666530422,nfw,entropy,expanded_cm,standard,1.0,1.0,0.0
58.27678131949754,2117.0549332207297,934802.200112177,1.2386842881693916,1137.9658078240889,-1137.4658078240889,pass_full,18.0,0.0,1137.9658078240889,426.2016513040741,1265.826303215311,38.356616086985305,1099.6091917371034,20.0,543.0,2080.0,747.8497999663067,0.01450557755288143,nfw,entropy,expanded_cm,standard,1.0,1.0,0.0
58.27678131949754,2117.0549332207297,0.0,1.2386842881693916,1053.098214223131,-1052.598214223131,pass_halo_only,18.0,0.0,1053.098214223131,330.9005193379184,1152.3683700245065,29.859167111924588,1023.2390471112063,20.0,543.0,2899.0,384.45482827312185,0.02179331101148505,nfw,entropy,expanded_cm,standard,1.0,1.0,0.0
58.27678131949754,2117.0549332207297,1000000.0,1.2386842881693916,1131.3081235949544,-1130.8081235949544,pass_bh_up,18.0,0.0,1131.3081235949544,427.26171592076224,1259.486638371183,38.936244713936055,1092.3718788810183,20.0,543.0,2080.0,812.7141389608693,0.010153808797053836,nfw,entropy,expanded_cm,standard,1.0,1.0,0.0
58.27678131949754,2117.0549332207297,467401.1000560885,1.2386842881693916,1142.340151115227,-1141.840151115227,pass_bh_down,18.0,0.0,1142.340151115227,427.19771025848144,1270.4994641927715,38.8152931250002,1103.5248579902268,20.0,543.0,2059.0,745.7612471383369,0.013868133230748784,nfw,entropy,expanded_cm,standard,1.0,1.0,0.0
116.55356263899507,2117.0549332207297,934802.200112177,1.2386842881693916,1198.967612383936,-1198.467612383936,pass_halo_up,18.0,0.0,1198.967612383936,427.2657533331673,1327.1473383838863,41.0825123329928,1157.8851000509437,20.0,543.0,2082.0,735.4420739261983,0.017502332123898543,nfw,entropy,expanded_cm,standard,1.0,1.0,0.0
29.13839065974877,2117.0549332207297,934802.200112177,1.2386842881693916,1041.7932765853152,-1041.2932765853152,pass_halo_down,18.0,0.0,1041.7932765853152,427.4165134579874,1170.0182306227114,35.93009191853862,1005.8631846667765,20.0,543.0,2081.0,766.1331038751788,0.01152559539193745,nfw,entropy,expanded_cm,standard,1.0,1.0,0.0
58.27678131949754,2117.0549332207297,934802.200112177,2.0,1140.2992031265824,-1139.7992031265824,pass_ml_up,18.0,0.0,1140.2992031265824,427.2825865440783,1268.4839790898059,40.07523752118314,1100.2239656053991,20.0,543.0,2098.0,880.1773633865223,0.01449490373135778,nfw,entropy,expanded_cm,standard,1.0,1.0,0.0
58.27678131949754,2117.0549332207297,934802.200112177,0.6193421440846958,1134.8911731265875,-1134.3911731265875,pass_ml_down,18.0,0.0,1134.8911731265875,427.4289157917587,1263.1198478641152,39.43214658579385,1095.4590265407937,20.0,543.0,2073.0,732.51677840405,0.013918694400319226,nfw,entropy,expanded_cm,standard,1.0,1.0,0.0
156.055428789393,8445.409669577368,176484.22862926027,1.7313946406740115,1132.6346793287428,-1132.1346793287428,pass_full,19.0,0.0,1132.6346793287428,329.97713809710876,1231.6278207578755,32.68008935599836,1099.9545899727443,20.0,543.0,2463.0,234.4245117060536,0.031004883657151445,nfw,entropy,expanded_cm,standard,1.0,1.0,0.0
156.055428789393,8445.409669577368,0.0,1.7313946406740115,1083.9105384122654,-1083.4105384122654,pass_halo_only,19.0,0.0,1083.9105384122654,321.6515303630053,1180.405997521167,32.81686646831065,1051.0936719439546,20.0,543.0,2694.0,418.33032535807604,0.023167056905934284,nfw,entropy,expanded_cm,standard,1.0,1.0,0.0
156.055428789393,8445.409669577368,352968.45725852053,1.7313946406740115,1238.357083484492,-1237.857083484492,pass_bh_up,19.0,0.0,1238.357083484492,218.8354840315578,1304.0077286939593,38.167404969147796,1200.1896785153442,20.0,543.0,4316.0,88.16438258346953,0.05801692154643929,nfw,entropy,expanded_cm,standard,1.0,1.0,0.0
156.055428789393,8445.409669577368,88242.11431463013,1.7313946406740115,1701.79542856603,-1701.29542856603,pass_bh_down,19.0,0.0,1701.79542856603,74.04545356699198,1724.0090646361277,15.35017479986647,1686.4452537661634,20.0,543.0,2365.0,19.13649224388206,0.1805373513871533,nfw,entropy,expanded_cm,standard,1.0,1.0,0.0
250.0,8445.409669577368,176484.22862926027,1.7313946406740115,1113.450548575031,-1112.950548575031,pass_halo_up,19.0,0.0,1113.450548575031,210.1918809297357,1176.5081128539516,17.740473499376176,1095.710075075655,20.0,543.0,2305.0,102.28642300671204,0.04447222580101379,nfw,entropy,expanded_cm,standard,1.0,1.0,0.0
78.0277143946965,8445.409669577368,176484.22862926027,1.7313946406740115,1041.8955240208877,-1041.3955240208877,pass_halo_down,19.0,0.0,1041.8955240208877,349.5192362241577,1146.751294888135,36.802627958324024,1005.0928960625636,20.0,543.0,2381.0,544.1860046470097,0.014048020646222457,nfw,entropy,expanded_cm,standard,1.0,1.0,0.0
156.055428789393,8445.409669577368,176484.22862926027,2.0,1105.6757176224203,-1105.1757176224203,pass_ml_up,19.0,0.0,1105.6757176224203,297.8526102576997,1195.0315006997303,34.66851304036213,1071.007204582059,20.0,543.0,3114.0,293.9572151268899,0.027535378931148057,nfw,entropy,expanded_cm,standard,1.0,1.0,0.0
156.055428789393,8445.409669577368,176484.22862926027,0.8656973203370057,1384.2409103418483,-1383.7409103418483,pass_ml_down,19.0,0.0,1384.2409103418483,147.16136383708192,1428.3893194929728,12.797060840436927,1371.4438495014115,20.0,543.0,2817.0,37.05207077219468,0.13879909043625674,nfw,entropy,expanded_cm,standard,1.0,1.0,0.0
74.78382502158404,8360.762861932237,957758.225319469,0.40651352908042787,985.0835849193186,-984.5835849193186,pass_full,20.0,0.0,985.0835849193186,302.6702181298306,1075.8846503582677,36.41380768378693,948.6697772355315,20.0,543.0,2156.0,240.59676625415403,0.02565848109209605,nfw,entropy,expanded_cm,standard,1.0,1.0,0.0
74.78382502158404,8360.762861932237,0.0,0.40651352908042787,1224.5719090598404,-1224.0719090598404,pass_halo_only,20.0,0.0,1224.5719090598404,199.60456136237238,1284.4532774685522,20.013579761215574,1204.5583292986248,20.0,543.0,2397.0,102.88834732809018,0.04996658533639799,nfw,entropy,expanded_cm,standard,1.0,1.0,0.0
74.78382502158404,8360.762861932237,1000000.0,0.40651352908042787,966.6252168928988,-966.1252168928988,pass_bh_up,20.0,0.0,966.6252168928988,223.84446206771898,1033.7785555132145,34.7576759317566,931.8675409611425,20.0,543.0,2197.0,63.89628169164524,0.09094810899855858,nfw,entropy,expanded_cm,standard,1.0,1.0,0.0
74.78382502158404,8360.762861932237,478879.1126597345,0.40651352908042787,966.729700810236,-966.229700810236,pass_bh_down,20.0,0.0,966.729700810236,327.51539412601096,1064.9843190480392,32.0529717956884,934.6767290145478,20.0,543.0,2233.0,133.95508951715834,0.05800187271895275,nfw,entropy,expanded_cm,standard,1.0,1.0,0.0
149.56765004316807,8360.762861932237,957758.225319469,0.40651352908042787,1189.7934342600956,-1189.2934342600956,pass_halo_up,20.0,0.0,1189.7934342600956,148.80652677353206,1234.4353922921553,37.02472687356839,1152.7687073865272,20.0,543.0,2396.0,36.277547116364765,0.08348292330109347,nfw,entropy,expanded_cm,standard,1.0,1.0,0.0
37.39191251079202,8360.762861932237,957758.225319469,0.40651352908042787,1025.7217122543952,-1025.2217122543952,pass_halo_down,20.0,0.0,1025.7217122543952,427.329290744172,1153.920499477647,36.06284683697766,989.6588654174179,20.0,543.0,2082.0,886.8460261503171,0.010682629130345005,nfw,entropy,expanded_cm,standard,1.0,1.0,0.0
74.78382502158404,8360.762861932237,957758.225319469,0.8130270581608557,1010.189093332689,-1009.689093332689,pass_ml_up,20.0,0.0,1010.189093332689,221.01940521418308,1076.494914896944,34.3262117759811,975.8628815567076,20.0,543.0,2303.0,135.66644914900485,0.03734244126076512,nfw,entropy,expanded_cm,standard,1.0,1.0,0.0
74.78382502158404,8360.762861932237,957758.225319469,0.20325676454021394,1055.1693408694157,-1054.6693408694157,pass_ml_down,20.0,0.0,1055.1693408694157,327.7818865759208,1153.503906842192,38.42928100366242,1016.7400598657539,20.0,543.0,2578.0,214.69617386297648,0.026110451743153164,nfw,entropy,expanded_cm,standard,1.0,1.0,0.0
29.147195247198887,552.9333506357644,581375.7108513953,0.37644943232606903,1039.4691357612169,-1038.9691357612169,pass_full,21.0,0.0,1039.4691357612169,363.9979007746326,1148.6685059936067,36.01418809434523,1003.4549476668717,20.0,543.0,2136.0,215.79595499681855,0.04483813913855163,nfw,entropy,expanded_cm,standard,1.0,1.0,0.0
29.147195247198887,552.9333506357644,0.0,0.37644943232606903,1008.1871990973898,-1007.6871990973898,pass_halo_only,21.0,0.0,1008.1871990973898,214.2048322776137,1072.448648780674,20.873407505967222,987.3137915914226,20.0,543.0,2282.0,103.9802213341739,0.05422495033511755,nfw,entropy,expanded_cm,standard,1.0,1.0,0.0
29.147195247198887,552.9333506357644,1000000.0,0.37644943232606903,1106.134251661574,-1105.634251661574,pass_bh_up,21.0,0.0,1106.134251661574,427.4117092550989,1234.3577644381035,38.529772952000485,1067.604478709573,20.0,543.0,2044.0,564.0364502058932,0.024039420441819618,nfw,entropy,expanded_cm,standard,1.0,1.0,0.0
29.147195247198887,552.9333506357644,290687.85542569763,0.37644943232606903,1107.2453306781347,-1106.7453306781347,pass_bh_down,21.0,0.0,1107.2453306781347,427.1152296742776,1235.379899580418,37.77618592403603,1069.4691447540984,20.0,543.0,2048.0,621.9145491305125,0.01891290686653539,nfw,entropy,expanded_cm,standard,1.0,1.0,0.0
58.294390494397774,552.9333506357644,581375.7108513953,0.37644943232606903,1165.0421263504586,-1164.5421263504586,pass_halo_up,21.0,0.0,1165.0421263504586,396.03787727046915,1283.8534895315993,41.13141288684688,1123.9107134636126,20.0,543.0,2271.0,543.5373354938146,0.016889830841278743,nfw,entropy,expanded_cm,standard,1.0,1.0,0.0
14.573597623599444,552.9333506357644,581375.7108513953,0.37644943232606903,1017.8944141457633,-1017.3944141457633,pass_halo_down,21.0,0.0,1017.8944141457633,427.1850274632565,1146.0499223847403,36.677157899209604,981.2172562465538,20.0,543.0,2063.0,987.1261268956798,0.0082096742451673,nfw,entropy,expanded_cm,standard,1.0,1.0,0.0
29.147195247198887,552.9333506357644,581375.7108513953,0.7528988646521381,1102.601247625439,-1102.101247625439,pass_ml_up,21.0,0.0,1102.601247625439,427.2755346725862,1230.783908027215,38.18830456941284,1064.4129430560267,20.0,543.0,2059.0,924.7479128455096,0.009590346776611792,nfw,entropy,expanded_cm,standard,1.0,1.0,0.0
29.147195247198887,552.9333506357644,581375.7108513953,0.2,1107.177377429115,-1106.677377429115,pass_ml_down,21.0,0.0,1107.177377429115,427.33719803649734,1235.3785368400643,38.16812972795538,1069.009247701159,20.0,543.0,2048.0,598.31773098821,0.024142921458396784,nfw,entropy,expanded_cm,standard,1.0,1.0,0.0
53.313784021467306,1804.6474807334837,973148.6259011385,0.5568255941400457,1139.4336409862997,-1138.9336409862997,pass_full,22.0,0.0,1139.4336409862997,426.90262490519035,1267.5044284578569,40.322813032166,1099.1108279541338,20.0,543.0,2012.0,744.6871103225417,0.015390040408322219,nfw,entropy,expanded_cm,standard,1.0,1.0,0.0
53.313784021467306,1804.6474807334837,0.0,0.5568255941400457,1090.463101620735,-1089.963101620735,pass_halo_only,22.0,0.0,1090.463101620735,392.1199253950242,1208.0990792392422,23.83722098344219,1066.6258806372925,20.0,543.0,2955.0,604.1690053655093,0.01801933504439796,nfw,entropy,expanded_cm,standard,1.0,1.0,0.0
53.313784021467306,1804.6474807334837,1000000.0,0.5568255941400457,1134.3800553363849,-1133.8800553363849,pass_bh_up,22.0,0.0,1134.3800553363849,426.95626516810177,1262.4669348868154,39.89331015456789,1094.486745181817,20.0,543.0,2047.0,859.4036873464183,0.012081899171550533,nfw,entropy,expanded_cm,standard,1.0,1.0,0.0
53.313784021467306,1804.6474807334837,486574.31295056926,0.5568255941400457,1136.5555152784411,-1136.0555152784411,pass_bh_down,22.0,0.0,1136.5555152784411,427.08410069316375,1264.6807454863902,38.056183237900726,1098.49933204054,20.0,543.0,2016.0,742.4834443494784,0.012122875252102601,nfw,entropy,expanded_cm,standard,1.0,1.0,0.0
106.62756804293461,1804.6474807334837,973148.6259011385,0.5568255941400457,1187.796727522318,-1187.296727522318,pass_halo_up,22.0,0.0,1187.796727522318,426.7859951428231,1315.832526065165,40.502664277078864,1147.294063245239,20.0,543.0,2040.0,794.3565203103503,0.017336420145125788,nfw,entropy,expanded_cm,standard,1.0,1.0,0.0
26.656892010733653,1804.6474807334837,973148.6259011385,0.5568255941400457,1040.2611586583,-1039.7611586583,pass_halo_down,22.0,0.0,1040.2611586583,427.04347688884997,1168.3742017249551,36.356537999834984,1003.9046206584651,20.0,543.0,2030.0,777.2433549287637,0.010858432002971753,nfw,entropy,expanded_cm,standard,1.0,1.0,0.0
53.313784021467306,1804.6474807334837,973148.6259011385,1.1136511882800915,1133.6401680905776,-1133.1401680905776,pass_ml_up,22.0,0.0,1133.6401680905776,426.82118141993067,1261.6865225165568,40.16487099392836,1093.475297096649,20.0,543.0,2017.0,868.8995078530247,0.010103187431252412,nfw,entropy,expanded_cm,standard,1.0,1.0,0.0
53.313784021467306,1804.6474807334837,973148.6259011385,0.27841279707002287,1141.7254710489356,-1141.2254710489356,pass_ml_down,22.0,0.0,1141.7254710489356,426.77016372631573,1269.7565201668303,40.139245450885376,1101.58622559805,20.0,543.0,2037.0,832.2149867359473,0.01073333766490325,nfw,entropy,expanded_cm,standard,1.0,1.0,0.0
44.47184025691273,2792.690510062206,272568.0686376315,1.6495390909406413,1061.5254489225624,-1061.0254489225624,pass_full,23.0,0.0,1061.5254489225624,402.6350143786068,1182.3159532361444,34.97355255982439,1026.5518963627383,20.0,543.0,6494.0,504.648652086672,0.02207090371859559,nfw,entropy,expanded_cm,standard,1.0,1.0,0.0
44.47184025691273,2792.690510062206,0.0,1.6495390909406413,1121.7418490685538,-1121.2418490685538,pass_halo_only,23.0,0.0,1121.7418490685538,183.65119521554664,1176.8372076332178,12.280836231153145,1109.4610128374004,20.0,543.0,2368.0,125.03464361012158,0.04173958131694708,nfw,entropy,expanded_cm,standard,1.0,1.0,0.0
44.47184025691273,2792.690510062206,545136.137275263,1.6495390909406413,1091.2894615503517,-1090.7894615503517,pass_bh_up,23.0,0.0,1091.2894615503517,427.0149101458847,1219.3939345941171,37.83091579202899,1053.458545758323,20.0,543.0,1991.0,518.5423054183732,0.027270041638386477,nfw,entropy,expanded_cm,standard,1.0,1.0,0.0
44.47184025691273,2792.690510062206,136284.03431881574,1.6495390909406413,932.0832806091466,-931.5832806091466,pass_bh_down,23.0,0.0,932.0832806091466,340.2203681064598,1034.1493910410845,10.028624692712881,922.0546559164337,20.0,543.0,2606.0,295.24645031815544,0.03262156716506564,nfw,entropy,expanded_cm,standard,1.0,1.0,0.0
88.94368051382546,2792.690510062206,272568.0686376315,1.6495390909406413,1286.823491841255,-1286.323491841255,pass_halo_up,23.0,0.0,1286.823491841255,242.7746984314879,1359.6559013707013,34.033293650604556,1252.7901981906502,20.0,543.0,2640.0,144.98142914604102,0.03344046553742084,nfw,entropy,expanded_cm,standard,1.0,1.0,0.0
22.235920128456364,2792.690510062206,272568.0686376315,1.6495390909406413,1012.9122456113299,-1012.4122456113299,pass_halo_down,23.0,0.0,1012.9122456113299,427.5960613999005,1141.1910640313001,36.003750617474175,976.9084949938554,20.0,543.0,2060.0,696.2996779145238,0.012248261854230546,nfw,entropy,expanded_cm,standard,1.0,1.0,0.0
44.47184025691273,2792.690510062206,272568.0686376315,2.0,1020.0079786210391,-1019.5079786210391,pass_ml_up,23.0,0.0,1020.0079786210391,381.77922854267104,1134.5417471838405,46.30770412002023,973.7002745010187,20.0,543.0,2407.0,512.8261883158573,0.01610953068150991,nfw,entropy,expanded_cm,standard,1.0,1.0,0.0
44.47184025691273,2792.690510062206,272568.0686376315,0.8247695454703207,901.4437271557314,-900.9437271557314,pass_ml_down,23.0,0.0,901.4437271557314,153.5396018559686,947.505607712522,28.052357512778133,873.3913696429532,20.0,543.0,2182.0,49.378163382999574,0.08196935869214671,nfw,entropy,expanded_cm,standard,1.0,1.0,0.0
43.331636889664736,3147.4105051317224,465560.71835467103,1.6525409019010289,981.1359386511567,-980.6359386511567,pass_full,24.0,0.0,981.1359386511567,313.59123021540853,1075.2133077157794,76.56303530503786,904.5729033461188,20.0,543.0,3431.0,52.27067280441801,0.0770161633862257,nfw,entropy,expanded_cm,standard,1.0,1.0,0.0
43.331636889664736,3147.4105051317224,0.0,1.6525409019010289,2142.395614143836,-2141.895614143836,pass_halo_only,24.0,0.0,2142.395614143836,199.8557290323241,2202.3523328535334,179.16912699727501,1963.2264871465618,20.0,543.0,2700.0,42.708891873201736,0.055751198565852034,nfw,entropy,expanded_cm,standard,1.0,1.0,0.0
43.331636889664736,3147.4105051317224,931121.4367093421,1.6525409019010289,1070.4478352049014,-1069.9478352049014,pass_bh_up,24.0,0.0,1070.4478352049014,427.51213692918,1198.7014762836554,37.202544518808956,1033.2452906860924,20.0,543.0,2090.0,796.2160871423513,0.011318849820571766,nfw,entropy,expanded_cm,standard,1.0,1.0,0.0
43.331636889664736,3147.4105051317224,232780.35917733551,1.6525409019010289,994.8185850263441,-994.3185850263441,pass_bh_down,24.0,0.0,994.8185850263441,391.287226613457,1112.2047530103812,40.19333768969741,954.6252473366468,20.0,543.0,4754.0,332.20688375906593,0.03611813365380459,nfw,entropy,expanded_cm,standard,1.0,1.0,0.0
86.66327377932947,3147.4105051317224,465560.71835467103,1.6525409019010289,1106.2105889151946,-1105.7105889151946,pass_halo_up,24.0,0.0,1106.2105889151946,387.49293886948226,1222.4584705760394,34.6974448808606,1071.5131440343334,20.0,543.0,2249.0,587.8444957583229,0.01486178640478539,nfw,entropy,expanded_cm,standard,1.0,1.0,0.0
21.665818444832368,3147.4105051317224,465560.71835467103,1.6525409019010289,1012.57692174562,-1012.07692174562,pass_halo_down,24.0,0.0,1012.57692174562,427.4959404761009,1140.8257038884503,36.69819690870712,975.8787248369129,20.0,543.0,2087.0,753.7109265138834,0.012812383545612514,nfw,entropy,expanded_cm,standard,1.0,1.0,0.0
43.331636889664736,3147.4105051317224,465560.71835467103,2.0,910.1193691221312,-909.6193691221312,pass_ml_up,24.0,0.0,910.1193691221312,312.3504376486293,1003.82450041672,24.356739521708462,885.7626296004224,20.0,543.0,2126.0,295.6774171554358,0.025403031694750496,nfw,entropy,expanded_cm,standard,1.0,1.0,0.0
43.331636889664736,3147.4105051317224,465560.71835467103,0.8262704509505144,957.2113501115131,-956.7113501115131,pass_ml_down,24.0,0.0,957.2113501115131,304.17810019992737,1048.4647801714914,31.66982088823109,925.5415292232818,20.0,543.0,2428.0,177.38498848271135,0.03577313041853271,nfw,entropy,expanded_cm,standard,1.0,1.0,0.0
204.78861910799793,2066.569902530942,152537.47486775726,1.4366366846272989,1118.4544361625683,-1117.9544361625683,pass_full,25.0,0.0,1118.4544361625683,199.69200971070086,1178.3620390757785,37.979985726622914,1080.4744504359446,20.0,543.0,2432.0,72.71675631303239,0.06498994645330697,nfw,entropy,expanded_cm,standard,1.0,1.0,0.0
204.78861910799793,2066.569902530942,0.0,1.4366366846272989,1180.9149147756018,-1180.4149147756018,pass_halo_only,25.0,0.0,1180.9149147756018,105.24859832067747,1212.4894942718051,55.62951227150534,1125.2854025040965,20.0,543.0,3076.0,15.277712192907579,0.19329806426159016,nfw,entropy,expanded_cm,standard,1.0,1.0,0.0
204.78861910799793,2066.569902530942,305074.9497355145,1.4366366846272989,1139.4514853602373,-1138.9514853602373,pass_bh_up,25.0,0.0,1139.4514853602373,203.09893330850193,1200.3811653527878,36.64383651000148,1102.8076488502356,20.0,543.0,2568.0,47.26952465244901,0.07435825821334678,nfw,entropy,expanded_cm,standard,1.0,1.0,0.0
204.78861910799793,2066.569902530942,76268.73743387863,1.4366366846272989,1181.8174059966982,-1181.3174059966982,pass_bh_down,25.0,0.0,1181.8174059966982,355.7896069347905,1288.5542880771354,28.621040183566894,1153.1963658131313,20.0,543.0,3455.0,359.3129803794616,0.027233725396177935,nfw,entropy,expanded_cm,standard,1.0,1.0,0.0
250.0,2066.569902530942,152537.47486775726,1.4366366846272989,1115.5040490550134,-1115.0040490550134,pass_halo_up,25.0,0.0,1115.5040490550134,155.0545234797619,1162.020406098942,32.69421034801118,1082.8098387070029,20.0,543.0,2314.0,38.336659721372364,0.0918778689026903,nfw,entropy,expanded_cm,standard,1.0,1.0,0.0
102.39430955399897,2066.569902530942,152537.47486775726,1.4366366846272989,1120.6137462098195,-1120.1137462098195,pass_halo_down,25.0,0.0,1120.6137462098195,290.5254606630881,1207.771384408746,34.17969046593124,1086.4340557438888,20.0,543.0,2089.0,203.41714784004262,0.028627784334336867,nfw,entropy,expanded_cm,standard,1.0,1.0,0.0
204.78861910799793,2066.569902530942,152537.47486775726,2.0,1173.528671940789,-1173.028671940789,pass_ml_up,25.0,0.0,1173.528671940789,338.0608139129298,1274.946916114668,35.389547608395006,1138.1391243323942,20.0,543.0,2723.0,390.13018852706875,0.027662436308565703,nfw,entropy,expanded_cm,standard,1.0,1.0,0.0
204.78861910799793,2066.569902530942,152537.47486775726,0.7183183423136494,1123.5470106097011,-1123.0470106097011,pass_ml_down,25.0,0.0,1123.5470106097011,272.0635246674862,1205.166068009947,35.176953907936756,1088.3700567017643,20.0,543.0,2442.0,305.64497955205906,0.01884810981722119,nfw,entropy,expanded_cm,standard,1.0,1.0,0.0
178.13696757911927,1753.934734847363,248939.65575824984,1.7015032908015848,1180.338496190966,-1179.838496190966,pass_full,26.0,0.0,1180.338496190966,341.1643332972236,1282.687796180133,25.841475173054047,1154.497021017911,20.0,543.0,2204.0,320.58994048144643,0.02779931131979314,nfw,entropy,expanded_cm,standard,1.0,1.0,0.0
178.13696757911927,1753.934734847363,0.0,1.7015032908015848,1161.7189508280694,-1161.2189508280694,pass_halo_only,26.0,0.0,1161.7189508280694,183.3321668891504,1216.7186008948145,27.292848521094495,1134.426102306975,20.0,543.0,3735.0,40.347574660863856,0.12577748358763483,nfw,entropy,expanded_cm,standard,1.0,1.0,0.0
178.13696757911927,1753.934734847363,497879.31151649967,1.7015032908015848,1169.7527134806276,-1169.2527134806276,pass_bh_up,26.0,0.0,1169.7527134806276,308.0360135201884,1262.1635175366841,33.40508042680539,1136.347633053823,20.0,543.0,2190.0,266.0345318847924,0.03460977745859608,nfw,entropy,expanded_cm,standard,1.0,1.0,0.0
178.13696757911927,1753.934734847363,124469.82787912492,1.7015032908015848,1179.1338794985415,-1178.6338794985415,pass_bh_down,26.0,0.0,1179.1338794985415,360.6624608177805,1287.3326177438757,34.890341487543814,1144.2435380109978,20.0,543.0,2696.0,373.1534011726715,0.019264777767638845,nfw,entropy,expanded_cm,standard,1.0,1.0,0.0
250.0,1753.934734847363,248939.65575824984,1.7015032908015848,1172.1669673517822,-1171.6669673517822,pass_halo_up,26.0,0.0,1172.1669673517822,97.613025100432,1201.450874881912,91.51839099092898,1080.6485763608532,20.0,543.0,5196.0,6.619309768564703,0.3657791302350292,nfw,entropy,expanded_cm,standard,1.0,1.0,0.0
89.06848378955964,1753.934734847363,248939.65575824984,1.7015032908015848,1108.9180067668224,-1108.4180067668224,pass_halo_down,26.0,0.0,1108.9180067668224,382.077481212152,1223.541251130468,30.283284781326955,1078.6347219854947,20.0,543.0,4722.0,475.69640254592207,0.025991962732225395,nfw,entropy,expanded_cm,standard,1.0,1.0,0.0
178.13696757911927,1753.934734847363,248939.65575824984,2.0,1178.553972729525,-1178.053972729525,pass_ml_up,26.0,0.0,1178.553972729525,362.92131321369135,1287.4303666936323,33.764225636830396,1144.7897470926944,20.0,543.0,2900.0,543.4997234797623,0.020553578611001606,nfw,entropy,expanded_cm,standard,1.0,1.0,0.0
178.13696757911927,1753.934734847363,248939.65575824984,0.8507516454007924,1162.0261586056708,-1161.5261586056708,pass_ml_down,26.0,0.0,1162.0261586056708,352.9706174342989,1267.9173438359605,35.10659263482869,1126.9195659708423,20.0,543.0,5272.0,537.0066533811499,0.026493456988452856,nfw,entropy,expanded_cm,standard,1.0,1.0,0.0
203.27361716829208,4714.84006154676,547977.3652165919,1.430143209726485,1188.9415986040135,-1188.4415986040135,pass_full,27.0,0.0,1188.9415986040135,153.82444658022104,1235.0889325780797,33.01437841816511,1155.9272201858485,20.0,543.0,2197.0,35.87111419076072,0.13155643898152797,nfw,entropy,expanded_cm,standard,1.0,1.0,0.0
203.27361716829208,4714.84006154676,0.0,1.430143209726485,1272.4594379071484,-1271.9594379071484,pass_halo_only,27.0,0.0,1272.4594379071484,129.88098727044886,1311.423734088283,125.1927482351067,1147.2666896720423,20.0,543.0,2572.0,23.439566689448064,0.11767683900510496,nfw,entropy,expanded_cm,standard,1.0,1.0,0.0
203.27361716829208,4714.84006154676,1000000.0,1.430143209726485,1160.2018647030293,-1159.7018647030293,pass_bh_up,27.0,0.0,1160.2018647030293,237.08144768577208,1231.326299008761,34.446438179492674,1125.7554265235372,20.0,543.0,2334.0,167.7475362277341,0.032318544394114836,nfw,entropy,expanded_cm,standard,1.0,1.0,0.0
203.27361716829208,4714.84006154676,273988.68260829593,1.430143209726485,1284.1917481139903,-1283.6917481139903,pass_bh_down,27.0,0.0,1284.1917481139903,160.28770682706443,1332.2780601621096,129.9215770418435,1154.270171072147,20.0,543.0,2328.0,30.32421410756252,0.1110384172046245,nfw,entropy,expanded_cm,standard,1.0,1.0,0.0
250.0,4714.84006154676,547977.3652165919,1.430143209726485,1163.3097617189485,-1162.8097617189485,pass_halo_up,27.0,0.0,1163.3097617189485,271.2799086105511,1244.6937343021139,51.917331984614016,1111.392429734334,20.0,543.0,3148.0,277.9931197088626,0.03038962966107956,nfw,entropy,expanded_cm,standard,1.0,1.0,0.0
101.63680858414604,4714.84006154676,547977.3652165919,1.430143209726485,1100.8859747106253,-1100.3859747106253,pass_halo_down,27.0,0.0,1100.8859747106253,352.049936111379,1206.500955544039,35.52856223282128,1065.3574124778042,20.0,543.0,2424.0,373.0621176080975,0.02197281078711152,nfw,entropy,expanded_cm,standard,1.0,1.0,0.0
203.27361716829208,4714.84006154676,547977.3652165919,2.0,1173.414779352832,-1172.914779352832,pass_ml_up,27.0,0.0,1173.414779352832,187.73890399328477,1229.7364505508174,37.56746440552009,1135.847314947312,20.0,543.0,2254.0,74.43798554805174,0.06895977946886574,nfw,entropy,expanded_cm,standard,1.0,1.0,0.0
203.27361716829208,4714.84006154676,547977.3652165919,0.7150716048632425,1305.779647836346,-1305.279647836346,pass_ml_down,27.0,0.0,1305.779647836346,119.969492957148,1341.7704957234903,38.07752372606728,1267.7021241102782,20.0,543.0,2226.0,11.386765288193855,0.16837179707577143,nfw,entropy,expanded_cm,standard,1.0,1.0,0.0
123.26416503118482,7115.747297915422,703609.8714755526,0.9880347945092904,1104.7848153404077,-1104.2848153404077,pass_full,28.0,0.0,1104.7848153404077,294.7358368736396,1193.2055664024995,33.770970437713636,1071.0138449026947,20.0,543.0,2674.0,219.527978919267,0.029533004265885215,nfw,entropy,expanded_cm,standard,1.0,1.0,0.0
123.26416503118482,7115.747297915422,0.0,0.9880347945092904,4286.245636742034,-4285.745636742034,pass_halo_only,28.0,0.0,4286.245636742034,305.59754028746664,4377.924898828273,138.78128585302102,4147.46435088901,20.0,543.0,2851.0,31.043728446808736,0.08212493803587494,nfw,entropy,expanded_cm,standard,1.0,1.0,0.0
123.26416503118482,7115.747297915422,1000000.0,0.9880347945092904,1085.9448814999769,-1085.4448814999769,pass_bh_up,28.0,0.0,1085.9448814999769,318.2548135889782,1181.4213255766704,35.75480993793307,1050.1900715620438,20.0,543.0,2099.0,234.1415682187331,0.0276587183939065,nfw,entropy,expanded_cm,standard,1.0,1.0,0.0
123.26416503118482,7115.747297915422,351804.9357377763,0.9880347945092904,1027.0571440488602,-1026.5571440488602,pass_bh_down,28.0,0.0,1027.0571440488602,282.0565068405832,1111.6740961010353,18.576446844827643,1008.4806972040325,20.0,543.0,2222.0,249.86468824628034,0.02675826164689299,nfw,entropy,expanded_cm,standard,1.0,1.0,0.0
246.52833006236963,7115.747297915422,703609.8714755526,0.9880347945092904,1153.4152248892701,-1152.9152248892701,pass_halo_up,28.0,0.0,1153.4152248892701,321.25954288338863,1249.7930877542867,36.887309682836815,1116.5279152064338,20.0,543.0,2374.0,103.52868303080997,0.07506617272495986,nfw,entropy,expanded_cm,standard,1.0,1.0,0.0
61.63208251559241,7115.747297915422,703609.8714755526,0.9880347945092904,995.7730073606102,-995.2730073606102,pass_halo_down,28.0,0.0,995.7730073606102,277.3527379416838,1078.9788287431154,35.20998994473587,960.5630174158742,20.0,543.0,2202.0,164.64488802148648,0.048170209304850435,nfw,entropy,expanded_cm,standard,1.0,1.0,0.0
123.26416503118482,7115.747297915422,703609.8714755526,1.9760695890185809,1124.240430569518,-1123.740430569518,pass_ml_up,28.0,0.0,1124.240430569518,314.97594332430685,1218.73321356681,25.702903077782526,1098.5375274917362,20.0,543.0,2488.0,249.13175707745268,0.02708136215196335,nfw,entropy,expanded_cm,standard,1.0,1.0,0.0
123.26416503118482,7115.747297915422,703609.8714755526,0.4940173972546452,1143.40072577741,-1142.90072577741,pass_ml_down,28.0,0.0,1143.40072577741,397.8607878543535,1262.7589621337158,36.388337415570426,1107.0123883618396,20.0,543.0,2822.0,366.56825369325344,0.025561977572330103,nfw,entropy,expanded_cm,standard,1.0,1.0,0.0
50.82774551550862,4291.025308702914,803772.4449139253,1.724501553763538,1019.3680000243603,-1018.8680000243603,pass_full,29.0,0.0,1019.3680000243603,378.73190896437944,1132.9875727136741,28.646668745700005,990.7213312786604,20.0,543.0,5390.0,413.0527816549557,0.02225408894726619,nfw,entropy,expanded_cm,standard,1.0,1.0,0.0
50.82774551550862,4291.025308702914,0.0,1.724501553763538,1192.3310638276657,-1191.8310638276657,pass_halo_only,29.0,0.0,1192.3310638276657,100.05656012243308,1222.3480318643956,11.33606206761432,1180.995001760051,20.0,543.0,2954.0,12.78847908980554,0.25064510518803845,nfw,entropy,expanded_cm,standard,1.0,1.0,0.0
50.82774551550862,4291.025308702914,1000000.0,1.724501553763538,990.1707931757667,-989.6707931757667,pass_bh_up,29.0,0.0,990.1707931757667,370.58851343240855,1101.3473472054893,29.179943547576688,960.9908496281901,20.0,543.0,2310.0,412.60815222416676,0.016830497674750925,nfw,entropy,expanded_cm,standard,1.0,1.0,0.0
50.82774551550862,4291.025308702914,401886.2224569626,1.724501553763538,916.6097225499676,-916.1097225499676,pass_bh_down,29.0,0.0,916.6097225499676,262.7470324453781,995.4338322835811,26.42649047765213,890.1832320723153,20.0,543.0,2318.0,118.72601713337401,0.04602726882112633,nfw,entropy,expanded_cm,standard,1.0,1.0,0.0
101.65549103101723,4291.025308702914,803772.4449139253,1.724501553763538,1191.468996791669,-1190.968996791669,pass_halo_up,29.0,0.0,1191.468996791669,281.2175746903165,1275.834269198764,32.79597579570764,1158.6730209959624,20.0,543.0,2454.0,170.6280526564183,0.04242217150705613,nfw,entropy,expanded_cm,standard,1.0,1.0,0.0
25.41387275775431,4291.025308702914,803772.4449139253,1.724501553763538,1002.0906854534593,-1001.5906854534593,pass_halo_down,29.0,0.0,1002.0906854534593,426.99004365438486,1130.1876985497747,35.067904470170674,967.0227809832887,20.0,543.0,2035.0,724.8357670382874,0.016418423204420964,nfw,entropy,expanded_cm,standard,1.0,1.0,0.0
50.82774551550862,4291.025308702914,803772.4449139253,2.0,1024.9941013121306,-1024.4941013121306,pass_ml_up,29.0,0.0,1024.9941013121306,406.36587211313497,1146.903862946071,19.31046857758953,1005.6836327345411,20.0,543.0,5796.0,444.6803415760441,0.024602914568166184,nfw,entropy,expanded_cm,standard,1.0,1.0,0.0
50.82774551550862,4291.025308702914,803772.4449139253,0.862250776881769,1065.8370181690418,-1065.3370181690418,pass_ml_down,29.0,0.0,1065.8370181690418,307.33087580427485,1158.0362809103242,37.08223547300853,1028.7547826960333,20.0,543.0,2237.0,228.86564791893662,0.03638556179541964,nfw,entropy,expanded_cm,standard,1.0,1.0,0.0
31.867716007342285,4371.048942528042,893503.4703969937,1.1901941473922633,1030.4251340430274,-1029.9251340430274,pass_full,30.0,0.0,1030.4251340430274,427.0759526755407,1158.5479198456896,35.8667687893179,994.5583652537093,20.0,543.0,2021.0,847.2139660321777,0.009188334167543362,nfw,entropy,expanded_cm,standard,1.0,1.0,0.0
31.867716007342285,4371.048942528042,0.0,1.1901941473922633,2863.6674644466893,-2863.1674644466893,pass_halo_only,30.0,0.0,2863.6674644466893,337.0423052786304,2964.7801560302782,528.7971071993998,2334.870357247291,20.0,543.0,4960.0,8.756625844608275,0.23965537299530612,nfw,entropy,expanded_cm,standard,1.0,1.0,0.0
31.867716007342285,4371.048942528042,1000000.0,1.1901941473922633,1032.3416665085995,-1031.8416665085995,pass_bh_up,30.0,0.0,1032.3416665085995,426.93053727241414,1160.4208276903237,36.26040132091895,996.0812651876804,20.0,543.0,2048.0,998.1029965099302,0.011255844860650349,nfw,entropy,expanded_cm,standard,1.0,1.0,0.0
31.867716007342285,4371.048942528042,446751.73519849684,1.1901941473922633,928.4831906649276,-927.9831906649276,pass_bh_down,30.0,0.0,928.4831906649276,377.9034937216645,1041.854238781427,24.08739573260551,904.3957949323219,20.0,543.0,2610.0,463.3563419882747,0.025262660950958703,nfw,entropy,expanded_cm,standard,1.0,1.0,0.0
63.73543201468457,4371.048942528042,893503.4703969937,1.1901941473922633,1028.8438571116603,-1028.3438571116603,pass_halo_up,30.0,0.0,1028.8438571116603,345.6256935706603,1132.5315651828585,33.61759244269851,995.226264668962,20.0,543.0,2580.0,245.28375316417333,0.026958634352467536,nfw,entropy,expanded_cm,standard,1.0,1.0,0.0
15.933858003671142,4371.048942528042,893503.4703969937,1.1901941473922633,996.4769883638319,-995.9769883638319,pass_halo_down,30.0,0.0,996.4769883638319,427.6702128683651,1124.7780522243415,35.966700248342775,960.510288115489,20.0,543.0,2035.0,577.4710979050361,0.02019517630771601,nfw,entropy,expanded_cm,standard,1.0,1.0,0.0
31.867716007342285,4371.048942528042,893503.4703969937,2.0,1026.2393383657911,-1025.7393383657911,pass_ml_up,30.0,0.0,1026.2393383657911,426.7586270555972,1154.2669264824704,36.35723158186979,989.8821067839212,20.0,543.0,2014.0,815.5767671895869,0.0150058842799987,nfw,entropy,expanded_cm,standard,1.0,1.0,0.0
31.867716007342285,4371.048942528042,893503.4703969937,0.5950970736961316,1028.298622022747,-1027.798622022747,pass_ml_down,30.0,0.0,1028.298622022747,426.97178414331825,1156.3901572657423,36.56123531181123,991.7373867109355,20.0,543.0,2036.0,897.8966761103613,0.009051689963257852,nfw,entropy,expanded_cm,standard,1.0,1.0,0.0
61.91145159289901,4272.398117225262,36656.65074761826,1.5031688550889577,983.2416836096613,-982.7416836096613,pass_full,31.0,0.0,983.2416836096613,267.7120862489135,1063.5553094843353,30.720860923106184,952.5208226865551,20.0,543.0,2304.0,148.21578056590576,0.03953386064341454,nfw,entropy,expanded_cm,standard,1.0,1.0,0.0
61.91145159289901,4272.398117225262,0.0,1.5031688550889577,2892.2186983044144,-2891.7186983044144,pass_halo_only,31.0,0.0,2892.2186983044144,124.88104018395188,2929.6830103596,10.737134287169969,2881.481564017244,20.0,543.0,2432.0,29.510091210344918,0.09098166400041599,nfw,entropy,expanded_cm,standard,1.0,1.0,0.0
61.91145159289901,4272.398117225262,73313.30149523652,1.5031688550889577,1024.7441482132558,-1024.2441482132558,pass_bh_up,31.0,0.0,1024.7441482132558,293.80060048889163,1112.8843283599233,24.0342689139419,1000.7098792993137,20.0,543.0,2466.0,146.9259652768245,0.060156547288299854,nfw,entropy,expanded_cm,standard,1.0,1.0,0.0
61.91145159289901,4272.398117225262,18328.32537380913,1.5031688550889577,1002.0158527967799,-1001.5158527967799,pass_bh_down,31.0,0.0,1002.0158527967799,310.0819065967539,1095.040424775806,24.020092903150648,977.9957598936292,20.0,543.0,2272.0,286.86201756669834,0.021154943114805945,nfw,entropy,expanded_cm,standard,1.0,1.0,0.0
123.82290318579803,4272.398117225262,36656.65074761826,1.5031688550889577,1098.6587172900922,-1098.1587172900922,pass_halo_up,31.0,0.0,1098.6587172900922,246.06100464857522,1172.4770186846647,100.88524740540583,997.7734698846856,20.0,543.0,3501.0,113.56691063567744,0.03773837881117858,nfw,entropy,expanded_cm,standard,1.0,1.0,0.0
30.955725796449507,4272.398117225262,36656.65074761826,1.5031688550889577,816.0699255235344,-815.5699255235344,pass_halo_down,31.0,0.0,816.0699255235344,291.80335480921366,903.6109319662985,23.630228885849018,792.4396966376856,20.0,543.0,4763.0,79.08031379984895,0.09973502802830439,nfw,entropy,expanded_cm,standard,1.0,1.0,0.0
61.91145159289901,4272.398117225262,36656.65074761826,2.0,1098.7191400239458,-1098.2191400239458,pass_ml_up,31.0,0.0,1098.7191400239458,202.9366742467619,1159.6001422979743,24.06502622198769,1074.6541138019577,20.0,543.0,2137.0,76.13784439461305,0.05996927061657159,nfw,entropy,expanded_cm,standard,1.0,1.0,0.0
61.91145159289901,4272.398117225262,36656.65074761826,0.7515844275444789,2025.843055762957,-2025.343055762957,pass_ml_down,31.0,0.0,2025.843055762957,321.06316369646197,2122.1620048718955,443.8104294578968,1582.032626305059,20.0,543.0,3052.0,39.39003997170883,0.12725393251759462,nfw,entropy,expanded_cm,standard,1.0,1.0,0.0
133.30328404523434,3202.524853099757,791082.3476436363,0.8066622772865586,1235.8079095849378,-1235.3079095849378,pass_full,32.0,0.0,1235.8079095849378,170.23643736168316,1286.8788407934428,59.522524841846575,1176.2853847430913,20.0,543.0,3334.0,60.0458088851688,0.05798009215944157,nfw,entropy,expanded_cm,standard,1.0,1.0,0.0
133.30328404523434,3202.524853099757,0.0,0.8066622772865586,1124.448544781838,-1123.948544781838,pass_halo_only,32.0,0.0,1124.448544781838,275.4902300708675,1207.0956138030983,30.40682372119818,1094.0417210606395,20.0,543.0,2619.0,478.63827267118904,0.02535268277156888,nfw,entropy,expanded_cm,standard,1.0,1.0,0.0
133.30328404523434,3202.524853099757,1000000.0,0.8066622772865586,1151.9867928291192,-1151.4867928291192,pass_bh_up,32.0,0.0,1151.9867928291192,357.91653043514964,1259.3617519596642,32.685757152031364,1119.301035677088,20.0,543.0,2953.0,320.81752261355234,0.025566389447995577,nfw,entropy,expanded_cm,standard,1.0,1.0,0.0
133.30328404523434,3202.524853099757,395541.17382181814,0.8066622772865586,1145.9539176752085,-1145.4539176752085,pass_bh_down,32.0,0.0,1145.9539176752085,402.5512270791418,1266.719285798951,30.19653780960753,1115.7573798656006,20.0,543.0,3697.0,566.762523922754,0.02339617741279744,nfw,entropy,expanded_cm,standard,1.0,1.0,0.0
250.0,3202.524853099757,791082.3476436363,0.8066622772865586,1201.4865300904653,-1200.9865300904653,pass_halo_up,32.0,0.0,1201.4865300904653,289.91762597459996,1288.4618178828453,38.26742887774345,1163.219101212722,20.0,543.0,2624.0,155.4504934680195,0.056709545920915386,nfw,entropy,expanded_cm,standard,1.0,1.0,0.0
66.65164202261717,3202.524853099757,791082.3476436363,0.8066622772865586,1038.094926414548,-1037.594926414548,pass_halo_down,32.0,0.0,1038.094926414548,340.96203974760897,1140.3835383388305,22.797150741930707,1015.2977756726168,20.0,543.0,3224.0,429.9133766600807,0.016410916409066435,nfw,entropy,expanded_cm,standard,1.0,1.0,0.0
133.30328404523434,3202.524853099757,791082.3476436363,1.6133245545731172,1128.3175368256293,-1127.8175368256293,pass_ml_up,32.0,0.0,1128.3175368256293,281.68845267586784,1212.8240726283896,39.92773234149939,1088.3898044841292,20.0,543.0,3125.0,152.53963189110067,0.038536453296044985,nfw,entropy,expanded_cm,standard,1.0,1.0,0.0
133.30328404523434,3202.524853099757,791082.3476436363,0.4033311386432793,1129.5065424513873,-1129.0065424513873,pass_ml_down,32.0,0.0,1129.5065424513873,166.99891346143022,1179.6062164898165,34.89747333576872,1094.6090691156191,20.0,543.0,2126.0,32.840727535821486,0.13411273411909427,nfw,entropy,expanded_cm,standard,1.0,1.0,0.0
208.31267531852677,6847.232471709031,159125.0959306124,0.4889175413921732,1259.4938293078394,-1258.9938293078394,pass_full,33.0,0.0,1259.4938293078394,89.86524332535535,1286.453402305446,22.317488542213383,1237.1763407656263,20.0,543.0,2519.0,26.500121009797358,0.12404768998305107,nfw,entropy,expanded_cm,standard,1.0,1.0,0.0
208.31267531852677,6847.232471709031,0.0,0.4889175413921732,1149.5038215917482,-1149.0038215917482,pass_halo_only,33.0,0.0,1149.5038215917482,136.86451872350108,1190.5631772087986,20.08499498897961,1129.4188266027686,20.0,543.0,2873.0,43.72844167408471,0.08376347737716673,nfw,entropy,expanded_cm,standard,1.0,1.0,0.0
208.31267531852677,6847.232471709031,318250.1918612248,0.4889175413921732,1135.2942157005082,-1134.7942157005082,pass_bh_up,33.0,0.0,1135.2942157005082,131.10321802711476,1174.6251811086427,84.44140407557694,1050.852811624931,20.0,543.0,5428.0,187.86028817349452,0.02795411014946614,nfw,entropy,expanded_cm,standard,1.0,1.0,0.0
208.31267531852677,6847.232471709031,79562.5479653062,0.4889175413921732,2195.4959975337906,-2194.9959975337906,pass_bh_down,33.0,0.0,2195.4959975337906,195.65542110869873,2254.1926238664,19.85513137375328,2175.640866160039,20.0,543.0,3498.0,6.9897476027915015,0.2780275593296539,nfw,entropy,expanded_cm,standard,1.0,1.0,0.0
250.0,6847.232471709031,159125.0959306124,0.4889175413921732,2203.5314840850097,-2203.0314840850097,pass_halo_up,33.0,0.0,2203.5314840850097,461.31163267377843,2341.924973887143,991.4760948112306,1212.0553892737773,20.0,543.0,2734.0,26.03812389204113,0.12247552713488546,nfw,entropy,expanded_cm,standard,1.0,1.0,0.0
104.15633765926339,6847.232471709031,159125.0959306124,0.4889175413921732,1162.5947150208128,-1162.0947150208128,pass_halo_down,33.0,0.0,1162.5947150208128,224.8571738981558,1230.0518671902596,30.67601459868906,1131.9187004221235,20.0,543.0,2281.0,143.21193072990766,0.04712806194038448,nfw,entropy,expanded_cm,standard,1.0,1.0,0.0
208.31267531852677,6847.232471709031,159125.0959306124,0.9778350827843464,1570.4214159270948,-1569.9214159270948,pass_ml_up,33.0,0.0,1570.4214159270948,132.43742219916192,1610.1526425868433,34.91656899543417,1535.50484693166,20.0,543.0,3222.0,34.66241598787088,0.12494059497189962,nfw,entropy,expanded_cm,standard,1.0,1.0,0.0
208.31267531852677,6847.232471709031,159125.0959306124,0.2444587706960866,1158.600802846431,-1158.100802846431,pass_ml_down,33.0,0.0,1158.600802846431,328.283585380122,1257.0858784604675,37.520207106397216,1121.080595740034,20.0,543.0,3719.0,411.2739327429445,0.025238165755592856,nfw,entropy,expanded_cm,standard,1.0,1.0,0.0
120.57304960213916,6444.412888908052,510334.0322003012,0.78734323429159,1300.0566185094754,-1299.5566185094754,pass_full,34.0,0.0,1300.0566185094754,213.04279210384212,1363.969456140628,22.911046523654104,1277.1455719858209,20.0,543.0,2116.0,61.188790683580976,0.07284249047295235,nfw,entropy,expanded_cm,standard,1.0,1.0,0.0
120.57304960213916,6444.412888908052,0.0,0.78734323429159,1664.3914422970868,-1663.8914422970868,pass_halo_only,34.0,0.0,1664.3914422970868,46.77387850548649,1678.4236058487327,14.553241784914968,1649.8382005121716,20.0,543.0,2911.0,17.27501266347586,0.1012925464751165,nfw,entropy,expanded_cm,standard,1.0,1.0,0.0
120.57304960213916,6444.412888908052,1000000.0,0.78734323429159,1172.1539252219563,-1171.6539252219563,pass_bh_up,34.0,0.0,1172.1539252219563,222.2656603210167,1238.8336233182613,36.51956419853081,1135.6343610234253,20.0,543.0,2425.0,91.28704558014492,0.06844332218669542,nfw,entropy,expanded_cm,standard,1.0,1.0,0.0
120.57304960213916,6444.412888908052,255167.0161001506,0.78734323429159,1099.5680243918478,-1099.0680243918478,pass_bh_down,34.0,0.0,1099.5680243918478,333.31658769962894,1199.5630007017364,33.59584020164538,1065.9721841902026,20.0,543.0,2552.0,113.12007792310612,0.08151181445921439,nfw,entropy,expanded_cm,standard,1.0,1.0,0.0
241.14609920427833,6444.412888908052,510334.0322003012,0.78734323429159,1161.7448048530969,-1161.2448048530969,pass_halo_up,34.0,0.0,1161.7448048530969,300.42200866973934,1251.8714074540187,30.020304506068648,1131.7245003470289,20.0,543.0,3577.0,208.83142704241615,0.030714066079604134,nfw,entropy,expanded_cm,standard,1.0,1.0,0.0
60.28652480106958,6444.412888908052,510334.0322003012,0.78734323429159,894.9761374103523,-894.4761374103523,pass_halo_down,34.0,0.0,894.9761374103523,278.4077613000037,978.4984658003534,30.336976266688158,864.6391611436644,20.0,543.0,2313.0,119.89030680190254,0.054288424578912566,nfw,entropy,expanded_cm,standard,1.0,1.0,0.0
120.57304960213916,6444.412888908052,510334.0322003012,1.57468646858318,1072.3906040775544,-1071.8906040775544,pass_ml_up,34.0,0.0,1072.3906040775544,312.4901046365757,1166.1376354685272,36.92891782995421,1035.4616862475998,20.0,543.0,2568.0,323.2979727031336,0.02582053026456343,nfw,entropy,expanded_cm,standard,1.0,1.0,0.0
120.57304960213916,6444.412888908052,510334.0322003012,0.393671617145795,1124.247577616059,-1123.747577616059,pass_ml_down,34.0,0.0,1124.247577616059,220.44858659360224,1190.3821535941397,28.646895126824163,1095.6006824892352,20.0,543.0,2227.0,71.80482849830574,0.07099980698610954,nfw,entropy,expanded_cm,standard,1.0,1.0,0.0
43.20137104507171,6561.2086918953455,724551.6888492246,1.4011995616795778,949.413436829296,-948.913436829296,pass_full,35.0,0.0,949.413436829296,376.576160378768,1062.3862849429263,32.7048817787344,916.7085550505616,20.0,543.0,2213.0,503.780431178404,0.01548216114136162,nfw,entropy,expanded_cm,standard,1.0,1.0,0.0
43.20137104507171,6561.2086918953455,0.0,1.4011995616795778,798.3101383278357,-797.8101383278357,pass_halo_only,35.0,0.0,798.3101383278357,312.1242868383221,891.9474243793323,13.104917356594417,785.2052209712415,20.0,543.0,2412.0,391.20832529942027,0.0245345719184885,nfw,entropy,expanded_cm,standard,1.0,1.0,0.0
43.20137104507171,6561.2086918953455,1000000.0,1.4011995616795778,1037.681333270138,-1037.181333270138,pass_bh_up,35.0,0.0,1037.681333270138,427.4682720780265,1165.921814893546,35.976227888598565,1001.7051053815399,20.0,543.0,2096.0,796.5800152013252,0.012381568534497255,nfw,entropy,expanded_cm,standard,1.0,1.0,0.0
43.20137104507171,6561.2086918953455,362275.8444246123,1.4011995616795778,708.0561327380165,-707.5561327380165,pass_bh_down,35.0,0.0,708.0561327380165,143.0422545664681,750.9688091079569,25.400050018114367,682.6560827199021,20.0,543.0,2317.0,46.839925318026275,0.0888568008331936,nfw,entropy,expanded_cm,standard,1.0,1.0,0.0
86.40274209014342,6561.2086918953455,724551.6888492246,1.4011995616795778,1039.783746115782,-1039.283746115782,pass_halo_up,35.0,0.0,1039.783746115782,231.30960902563186,1109.1766288234714,35.7640536983314,1004.0196924174505,20.0,543.0,2455.0,107.55235881807923,0.058518936177434075,nfw,entropy,expanded_cm,standard,1.0,1.0,0.0
21.600685522535855,6561.2086918953455,724551.6888492246,1.4011995616795778,997.987456749561,-997.487456749561,pass_halo_down,35.0,0.0,997.987456749561,427.0629409419884,1126.1063390321576,35.24660619579995,962.7408505537608,20.0,543.0,2059.0,442.2294930645371,0.0226903975578345,nfw,entropy,expanded_cm,standard,1.0,1.0,0.0
43.20137104507171,6561.2086918953455,724551.6888492246,2.0,969.9697430743448,-969.4697430743448,pass_ml_up,35.0,0.0,969.9697430743448,385.78112285090754,1085.7040799296171,33.99044419892091,935.9792988754241,20.0,543.0,2155.0,488.47245554723963,0.01606269302722899,nfw,entropy,expanded_cm,standard,1.0,1.0,0.0
43.20137104507171,6561.2086918953455,724551.6888492246,0.7005997808397889,863.9958981977325,-863.4958981977325,pass_ml_down,35.0,0.0,863.9958981977325,309.2126575603199,956.7596954658284,32.55742763801509,831.4384705597172,20.0,543.0,2097.0,114.32165685791217,0.0730847938200186,nfw,entropy,expanded_cm,standard,1.0,1.0,0.0
145.8186318522075,2705.0082462558908,172336.81762335094,1.098712793561058,1750.0786557889314,-1749.5786557889314,pass_full,36.0,0.0,1750.0786557889314,269.3543942586451,1830.884974066525,85.86046496125084,1664.2181908276802,20.0,543.0,2637.0,15.15576503452853,0.15055423512941177,nfw,entropy,expanded_cm,standard,1.0,1.0,0.0
145.8186318522075,2705.0082462558908,0.0,1.098712793561058,1129.7912569748125,-1129.2912569748125,pass_halo_only,36.0,0.0,1129.7912569748125,45.77944038563171,1143.525089090502,26.77684825298745,1103.0144087218246,20.0,543.0,3099.0,35.344509731745156,0.10989949050609658,nfw,entropy,expanded_cm,standard,1.0,1.0,0.0
145.8186318522075,2705.0082462558908,344673.6352467019,1.098712793561058,1108.2121061133103,-1107.7121061133103,pass_bh_up,36.0,0.0,1108.2121061133103,222.0442084592056,1174.825368651072,26.505626299973805,1081.7064798133363,20.0,543.0,2537.0,138.3710799902227,0.03799106134675158,nfw,entropy,expanded_cm,standard,1.0,1.0,0.0
145.8186318522075,2705.0082462558908,86168.40881167547,1.098712793561058,1220.1203088264776,-1219.6203088264776,pass_bh_down,36.0,0.0,1220.1203088264776,143.9243640586282,1263.2976180440662,31.736658683990814,1188.3836501424869,20.0,543.0,2161.0,45.78528696922693,0.10348416091948479,nfw,entropy,expanded_cm,standard,1.0,1.0,0.0
250.0,2705.0082462558908,172336.81762335094,1.098712793561058,1152.0357500285413,-1151.5357500285413,pass_halo_up,36.0,0.0,1152.0357500285413,212.3151786339068,1215.7303036187134,34.13071616937586,1117.9050338591655,20.0,543.0,2667.0,88.96390578869567,0.057797538864889864,nfw,entropy,expanded_cm,standard,1.0,1.0,0.0
72.90931592610374,2705.0082462558908,172336.81762335094,1.098712793561058,1104.8835044858415,-1104.3835044858415,pass_halo_down,36.0,0.0,1104.8835044858415,379.63852945652724,1218.7750633227997,33.16228449337925,1071.7212199924622,20.0,543.0,3046.0,354.2466975894945,0.021294421966069677,nfw,entropy,expanded_cm,standard,1.0,1.0,0.0
145.8186318522075,2705.0082462558908,172336.81762335094,2.0,1247.0058612855216,-1246.5058612855216,pass_ml_up,36.0,0.0,1247.0058612855216,171.0941867278209,1298.334117303868,51.86575160823845,1195.1401096772825,20.0,543.0,2105.0,70.59511215027867,0.05474240644896302,nfw,entropy,expanded_cm,standard,1.0,1.0,0.0
145.8186318522075,2705.0082462558908,172336.81762335094,0.549356396780529,2455.338888332259,-2454.838888332259,pass_ml_down,36.0,0.0,2455.338888332259,493.4598517202065,2603.376843848321,1009.2428645385087,1446.096023793751,20.0,543.0,2868.0,17.527405887430582,0.21245636710115487,nfw,entropy,expanded_cm,standard,1.0,1.0,0.0
1.125147548404648,7477.435880872032,150219.19839670806,1.1224785267415598,2551.886311584926,-2551.386311584926,pass_full,37.0,0.0,2551.886311584926,135.06900528397557,2592.4070131701183,42.318530836151886,2509.567780748774,20.0,543.0,5783.0,16.832575128343162,0.15334621792780215,nfw,entropy,expanded_cm,standard,1.0,1.0,0.0
1.125147548404648,7477.435880872032,0.0,1.1224785267415598,6634.9459624250385,-6634.4459624250385,pass_halo_only,37.0,0.0,6634.9459624250385,72.00068941276722,6656.546169248869,56.79476340723003,6578.151199017807,20.0,543.0,2626.0,18.743153750029524,0.09565864394282904,nfw,entropy,expanded_cm,standard,1.0,1.0,0.0
1.125147548404648,7477.435880872032,300438.3967934161,1.1224785267415598,962.9862424922972,-962.4862424922972,pass_bh_up,37.0,0.0,962.9862424922972,395.8270196965312,1081.7343484012565,19.266272589572193,943.7199699027251,20.0,543.0,3445.0,12.014359263210446,0.16227335746700142,nfw,entropy,expanded_cm,standard,1.0,1.0,0.0
1.125147548404648,7477.435880872032,75109.59919835403,1.1224785267415598,2998.4177814454274,-2997.9177814454274,pass_bh_down,37.0,0.0,2998.4177814454274,182.95165595916023,3053.3032782331757,106.81441141338459,2891.603370032043,20.0,543.0,2263.0,8.179010540503311,0.28608689295960543,nfw,entropy,expanded_cm,standard,1.0,1.0,0.0
2.250295096809296,7477.435880872032,150219.19839670806,1.1224785267415598,1392.3581571402503,-1391.8581571402503,pass_halo_up,37.0,0.0,1392.3581571402503,185.5665001333706,1448.0281071802615,14.162157226173129,1378.1959999140774,20.0,543.0,2684.0,43.35501329118405,0.08095507744161669,nfw,entropy,expanded_cm,standard,1.0,1.0,0.0
0.562573774202324,7477.435880872032,150219.19839670806,1.1224785267415598,1066.5170451844333,-1066.0170451844333,pass_halo_down,37.0,0.0,1066.5170451844333,333.16165127319476,1166.4655405663916,75.03540597432273,991.4816392101108,20.0,543.0,3894.0,11.111205264388932,0.17981332816901605,nfw,entropy,expanded_cm,standard,1.0,1.0,0.0
1.125147548404648,7477.435880872032,150219.19839670806,2.0,5769.588359364419,-5769.088359364419,pass_ml_up,37.0,0.0,5769.588359364419,327.81342812061723,5867.932387800604,197.21564463326615,5572.372714731154,20.0,543.0,2818.0,30.80040325394471,0.08136052228209843,nfw,entropy,expanded_cm,standard,1.0,1.0,0.0
1.125147548404648,7477.435880872032,150219.19839670806,0.5612392633707799,1257.843180558398,-1257.343180558398,pass_ml_down,37.0,0.0,1257.843180558398,272.36813573692757,1339.5536212794764,20.477278312954944,1237.3659022454424,20.0,543.0,3216.0,25.82762595282421,0.12077766084461428,nfw,entropy,expanded_cm,standard,1.0,1.0,0.0
229.2241214565822,5238.875176304909,636896.5468917448,0.7342547262461883,1164.6992834655937,-1164.1992834655937,pass_full,38.0,0.0,1164.6992834655937,252.58074309177687,1240.4735063931266,37.28568165493045,1127.413601810663,20.0,543.0,2380.0,181.14073322532897,0.03404502996573828,nfw,entropy,expanded_cm,standard,1.0,1.0,0.0
229.2241214565822,5238.875176304909,0.0,0.7342547262461883,2106.7408244407543,-2106.2408244407543,pass_halo_only,38.0,0.0,2106.7408244407543,355.75088504975486,2213.4660899556807,220.53990093461033,1886.200923506145,20.0,543.0,2116.0,12.872056591575607,0.22194293187597522,nfw,entropy,expanded_cm,standard,1.0,1.0,0.0
229.2241214565822,5238.875176304909,1000000.0,0.7342547262461883,1105.05296221654,-1104.55296221654,pass_bh_up,38.0,0.0,1105.05296221654,192.3514471311078,1162.7583963558723,32.385236387019404,1072.6677258295206,20.0,543.0,3291.0,31.35674538253887,0.1592089727553868,nfw,entropy,expanded_cm,standard,1.0,1.0,0.0
229.2241214565822,5238.875176304909,318448.2734458724,0.7342547262461883,1257.167729621678,-1256.667729621678,pass_bh_down,38.0,0.0,1257.167729621678,104.75909125298134,1288.5954569975725,16.093980691377606,1241.0737489303003,20.0,543.0,2757.0,17.45158839970501,0.18703595667804082,nfw,entropy,expanded_cm,standard,1.0,1.0,0.0
