rho_s,r_s,MBH,ML,chi2,reward,status,proposal_id,refine_passes,chi2_losvd,chi2_light,chi2_total,chi2_inner,chi2_outer,N_inner,N_outer,N_nonzero_weights,effective_N_orbits,max_weight_fraction,halo_type,weight_mode,weight_solver_mode,losvd_score_mode,alphat,halo_q_axis_ratio,karl_halo_params_active
1.0,1800.0,900000.0,1.0,,,todo,,,,,,,,,,,,,,,,,,,
3.196998153410224,5387.952348815124,509553.035526467,1.4844152572989708,1228.9434610184446,-1228.4434610184446,pass_full,1.0,0.0,1228.9434610184446,681.7181712535815,1433.458912394519,131.08102940261793,1097.8624316158273,20.0,543.0,4169.0,92.99112300602872,0.06536257861867086,nfw,entropy,expanded_cm,standard,1.0,1.0,0.0
3.196998153410224,5387.952348815124,0.0,1.4844152572989708,1160.5143944279264,-1160.0143944279264,pass_halo_only,1.0,0.0,1160.5143944279264,126.21705911987056,1198.3795121638875,33.5761162598665,1126.9382781680592,20.0,543.0,8038.0,8.714064739703772,0.22724168172669895,nfw,entropy,expanded_cm,standard,1.0,1.0,0.0
3.196998153410224,5387.952348815124,1000000.0,1.4844152572989708,1295.017650551496,-1294.517650551496,pass_bh_up,1.0,0.0,1295.017650551496,443.7503709195529,1428.142761827362,96.81430943638789,1198.2033411151078,20.0,543.0,2677.0,6.167876521442115,0.2693871987074181,nfw,entropy,expanded_cm,standard,1.0,1.0,0.0
3.196998153410224,5387.952348815124,254776.5177632335,1.4844152572989708,1222.5115094781563,-1222.0115094781563,pass_bh_down,1.0,0.0,1222.5115094781563,131.15046081876838,1261.8566477237869,34.47216053426472,1188.0393489438911,20.0,543.0,6876.0,10.039540410116187,0.16089288335609678,nfw,entropy,expanded_cm,standard,1.0,1.0,0.0
6.0,5387.952348815124,509553.035526467,1.4844152572989708,1186.5842060979455,-1186.0842060979455,pass_halo_up,1.0,0.0,1186.5842060979455,96.6501801379146,1215.57926013932,40.1714341894108,1146.4127719085345,20.0,543.0,2291.0,22.09279804956834,0.08181166263184544,nfw,entropy,expanded_cm,standard,1.0,1.0,0.0
1.598499076705112,5387.952348815124,509553.035526467,1.4844152572989708,1208.9504446680078,-1208.4504446680078,pass_halo_down,1.0,0.0,1208.9504446680078,270.4581481410041,1290.0878891103089,35.53086035342436,1173.4195843145833,20.0,543.0,4750.0,143.74613532651605,0.03966170613188227,nfw,entropy,expanded_cm,standard,1.0,1.0,0.0
3.196998153410224,5387.952348815124,509553.035526467,2.0,1185.3719939109167,-1184.8719939109167,pass_ml_up,1.0,0.0,1185.3719939109167,60.928557974507726,1203.650561303269,38.84642946463128,1146.5255644462857,20.0,543.0,3071.0,22.198023935319036,0.12214211187660802,nfw,entropy,expanded_cm,standard,1.0,1.0,0.0
3.196998153410224,5387.952348815124,509553.035526467,0.7422076286494854,1210.2615821777624,-1209.7615821777624,pass_ml_down,1.0,0.0,1210.2615821777624,225.70196262228677,1277.9721709644484,31.24163781681069,1179.0199443609517,20.0,543.0,3055.0,170.00817193490562,0.037248832781123696,nfw,entropy,expanded_cm,standard,1.0,1.0,0.0
1.541993735971863,7551.6667278339,883879.1836895436,0.478818348559932,1226.441409141514,-1225.941409141514,pass_full,2.0,0.0,1226.441409141514,183.530869075329,1281.5006698641128,38.543900950678115,1187.8975081908368,20.0,543.0,3207.0,29.70604284014263,0.14457391218693597,nfw,entropy,expanded_cm,standard,1.0,1.0,0.0
1.541993735971863,7551.6667278339,0.0,0.478818348559932,1215.4783110954857,-1214.9783110954857,pass_halo_only,2.0,0.0,1215.4783110954857,149.22554072222033,1260.2459733121518,40.86811569587753,1174.6101953996085,20.0,543.0,2198.0,36.95645412393018,0.10088286232667824,nfw,entropy,expanded_cm,standard,1.0,1.0,0.0
1.541993735971863,7551.6667278339,1000000.0,0.478818348559932,1217.059700007751,-1216.559700007751,pass_bh_up,2.0,0.0,1217.059700007751,232.11906011157222,1286.6954180412226,38.88498422391919,1178.1747157838322,20.0,543.0,2167.0,135.80162108234046,0.0404019010144156,nfw,entropy,expanded_cm,standard,1.0,1.0,0.0
1.541993735971863,7551.6667278339,441939.5918447718,0.478818348559932,1203.355815401638,-1202.855815401638,pass_bh_down,2.0,0.0,1203.355815401638,113.76779234654097,1237.4861531056004,38.91631828188116,1164.4394971197573,20.0,543.0,2590.0,50.478764616185074,0.090301315286757,nfw,entropy,expanded_cm,standard,1.0,1.0,0.0
3.083987471943726,7551.6667278339,883879.1836895436,0.478818348559932,1231.2391508339645,-1230.7391508339645,pass_halo_up,2.0,0.0,1231.2391508339645,220.7158264935543,1297.4538987820308,40.69864408095057,1190.5405067530146,20.0,543.0,2529.0,166.78239341376425,0.046057111991818674,nfw,entropy,expanded_cm,standard,1.0,1.0,0.0
0.7709968679859315,7551.6667278339,883879.1836895436,0.478818348559932,1202.3773113279822,-1201.8773113279822,pass_halo_down,2.0,0.0,1202.3773113279822,309.70814673684436,1295.2897553490354,50.35428481337634,1152.023026514606,20.0,543.0,5099.0,283.8841014525939,0.03629700259582634,nfw,entropy,expanded_cm,standard,1.0,1.0,0.0
1.541993735971863,7551.6667278339,883879.1836895436,0.957636697119864,1240.0713474271884,-1239.5713474271884,pass_ml_up,2.0,0.0,1240.0713474271884,201.2812453451514,1300.4557210307337,36.08779257878064,1203.9835548484077,20.0,543.0,2729.0,10.61464015821581,0.2553397575317948,nfw,entropy,expanded_cm,standard,1.0,1.0,0.0
1.541993735971863,7551.6667278339,883879.1836895436,0.239409174279966,1212.5675097894489,-1212.0675097894489,pass_ml_down,2.0,0.0,1212.5675097894489,323.3100664810009,1309.560529733749,36.71535739633918,1175.8521523931095,20.0,543.0,2431.0,336.9586988346871,0.03225234591895069,nfw,entropy,expanded_cm,standard,1.0,1.0,0.0
4.023278633388094,6470.107070039729,723627.1691770673,1.5477053601202484,1206.846281555531,-1206.346281555531,pass_full,3.0,0.0,1206.846281555531,93.7242826037928,1234.963566336669,34.35750571104905,1172.488775844482,20.0,543.0,3914.0,40.933833565044715,0.08288014693508304,nfw,entropy,expanded_cm,standard,1.0,1.0,0.0
4.023278633388094,6470.107070039729,0.0,1.5477053601202484,1223.6349631865357,-1223.1349631865357,pass_halo_only,3.0,0.0,1223.6349631865357,308.09499629807306,1316.0634620759577,31.490049412067886,1192.1449137744678,20.0,543.0,5199.0,192.69063113623798,0.052709863569687265,nfw,entropy,expanded_cm,standard,1.0,1.0,0.0
4.023278633388094,6470.107070039729,1000000.0,1.5477053601202484,1214.2058116059577,-1213.7058116059577,pass_bh_up,3.0,0.0,1214.2058116059577,82.59422286329468,1238.9840784649462,39.172226635289654,1175.0335849706685,20.0,543.0,3460.0,19.421593638356317,0.13119966379285064,nfw,entropy,expanded_cm,standard,1.0,1.0,0.0
4.023278633388094,6470.107070039729,361813.5845885337,1.5477053601202484,1228.5798132347518,-1228.0798132347518,pass_bh_down,3.0,0.0,1228.5798132347518,129.67093509078046,1267.481093761986,38.7689342410838,1189.8108789936682,20.0,543.0,2212.0,57.62626706292137,0.0776163560636282,nfw,entropy,expanded_cm,standard,1.0,1.0,0.0
6.0,6470.107070039729,723627.1691770673,1.5477053601202484,1236.0603455593796,-1235.5603455593796,pass_halo_up,3.0,0.0,1236.0603455593796,249.63933059693534,1310.9521447384602,37.650993992080394,1198.409351567299,20.0,543.0,2911.0,143.45705222626293,0.0608158590722828,nfw,entropy,expanded_cm,standard,1.0,1.0,0.0
2.011639316694047,6470.107070039729,723627.1691770673,1.5477053601202484,1209.5670028062223,-1209.0670028062223,pass_halo_down,3.0,0.0,1209.5670028062223,132.7295853363034,1249.3858784071133,37.31878163355564,1172.2482211726665,20.0,543.0,3646.0,15.737788513649695,0.234660216124281,nfw,entropy,expanded_cm,standard,1.0,1.0,0.0
4.023278633388094,6470.107070039729,723627.1691770673,2.0,1209.243531870692,-1208.743531870692,pass_ml_up,3.0,0.0,1209.243531870692,193.6632605963822,1267.3425100496067,31.55814160799068,1177.685390262701,20.0,543.0,2485.0,58.410636785345496,0.10850829031590574,nfw,entropy,expanded_cm,standard,1.0,1.0,0.0
4.023278633388094,6470.107070039729,723627.1691770673,0.7738526800601242,1223.3737896813616,-1222.8737896813616,pass_ml_down,3.0,0.0,1223.3737896813616,123.87597791398623,1260.5365830555575,38.695939288357906,1184.6778503930036,20.0,543.0,2695.0,60.121374825866994,0.07301158536350537,nfw,entropy,expanded_cm,standard,1.0,1.0,0.0
4.911284371538823,1069.294376396348,3553.9072081155477,0.6154573078663732,1179.9329743154576,-1179.4329743154576,pass_full,4.0,0.0,1179.9329743154576,275.4387059918012,1262.5645861129979,29.820117074143877,1150.1128572413138,20.0,543.0,4844.0,142.83676410463207,0.05379135325488051,nfw,entropy,expanded_cm,standard,1.0,1.0,0.0
4.911284371538823,1069.294376396348,0.0,0.6154573078663732,1180.3862742638441,-1179.8862742638441,pass_halo_only,4.0,0.0,1180.3862742638441,204.61882644797333,1241.771922198236,34.0907853621793,1146.2954889016648,20.0,543.0,2275.0,82.90997556278575,0.06895955168762537,nfw,entropy,expanded_cm,standard,1.0,1.0,0.0
4.911284371538823,1069.294376396348,7107.8144162310955,0.6154573078663732,1182.4817472133313,-1181.9817472133313,pass_bh_up,4.0,0.0,1182.4817472133313,161.70954032182698,1230.9946093098795,35.092349270298655,1147.3893979430325,20.0,543.0,2178.0,67.07488227191335,0.06361171630753341,nfw,entropy,expanded_cm,standard,1.0,1.0,0.0
4.911284371538823,1069.294376396348,1776.9536040577739,0.6154573078663732,1185.6600980602834,-1185.1600980602834,pass_bh_down,4.0,0.0,1185.6600980602834,200.06541183451958,1245.6797216106393,31.31478243596055,1154.3453156243224,20.0,543.0,2640.0,92.16277846885819,0.05219068050664312,nfw,entropy,expanded_cm,standard,1.0,1.0,0.0
6.0,1069.294376396348,3553.9072081155477,0.6154573078663732,1144.5905940948046,-1144.0905940948046,pass_halo_up,4.0,0.0,1144.5905940948046,114.84493487632095,1179.044074557701,35.749219325711586,1108.841374769093,20.0,543.0,2294.0,42.272862091572364,0.09437049582594853,nfw,entropy,expanded_cm,standard,1.0,1.0,0.0
2.4556421857694115,1069.294376396348,3553.9072081155477,0.6154573078663732,1124.9484186315187,-1124.4484186315187,pass_halo_down,4.0,0.0,1124.9484186315187,167.55281640083805,1175.21426355177,28.63176820826569,1096.3166504232527,20.0,543.0,3544.0,50.203228884052535,0.08921772651962795,nfw,entropy,expanded_cm,standard,1.0,1.0,0.0
4.911284371538823,1069.294376396348,3553.9072081155477,1.2309146157327464,1221.55546476719,-1221.05546476719,pass_ml_up,4.0,0.0,1221.55546476719,269.29449947055707,1302.343814608357,34.244173488366606,1187.3112912788233,20.0,543.0,3544.0,86.09077796760756,0.06445155206693931,nfw,entropy,expanded_cm,standard,1.0,1.0,0.0
4.911284371538823,1069.294376396348,3553.9072081155477,0.3077286539331866,1187.276862081506,-1186.776862081506,pass_ml_down,4.0,0.0,1187.276862081506,225.05761709038904,1254.7941472086227,32.50056405072352,1154.7762980307825,20.0,543.0,3902.0,124.65716623734377,0.048829335356201715,nfw,entropy,expanded_cm,standard,1.0,1.0,0.0
0.07353080977554718,3600.0629394854045,185281.47716299802,1.6269831267125825,1182.3565427159265,-1181.8565427159265,pass_full,5.0,0.0,1182.3565427159265,284.18801127775157,1267.612946099252,55.6099971651889,1126.7465455507374,20.0,543.0,2443.0,146.6723209344916,0.05538510843896878,nfw,entropy,expanded_cm,standard,1.0,1.0,0.0
0.07353080977554718,3600.0629394854045,0.0,1.6269831267125825,1046.2120855481187,-1045.7120855481187,pass_halo_only,5.0,0.0,1046.2120855481187,280.3360691864752,1130.3129063040612,89.30709911618406,956.9049864319342,20.0,543.0,3263.0,105.59315151051646,0.049878751782942654,nfw,entropy,expanded_cm,standard,1.0,1.0,0.0
0.07353080977554718,3600.0629394854045,370562.95432599605,1.6269831267125825,1120.7378158897036,-1120.2378158897036,pass_bh_up,5.0,0.0,1120.7378158897036,352.80728682939406,1226.5800019385217,36.85653545181921,1083.8812804378842,20.0,543.0,2936.0,385.21825187150785,0.038236354377556604,nfw,entropy,expanded_cm,standard,1.0,1.0,0.0
0.07353080977554718,3600.0629394854045,92640.73858149901,1.6269831267125825,1493.6725825140165,-1493.1725825140165,pass_bh_down,5.0,0.0,1493.6725825140165,340.7766035134153,1595.905563568041,326.5870266411914,1167.085555872826,20.0,543.0,3704.0,82.98567313120338,0.0890653861205765,nfw,entropy,expanded_cm,standard,1.0,1.0,0.0
0.14706161955109437,3600.0629394854045,185281.47716299802,1.6269831267125825,1197.7410456758137,-1197.2410456758137,pass_halo_up,5.0,0.0,1197.7410456758137,146.0414363487675,1241.5534765804439,12.671983712487343,1185.0690619633262,20.0,543.0,2891.0,71.75245617117677,0.06697745366186825,nfw,entropy,expanded_cm,standard,1.0,1.0,0.0
0.03676540488777359,3600.0629394854045,185281.47716299802,1.6269831267125825,992.0666351903499,-991.5666351903499,pass_halo_down,5.0,0.0,992.0666351903499,332.47816781416225,1091.8100855345986,20.654842105477353,971.4117930848724,20.0,543.0,2859.0,270.6205112366156,0.03312597768686995,nfw,entropy,expanded_cm,standard,1.0,1.0,0.0
0.07353080977554718,3600.0629394854045,185281.47716299802,2.0,1035.4132460129595,-1034.9132460129595,pass_ml_up,5.0,0.0,1035.4132460129595,303.6690735558283,1126.5139680797079,56.13766245034565,979.2755835626136,20.0,543.0,3753.0,483.0024737847717,0.016620893870038195,nfw,entropy,expanded_cm,standard,1.0,1.0,0.0
0.07353080977554718,3600.0629394854045,185281.47716299802,0.8134915633562912,1091.9860409150924,-1091.4860409150924,pass_ml_down,5.0,0.0,1091.9860409150924,299.1085088085275,1181.7185935576506,18.4778599986073,1073.5081809164847,20.0,543.0,4958.0,130.21540500909407,0.04914966476703758,nfw,entropy,expanded_cm,standard,1.0,1.0,0.0
3.6730321577969787,9004.34834201969,315367.7794434099,0.931979796564619,1228.8874415709558,-1228.3874415709558,pass_full,6.0,0.0,1228.8874415709558,195.67154532676741,1287.588905168986,39.76176887101876,1189.1256726999372,20.0,543.0,2289.0,149.18385529976348,0.041117350750063744,nfw,entropy,expanded_cm,standard,1.0,1.0,0.0
3.6730321577969787,9004.34834201969,0.0,0.931979796564619,1231.001457442607,-1230.501457442607,pass_halo_only,6.0,0.0,1231.001457442607,172.69567254019142,1282.8101592046644,40.2391872418725,1190.7622702007345,20.0,543.0,2774.0,57.23016911492185,0.06893014468504481,nfw,entropy,expanded_cm,standard,1.0,1.0,0.0
3.6730321577969787,9004.34834201969,630735.5588868198,0.931979796564619,1243.1304778451615,-1242.6304778451615,pass_bh_up,6.0,0.0,1243.1304778451615,365.260800691832,1352.7087180527112,40.67011083345932,1202.4603670117012,20.0,543.0,2628.0,461.19090729303986,0.026840062267976045,nfw,entropy,expanded_cm,standard,1.0,1.0,0.0
3.6730321577969787,9004.34834201969,157683.88972170494,0.931979796564619,1220.8791294178682,-1220.3791294178682,pass_bh_down,6.0,0.0,1220.8791294178682,201.47103525526032,1281.3204399944464,38.60479534291945,1182.2743340749494,20.0,543.0,4058.0,84.38685581478593,0.05298962791337766,nfw,entropy,expanded_cm,standard,1.0,1.0,0.0
6.0,9004.34834201969,315367.7794434099,0.931979796564619,1224.921817735347,-1224.421817735347,pass_halo_up,6.0,0.0,1224.921817735347,119.35215010697756,1260.7274627674403,39.36022604560916,1185.5615916897384,20.0,543.0,2842.0,63.24224200928138,0.04873025299246985,nfw,entropy,expanded_cm,standard,1.0,1.0,0.0
1.8365160788984893,9004.34834201969,315367.7794434099,0.931979796564619,1217.773190347518,-1217.273190347518,pass_halo_down,6.0,0.0,1217.773190347518,257.08475771365755,1294.8986176616154,37.535619898421366,1180.2375704490971,20.0,543.0,7250.0,73.35949861558383,0.07431880585183004,nfw,entropy,expanded_cm,standard,1.0,1.0,0.0
3.6730321577969787,9004.34834201969,315367.7794434099,1.863959593129238,1232.621729158985,-1232.121729158985,pass_ml_up,6.0,0.0,1232.621729158985,291.1657327914254,1319.9714489964126,30.71146739699908,1201.9102617619865,20.0,543.0,2890.0,206.6087051449854,0.04122159990287813,nfw,entropy,expanded_cm,standard,1.0,1.0,0.0
3.6730321577969787,9004.34834201969,315367.7794434099,0.4659898982823095,1220.0426300594108,-1219.5426300594108,pass_ml_down,6.0,0.0,1220.0426300594108,106.78692791866342,1252.07870843501,31.677706347517546,1188.3649237118939,20.0,543.0,2707.0,41.742933760325414,0.07682731566168274,nfw,entropy,expanded_cm,standard,1.0,1.0,0.0
5.881551622263267,5466.4452809981385,242294.61194293035,0.6540350278081506,1257.570500494167,-1257.070500494167,pass_full,7.0,0.0,1257.570500494167,663.192410498237,1456.528223643638,46.1121918792573,1211.4583086149091,20.0,543.0,3373.0,10.66001869778707,0.1599283107698308,nfw,entropy,expanded_cm,standard,1.0,1.0,0.0
5.881551622263267,5466.4452809981385,0.0,0.6540350278081506,1200.4851349067753,-1199.9851349067753,pass_halo_only,7.0,0.0,1200.4851349067753,68.11989543633253,1220.921103537675,38.07837591303669,1162.406758993738,20.0,543.0,2808.0,15.002074534229097,0.16106400281248218,nfw,entropy,expanded_cm,standard,1.0,1.0,0.0
5.881551622263267,5466.4452809981385,484589.2238858607,0.6540350278081506,1193.6392020093456,-1193.1392020093456,pass_bh_up,7.0,0.0,1193.6392020093456,68.2907062194284,1214.1264138751742,38.86202669286299,1154.7771753164827,20.0,543.0,6134.0,10.307483388582515,0.20539789642713968,nfw,entropy,expanded_cm,standard,1.0,1.0,0.0
5.881551622263267,5466.4452809981385,121147.30597146518,0.6540350278081506,1224.9143622814759,-1224.4143622814759,pass_bh_down,7.0,0.0,1224.9143622814759,127.44832215232549,1263.1488589271735,41.92200947316805,1182.992352808308,20.0,543.0,3662.0,10.42708070222637,0.20867477209598326,nfw,entropy,expanded_cm,standard,1.0,1.0,0.0
6.0,5466.4452809981385,242294.61194293035,0.6540350278081506,1204.7008971751218,-1204.2008971751218,pass_halo_up,7.0,0.0,1204.7008971751218,60.21670102082314,1222.7659074813687,33.41660566015265,1171.2842915149697,20.0,543.0,2504.0,30.13609493345627,0.08555917260306516,nfw,entropy,expanded_cm,standard,1.0,1.0,0.0
2.9407758111316333,5466.4452809981385,242294.61194293035,0.6540350278081506,1140.3928523591246,-1139.8928523591246,pass_halo_down,7.0,0.0,1140.3928523591246,79.9984493209663,1164.3923871554146,36.31135644767318,1104.081495911451,20.0,543.0,4570.0,61.28686031153785,0.06983027624976128,nfw,entropy,expanded_cm,standard,1.0,1.0,0.0
5.881551622263267,5466.4452809981385,242294.61194293035,1.3080700556163012,1216.2504439360653,-1215.7504439360653,pass_ml_up,7.0,0.0,1216.2504439360653,93.13923118577512,1244.1922132917978,36.443832258353275,1179.806611677712,20.0,543.0,3606.0,4.221795595249676,0.46176626826808925,nfw,entropy,expanded_cm,standard,1.0,1.0,0.0
5.881551622263267,5466.4452809981385,242294.61194293035,0.3270175139040753,1209.8069168214306,-1209.3069168214306,pass_ml_down,7.0,0.0,1209.8069168214306,105.5192180425601,1241.4626822341986,37.531606841603654,1172.2753099798267,20.0,543.0,3390.0,77.10662418811228,0.04692957654967285,nfw,entropy,expanded_cm,standard,1.0,1.0,0.0
3.390934722789219,1420.035111150617,876258.5589425064,1.0645973390543124,1513.9894459728011,-1513.4894459728011,pass_full,8.0,0.0,1513.9894459728011,534.3538037421033,1674.2955870954322,353.37523802408714,1160.6142079487138,20.0,543.0,2737.0,15.200127658942202,0.1975513992649091,nfw,entropy,expanded_cm,standard,1.0,1.0,0.0
3.390934722789219,1420.035111150617,0.0,1.0645973390543124,1189.9506317186467,-1189.4506317186467,pass_halo_only,8.0,0.0,1189.9506317186467,277.77487687050285,1273.2830947797975,26.983504067258085,1162.9671276513882,20.0,543.0,2168.0,176.2010039963608,0.030062657956381866,nfw,entropy,expanded_cm,standard,1.0,1.0,0.0
3.390934722789219,1420.035111150617,1000000.0,1.0645973390543124,1197.7124476559118,-1197.2124476559118,pass_bh_up,8.0,0.0,1197.7124476559118,295.22064500719205,1286.2786411580694,39.54895844393209,1158.1634892119796,20.0,543.0,2368.0,137.69494899802126,0.03554787460409378,nfw,entropy,expanded_cm,standard,1.0,1.0,0.0
3.390934722789219,1420.035111150617,438129.2794712532,1.0645973390543124,1226.9411664641955,-1226.4411664641955,pass_bh_down,8.0,0.0,1226.9411664641955,378.53019032378893,1340.5002235613322,38.78033810725596,1188.1608283569399,20.0,543.0,2282.0,388.72947917513113,0.029929878874036003,nfw,entropy,expanded_cm,standard,1.0,1.0,0.0
6.0,1420.035111150617,876258.5589425064,1.0645973390543124,1204.1643693288102,-1203.6643693288102,pass_halo_up,8.0,0.0,1204.1643693288102,299.709205770841,1294.0771310600624,39.60563310801708,1164.558736220793,20.0,543.0,2877.0,257.6527227902126,0.024954149982350373,nfw,entropy,expanded_cm,standard,1.0,1.0,0.0
1.6954673613946094,1420.035111150617,876258.5589425064,1.0645973390543124,1154.4121026955495,-1153.9121026955495,pass_halo_down,8.0,0.0,1154.4121026955495,248.80617033716769,1229.0539537966997,29.47455780661758,1124.9375448889327,20.0,543.0,2400.0,98.1545574771986,0.0657050191796326,nfw,entropy,expanded_cm,standard,1.0,1.0,0.0
3.390934722789219,1420.035111150617,876258.5589425064,2.0,1226.3004114355228,-1225.8004114355228,pass_ml_up,8.0,0.0,1226.3004114355228,122.77196066146743,1263.131999633963,37.21145960012658,1189.0889518353952,20.0,543.0,2287.0,24.318578209858757,0.1275265562104804,nfw,entropy,expanded_cm,standard,1.0,1.0,0.0
3.390934722789219,1420.035111150617,876258.5589425064,0.5322986695271562,1192.9306514470682,-1192.4306514470682,pass_ml_down,8.0,0.0,1192.9306514470682,135.95608408832814,1233.7174766735666,42.16227336422357,1150.768378082844,20.0,543.0,2111.0,20.530698542657856,0.16875081475848355,nfw,entropy,expanded_cm,standard,1.0,1.0,0.0
1.6999552152253006,8932.886732800562,827631.9705032895,1.963946846272951,1232.5948735752113,-1232.0948735752113,pass_full,9.0,0.0,1232.5948735752113,245.85397910853143,1306.3510673077708,39.29863925149966,1193.2962343237127,20.0,543.0,3021.0,174.9476935056189,0.054112134806681075,nfw,entropy,expanded_cm,standard,1.0,1.0,0.0
1.6999552152253006,8932.886732800562,0.0,1.963946846272951,1213.8868327513264,-1213.3868327513264,pass_halo_only,9.0,0.0,1213.8868327513264,251.953656296615,1289.472929640311,36.00947022746581,1177.8773625238603,20.0,543.0,6100.0,158.1295963901857,0.04984026614028153,nfw,entropy,expanded_cm,standard,1.0,1.0,0.0
1.6999552152253006,8932.886732800562,1000000.0,1.963946846272951,1293.6041624760323,-1293.1041624760323,pass_bh_up,9.0,0.0,1293.6041624760323,259.25695428746195,1371.3812487622708,29.72790596729288,1263.8762565087395,20.0,543.0,3817.0,29.949702662771323,0.11108011925155753,nfw,entropy,expanded_cm,standard,1.0,1.0,0.0
1.6999552152253006,8932.886732800562,413815.98525164474,1.963946846272951,1218.664121732067,-1218.164121732067,pass_bh_down,9.0,0.0,1218.664121732067,185.74180338406313,1274.386662747286,39.981119088861995,1178.6830026432044,20.0,543.0,2548.0,68.47867526880222,0.0678103255598802,nfw,entropy,expanded_cm,standard,1.0,1.0,0.0
3.399910430450601,8932.886732800562,827631.9705032895,1.963946846272951,1218.328723110453,-1217.828723110453,pass_halo_up,9.0,0.0,1218.328723110453,332.969880753676,1318.2196873365558,33.0455032725349,1185.2832198379176,20.0,543.0,4503.0,629.2292290947074,0.022231612062908225,nfw,entropy,expanded_cm,standard,1.0,1.0,0.0
0.8499776076126503,8932.886732800562,827631.9705032895,1.963946846272951,1240.374112316871,-1239.874112316871,pass_halo_down,9.0,0.0,1240.374112316871,129.80611288745146,1279.3159461831065,29.94536506310465,1210.4287472537665,20.0,543.0,2910.0,40.32416738610635,0.08119777430048437,nfw,entropy,expanded_cm,standard,1.0,1.0,0.0
1.6999552152253006,8932.886732800562,827631.9705032895,2.0,1210.8360089961686,-1210.3360089961686,pass_ml_up,9.0,0.0,1210.8360089961686,290.31231564748566,1297.9297036904143,28.316498110357404,1182.5195108858109,20.0,543.0,5310.0,230.54806624791337,0.03477624844443078,nfw,entropy,expanded_cm,standard,1.0,1.0,0.0
1.6999552152253006,8932.886732800562,827631.9705032895,0.9819734231364755,1237.5297565671979,-1237.0297565671979,pass_ml_down,9.0,0.0,1237.5297565671979,84.81862344754835,1262.9753436014623,37.34863617522382,1200.181120391974,20.0,543.0,2947.0,16.967591074350736,0.1210253553007354,nfw,entropy,expanded_cm,standard,1.0,1.0,0.0
5.203397832750424,2015.7059651708425,454490.673134089,1.6493290069070548,1220.7118845574614,-1220.2118845574614,pass_full,10.0,0.0,1220.7118845574614,325.5105444659393,1318.3650478972431,39.424684557579944,1181.2871999998815,20.0,543.0,4385.0,129.7197770582075,0.04888400254245784,nfw,entropy,expanded_cm,standard,1.0,1.0,0.0
5.203397832750424,2015.7059651708425,0.0,1.6493290069070548,1171.8979650056767,-1171.3979650056767,pass_halo_only,10.0,0.0,1171.8979650056767,198.98270182873136,1231.5927755542962,33.823913045591965,1138.0740519600852,20.0,543.0,3776.0,44.063734272870484,0.10955863123243532,nfw,entropy,expanded_cm,standard,1.0,1.0,0.0
5.203397832750424,2015.7059651708425,908981.346268178,1.6493290069070548,1214.9719946262442,-1214.4719946262442,pass_bh_up,10.0,0.0,1214.9719946262442,212.53529217739174,1278.7325822794617,38.081669944526915,1176.8903246817174,20.0,543.0,2634.0,76.27641160328587,0.0810465160207951,nfw,entropy,expanded_cm,standard,1.0,1.0,0.0
5.203397832750424,2015.7059651708425,227245.3365670445,1.6493290069070548,1193.4291684114476,-1192.9291684114476,pass_bh_down,10.0,0.0,1193.4291684114476,131.80683406904785,1232.971218632162,38.389648737253374,1155.0395196741945,20.0,543.0,2880.0,30.867032070067438,0.10897452313613333,nfw,entropy,expanded_cm,standard,1.0,1.0,0.0
6.0,2015.7059651708425,454490.673134089,1.6493290069070548,1205.2738541994472,-1204.7738541994472,pass_halo_up,10.0,0.0,1205.2738541994472,282.73382606976713,1290.0940020203773,34.3374289067697,1170.9364252926766,20.0,543.0,2922.0,224.08359794591573,0.030998734988383847,nfw,entropy,expanded_cm,standard,1.0,1.0,0.0
2.601698916375212,2015.7059651708425,454490.673134089,1.6493290069070548,1203.3688002101887,-1202.8688002101887,pass_halo_down,10.0,0.0,1203.3688002101887,340.97069747362673,1305.6600094522767,28.442832450246804,1174.9259677599423,20.0,543.0,2200.0,282.80657682987334,0.03251239031601625,nfw,entropy,expanded_cm,standard,1.0,1.0,0.0
5.203397832750424,2015.7059651708425,454490.673134089,2.0,1223.64013973275,-1223.14013973275,pass_ml_up,10.0,0.0,1223.64013973275,357.26415923722874,1330.8193875039185,38.74404091304961,1184.8960988197014,20.0,543.0,3040.0,307.45616451755365,0.03448108146044531,nfw,entropy,expanded_cm,standard,1.0,1.0,0.0
5.203397832750424,2015.7059651708425,454490.673134089,0.8246645034535274,1216.7897817138273,-1216.2897817138273,pass_ml_down,10.0,0.0,1216.7897817138273,324.856386290482,1314.2466976009719,34.18641485793692,1182.6033668558907,20.0,543.0,3148.0,265.840946324613,0.03392586291244454,nfw,entropy,expanded_cm,standard,1.0,1.0,0.0
4.483388502949385,9207.601212976073,220469.92971028588,1.9963155763262859,1235.9801380863921,-1235.4801380863921,pass_full,11.0,0.0,1235.9801380863921,288.1472257229384,1322.4243058032737,37.811245846717334,1198.168892239675,20.0,543.0,3465.0,178.29109829405886,0.04144436140860052,nfw,entropy,expanded_cm,standard,1.0,1.0,0.0
4.483388502949385,9207.601212976073,0.0,1.9963155763262859,1221.047958968641,-1220.547958968641,pass_halo_only,11.0,0.0,1221.047958968641,239.46439377703638,1292.887277101752,36.540030548965944,1184.507928419675,20.0,543.0,2920.0,38.829000684125916,0.12762920896249863,nfw,entropy,expanded_cm,standard,1.0,1.0,0.0
4.483388502949385,9207.601212976073,440939.85942057177,1.9963155763262859,1222.0704876539683,-1221.5704876539683,pass_bh_up,11.0,0.0,1222.0704876539683,182.0693762392605,1276.6913005257463,35.94540219234645,1186.125085461622,20.0,543.0,3477.0,29.86339977603944,0.1159284683957071,nfw,entropy,expanded_cm,standard,1.0,1.0,0.0
4.483388502949385,9207.601212976073,110234.96485514294,1.9963155763262859,1222.9395003771642,-1222.4395003771642,pass_bh_down,11.0,0.0,1222.9395003771642,124.06522303581164,1260.1590672879076,37.04090905728904,1185.8985913198758,20.0,543.0,3005.0,50.643036794592106,0.07217269796671028,nfw,entropy,expanded_cm,standard,1.0,1.0,0.0
6.0,9207.601212976073,220469.92971028588,1.9963155763262859,1229.6833323604023,-1229.1833323604023,pass_halo_up,11.0,0.0,1229.6833323604023,134.58000323468627,1270.0573333308082,40.228950844745846,1189.454381515657,20.0,543.0,2643.0,35.29942281924192,0.12101076925489149,nfw,entropy,expanded_cm,standard,1.0,1.0,0.0
2.2416942514746925,9207.601212976073,220469.92971028588,1.9963155763262859,1231.4702538392544,-1230.9702538392544,pass_halo_down,11.0,0.0,1231.4702538392544,216.18861087060125,1296.3268371004347,36.33126801022648,1195.1389858290274,20.0,543.0,2515.0,24.992728139727458,0.14775251955595164,nfw,entropy,expanded_cm,standard,1.0,1.0,0.0
4.483388502949385,9207.601212976073,220469.92971028588,2.0,1231.4235914090111,-1230.9235914090111,pass_ml_up,11.0,0.0,1231.4235914090111,145.44284915893823,1275.0564461566926,39.93317994209611,1191.4904114669143,20.0,543.0,2726.0,45.93684632250579,0.09437383357030062,nfw,entropy,expanded_cm,standard,1.0,1.0,0.0
4.483388502949385,9207.601212976073,220469.92971028588,0.9981577881631429,1228.2633382895267,-1227.7633382895267,pass_ml_down,11.0,0.0,1228.2633382895267,173.23934214847316,1280.2351409340686,39.026961032758756,1189.2363772567676,20.0,543.0,3394.0,83.88825829897856,0.0703899052883921,nfw,entropy,expanded_cm,standard,1.0,1.0,0.0
3.6167791255223185,451.6327277666402,555521.0784644254,0.7753565394648787,1125.2657642579345,-1124.7657642579345,pass_full,12.0,0.0,1125.2657642579345,282.8927709524166,1210.1335955436596,39.48869584314793,1085.7770684147863,20.0,543.0,4189.0,320.9138467649928,0.02489503297230509,nfw,entropy,expanded_cm,standard,1.0,1.0,0.0
3.6167791255223185,451.6327277666402,0.0,0.7753565394648787,1152.2497446552907,-1151.7497446552907,pass_halo_only,12.0,0.0,1152.2497446552907,165.0141868502381,1201.754000710362,32.34605721100969,1119.9036874442806,20.0,543.0,2405.0,53.66246986817351,0.06936671872577797,nfw,entropy,expanded_cm,standard,1.0,1.0,0.0
3.6167791255223185,451.6327277666402,1000000.0,0.7753565394648787,1166.9805439141244,-1166.4805439141244,pass_bh_up,12.0,0.0,1166.9805439141244,307.2123521010485,1259.144249544439,40.25560344535387,1126.7249404687702,20.0,543.0,2337.0,245.21224475961324,0.027552269488984055,nfw,entropy,expanded_cm,standard,1.0,1.0,0.0
3.6167791255223185,451.6327277666402,277760.5392322127,0.7753565394648787,1138.030855595962,-1137.530855595962,pass_bh_down,12.0,0.0,1138.030855595962,334.44823749134184,1238.3653268433645,29.929313062380235,1108.1015425335822,20.0,543.0,2413.0,523.5351550322948,0.02349778483543341,nfw,entropy,expanded_cm,standard,1.0,1.0,0.0
6.0,451.6327277666402,555521.0784644254,0.7753565394648787,1138.5966592851169,-1138.0966592851169,pass_halo_up,12.0,0.0,1138.5966592851169,189.5579486645947,1195.4640438844954,33.1455421575526,1105.4511171275644,20.0,543.0,2371.0,103.53371713277599,0.049292628588951594,nfw,entropy,expanded_cm,standard,1.0,1.0,0.0
1.8083895627611593,451.6327277666402,555521.0784644254,0.7753565394648787,1176.399858157808,-1175.899858157808,pass_halo_down,12.0,0.0,1176.399858157808,427.54916451293684,1304.6646075116892,40.31604179548658,1136.083816362322,20.0,543.0,2112.0,535.112390266663,0.023803232752063776,nfw,entropy,expanded_cm,standard,1.0,1.0,0.0
3.6167791255223185,451.6327277666402,555521.0784644254,1.5507130789297574,1162.7961080525074,-1162.2961080525074,pass_ml_up,12.0,0.0,1162.7961080525074,368.2396518904699,1273.2680036196484,39.152576842345866,1123.6435312101619,20.0,543.0,2920.0,643.2278492607802,0.02136360062089398,nfw,entropy,expanded_cm,standard,1.0,1.0,0.0
3.6167791255223185,451.6327277666402,555521.0784644254,0.38767826973243935,1161.7001319479195,-1161.2001319479195,pass_ml_down,12.0,0.0,1161.7001319479195,377.2459495917881,1274.873916825456,39.60495876031788,1122.0951731876014,20.0,543.0,2614.0,675.30818701246,0.016893799375970485,nfw,entropy,expanded_cm,standard,1.0,1.0,0.0
3.0126277521832985,5377.904997779838,662513.3897918408,1.0248962273370026,1197.8894489578047,-1197.3894489578047,pass_full,13.0,0.0,1197.8894489578047,117.62449342249398,1233.1767969845528,37.97668337216532,1159.912765585639,20.0,543.0,2270.0,46.91933318050716,0.053275954251441514,nfw,entropy,expanded_cm,standard,1.0,1.0,0.0
3.0126277521832985,5377.904997779838,0.0,1.0248962273370026,1151.7036736196226,-1151.2036736196226,pass_halo_only,13.0,0.0,1151.7036736196226,200.24541629289138,1211.77729850749,40.19967512159601,1111.5039984980258,20.0,543.0,4255.0,27.964772074157846,0.10813752402537338,nfw,entropy,expanded_cm,standard,1.0,1.0,0.0
3.0126277521832985,5377.904997779838,1000000.0,1.0248962273370026,1187.309644888909,-1186.809644888909,pass_bh_up,13.0,0.0,1187.309644888909,189.45068366403683,1244.1448499881199,44.39684300495414,1142.9128018839535,20.0,543.0,3029.0,9.304512417602234,0.20825564590000362,nfw,entropy,expanded_cm,standard,1.0,1.0,0.0
3.0126277521832985,5377.904997779838,331256.6948959204,1.0248962273370026,1126.776051729476,-1126.276051729476,pass_bh_down,13.0,0.0,1126.776051729476,81.40390545475614,1151.1972233659028,32.10028141302273,1094.6757703164526,20.0,543.0,4573.0,38.39145791316136,0.09564647206322678,nfw,entropy,expanded_cm,standard,1.0,1.0,0.0
6.0,5377.904997779838,662513.3897918408,1.0248962273370026,1174.3507960290017,-1173.8507960290017,pass_halo_up,13.0,0.0,1174.3507960290017,138.05705987892745,1215.76791399268,37.518349363301446,1136.8324466657,20.0,543.0,2812.0,23.877636102288744,0.1367029036916125,nfw,entropy,expanded_cm,standard,1.0,1.0,0.0
1.5063138760916492,5377.904997779838,662513.3897918408,1.0248962273370026,1224.5858818353613,-1224.0858818353613,pass_halo_down,13.0,0.0,1224.5858818353613,317.57202187038126,1319.8574883964757,53.12407476752901,1171.4618070678334,20.0,543.0,2579.0,43.2804786276167,0.10150629684951315,nfw,entropy,expanded_cm,standard,1.0,1.0,0.0
3.0126277521832985,5377.904997779838,662513.3897918408,2.0,1303.0153779391405,-1302.5153779391405,pass_ml_up,13.0,0.0,1303.0153779391405,355.03296209280364,1409.5252665669816,66.77415009641602,1236.2412278427241,20.0,543.0,2794.0,28.534877011662925,0.12580784802130382,nfw,entropy,expanded_cm,standard,1.0,1.0,0.0
3.0126277521832985,5377.904997779838,662513.3897918408,0.5124481136685013,1221.3514737725768,-1220.8514737725768,pass_ml_down,13.0,0.0,1221.3514737725768,239.22543685492613,1293.1191048290545,37.62734077566952,1183.7241329969065,20.0,543.0,5548.0,49.7908791167861,0.12500589675986137,nfw,entropy,expanded_cm,standard,1.0,1.0,0.0
0.6592583065313382,7326.382908432605,784203.567912273,0.4543214736010023,1187.0722683051615,-1186.5722683051615,pass_full,14.0,0.0,1187.0722683051615,179.7858320281469,1241.0080179136055,31.34281020884334,1155.7294580963182,20.0,543.0,2659.0,69.65969443918877,0.05112231080619856,nfw,entropy,expanded_cm,standard,1.0,1.0,0.0
0.6592583065313382,7326.382908432605,0.0,0.4543214736010023,1342.861088155225,-1342.361088155225,pass_halo_only,14.0,0.0,1342.861088155225,258.749519202341,1420.4859439159272,91.46336102074518,1251.3977271344788,20.0,543.0,2678.0,17.948834633340876,0.15330451873857504,nfw,entropy,expanded_cm,standard,1.0,1.0,0.0
0.6592583065313382,7326.382908432605,1000000.0,0.4543214736010023,1220.3821255141415,-1219.8821255141415,pass_bh_up,14.0,0.0,1220.3821255141415,113.63776323802806,1254.47345448555,39.385090762575366,1180.9970347515657,20.0,543.0,2320.0,23.741277320572095,0.1478403058776552,nfw,entropy,expanded_cm,standard,1.0,1.0,0.0
0.6592583065313382,7326.382908432605,392101.7839561365,0.4543214736010023,1219.1258447679797,-1218.6258447679797,pass_bh_down,14.0,0.0,1219.1258447679797,233.8903731494233,1289.2929567128067,36.71193297706554,1182.4139117909147,20.0,543.0,2351.0,132.98092344132695,0.05452266973060794,nfw,entropy,expanded_cm,standard,1.0,1.0,0.0
1.3185166130626764,7326.382908432605,784203.567912273,0.4543214736010023,1232.3445163118317,-1231.8445163118317,pass_halo_up,14.0,0.0,1232.3445163118317,380.03559440778866,1346.3551946341684,40.300431099994725,1192.0440852118377,20.0,543.0,2846.0,546.6168398392847,0.02211824590335957,nfw,entropy,expanded_cm,standard,1.0,1.0,0.0
0.3296291532656691,7326.382908432605,784203.567912273,0.4543214736010023,1181.3721808700645,-1180.8721808700645,pass_halo_down,14.0,0.0,1181.3721808700645,350.50597304080725,1286.5239727823068,34.47893915482343,1146.8932417152405,20.0,543.0,2663.0,400.2302304271606,0.033482002900773696,nfw,entropy,expanded_cm,standard,1.0,1.0,0.0
0.6592583065313382,7326.382908432605,784203.567912273,0.9086429472020046,1238.484773260933,-1237.984773260933,pass_ml_up,14.0,0.0,1238.484773260933,284.9186848649558,1323.9603787204198,74.35387698906997,1164.1308962718629,20.0,543.0,5110.0,90.64249028107847,0.05937755274099349,nfw,entropy,expanded_cm,standard,1.0,1.0,0.0
0.6592583065313382,7326.382908432605,784203.567912273,0.22716073680050114,1196.1342730276458,-1195.6342730276458,pass_ml_down,14.0,0.0,1196.1342730276458,202.93996572774884,1257.0162627459704,37.121375779968346,1159.0128972476773,20.0,543.0,2545.0,101.20507616881912,0.04986750798964415,nfw,entropy,expanded_cm,standard,1.0,1.0,0.0
5.032121652994002,4086.990572504854,406423.6594914105,0.8671993601353001,1146.6679488117277,-1146.1679488117277,pass_full,15.0,0.0,1146.6679488117277,416.42928230904135,1271.5967335044402,38.506842693748666,1108.1611061179794,20.0,543.0,4007.0,33.18135486549479,0.10119494484461287,nfw,entropy,expanded_cm,standard,1.0,1.0,0.0
5.032121652994002,4086.990572504854,0.0,0.8671993601353001,1213.250804848242,-1212.750804848242,pass_halo_only,15.0,0.0,1213.250804848242,294.5324372084106,1301.6105360107651,31.967061175993972,1181.2837436722482,20.0,543.0,2344.0,205.9801999214186,0.049465199609394245,nfw,entropy,expanded_cm,standard,1.0,1.0,0.0
5.032121652994002,4086.990572504854,812847.318982821,0.8671993601353001,1182.7748808775036,-1182.2748808775036,pass_bh_up,15.0,0.0,1182.7748808775036,774.5887482838207,1415.15150536265,48.2235306519543,1134.5513502255496,20.0,543.0,7560.0,15.663966533077424,0.17945345520725467,nfw,entropy,expanded_cm,standard,1.0,1.0,0.0
5.032121652994002,4086.990572504854,203211.82974570524,0.8671993601353001,1177.35845042814,-1176.85845042814,pass_bh_down,15.0,0.0,1177.35845042814,132.99075522580097,1217.2556769958803,34.692250476633326,1142.6661999515068,20.0,543.0,3838.0,55.3883578896899,0.0938328084334171,nfw,entropy,expanded_cm,standard,1.0,1.0,0.0
6.0,4086.990572504854,406423.6594914105,0.8671993601353001,1212.2593522209468,-1211.7593522209468,pass_halo_up,15.0,0.0,1212.2593522209468,290.48593012102117,1299.405131257253,36.40233733991915,1175.8570148810268,20.0,543.0,2982.0,19.458550819737916,0.10587085360524928,nfw,entropy,expanded_cm,standard,1.0,1.0,0.0
2.516060826497001,4086.990572504854,406423.6594914105,0.8671993601353001,1143.2219098642283,-1142.7219098642283,pass_halo_down,15.0,0.0,1143.2219098642283,209.95971318355313,1206.2098238192943,33.79995950411349,1109.4219503601155,20.0,543.0,2914.0,8.82853099358205,0.2669189893615951,nfw,entropy,expanded_cm,standard,1.0,1.0,0.0
5.032121652994002,4086.990572504854,406423.6594914105,1.7343987202706002,1199.6019613958392,-1199.1019613958392,pass_ml_up,15.0,0.0,1199.6019613958392,148.30543207097307,1244.093591017131,41.09967944531369,1158.502281950525,20.0,543.0,4077.0,8.000410184380181,0.2729367042894236,nfw,entropy,expanded_cm,standard,1.0,1.0,0.0
5.032121652994002,4086.990572504854,406423.6594914105,0.43359968006765004,1197.6073343943422,-1197.1073343943422,pass_ml_down,15.0,0.0,1197.6073343943422,75.41002376059473,1220.2303415225206,36.87876131155011,1160.7285730827923,20.0,543.0,2294.0,7.401081002364304,0.3307786832757818,nfw,entropy,expanded_cm,standard,1.0,1.0,0.0
5.502093708099266,4957.72573075632,965988.3696125202,0.3254977469476743,1387.3672350726727,-1386.8672350726727,pass_full,16.0,0.0,1387.3672350726727,992.3199836453559,1685.0632301662795,220.52813185587803,1166.839103216795,20.0,543.0,6352.0,17.00320436151634,0.1891349496403215,nfw,entropy,expanded_cm,standard,1.0,1.0,0.0
5.502093708099266,4957.72573075632,0.0,0.3254977469476743,1193.6746588548376,-1193.1746588548376,pass_halo_only,16.0,0.0,1193.6746588548376,90.41952246349811,1220.800515593887,36.389026610820764,1157.2856322440168,20.0,543.0,3011.0,25.70063620439921,0.10625437956037453,nfw,entropy,expanded_cm,standard,1.0,1.0,0.0
5.502093708099266,4957.72573075632,1000000.0,0.3254977469476743,1183.7826231561812,-1183.2826231561812,pass_bh_up,16.0,0.0,1183.7826231561812,146.48169800085608,1227.727132556438,39.23510074285202,1144.547522413329,20.0,543.0,2214.0,15.002599108629415,0.13074149787357375,nfw,entropy,expanded_cm,standard,1.0,1.0,0.0
5.502093708099266,4957.72573075632,482994.1848062601,0.3254977469476743,1192.5934409869892,-1192.0934409869892,pass_bh_down,16.0,0.0,1192.5934409869892,30.178759578972166,1201.6470688606807,29.232209249944972,1163.361231737045,20.0,543.0,3420.0,9.764054706010832,0.2617385380917682,nfw,entropy,expanded_cm,standard,1.0,1.0,0.0
6.0,4957.72573075632,965988.3696125202,0.3254977469476743,1242.795869984964,-1242.295869984964,pass_halo_up,16.0,0.0,1242.795869984964,529.8391274705208,1401.74760822612,54.228692168642894,1188.5671778163214,20.0,543.0,2231.0,17.175454627195272,0.14035615028070508,nfw,entropy,expanded_cm,standard,1.0,1.0,0.0
2.751046854049633,4957.72573075632,965988.3696125202,0.3254977469476743,1142.4698773449697,-1141.9698773449697,pass_halo_down,16.0,0.0,1142.4698773449697,280.0529580773412,1226.4857647681722,45.55297092570357,1096.9169064192668,20.0,543.0,3161.0,21.95859830855744,0.12153863948885864,nfw,entropy,expanded_cm,standard,1.0,1.0,0.0
5.502093708099266,4957.72573075632,965988.3696125202,0.6509954938953486,1213.6369167441028,-1213.1369167441028,pass_ml_up,16.0,0.0,1213.6369167441028,73.60801690935499,1235.7193218169093,39.755716240729086,1173.881200503373,20.0,543.0,3169.0,35.97585801738949,0.09096906570392042,nfw,entropy,expanded_cm,standard,1.0,1.0,0.0
5.502093708099266,4957.72573075632,965988.3696125202,0.2,1178.672100076657,-1178.172100076657,pass_ml_down,16.0,0.0,1178.672100076657,259.9644144032703,1256.661424397638,37.007643240166445,1141.6644568364904,20.0,543.0,2803.0,26.714850817234588,0.08461989914011347,nfw,entropy,expanded_cm,standard,1.0,1.0,0.0
2.17229191540878,547.0836422088009,335737.4839145163,0.9329194137130663,1182.5559698594768,-1182.0559698594768,pass_full,17.0,0.0,1182.5559698594768,210.3061527269974,1245.647815677576,28.90985283109424,1153.6461170283826,20.0,543.0,2818.0,52.17093721155828,0.07237933514726026,nfw,entropy,expanded_cm,standard,1.0,1.0,0.0
2.17229191540878,547.0836422088009,0.0,0.9329194137130663,1100.5000763046776,-1100.0000763046776,pass_halo_only,17.0,0.0,1100.5000763046776,62.339884235715594,1119.2020415753923,26.12752822411659,1074.3725480805606,20.0,543.0,3777.0,29.14172153785572,0.1323973015155023,nfw,entropy,expanded_cm,standard,1.0,1.0,0.0
2.17229191540878,547.0836422088009,671474.9678290326,0.9329194137130663,1181.7233478873713,-1181.2233478873713,pass_bh_up,17.0,0.0,1181.7233478873713,151.4156489797761,1227.1480425813043,37.79076631319534,1143.9325815741756,20.0,543.0,2364.0,37.81924227634504,0.07669466045866369,nfw,entropy,expanded_cm,standard,1.0,1.0,0.0
2.17229191540878,547.0836422088009,167868.74195725814,0.9329194137130663,1123.6580443961332,-1123.1580443961332,pass_bh_down,17.0,0.0,1123.6580443961332,299.3422697814929,1213.460725330581,36.58999309660864,1087.0680512995252,20.0,543.0,3650.0,155.88007492070057,0.06089498478750293,nfw,entropy,expanded_cm,standard,1.0,1.0,0.0
4.34458383081756,547.0836422088009,335737.4839145163,0.9329194137130663,1118.8473026204367,-1118.3473026204367,pass_halo_up,17.0,0.0,1118.8473026204367,146.95070803329432,1162.932515030425,38.416017639731145,1080.4312849807052,20.0,543.0,2663.0,69.09951733070017,0.05208894728358576,nfw,entropy,expanded_cm,standard,1.0,1.0,0.0
1.08614595770439,547.0836422088009,335737.4839145163,0.9329194137130663,1194.8020882588007,-1194.3020882588007,pass_halo_down,17.0,0.0,1194.8020882588007,141.1995441489489,1237.1619515034854,30.965049386646292,1163.837038872155,20.0,543.0,2603.0,46.845258226001356,0.09063858894251756,nfw,entropy,expanded_cm,standard,1.0,1.0,0.0
2.17229191540878,547.0836422088009,335737.4839145163,1.8658388274261326,1066.0550617265183,-1065.5550617265183,pass_ml_up,17.0,0.0,1066.0550617265183,131.1558682196867,1105.4018221924243,27.77457373442492,1038.2804879920932,20.0,543.0,2386.0,33.87641517438107,0.07818117436330975,nfw,entropy,expanded_cm,standard,1.0,1.0,0.0
2.17229191540878,547.0836422088009,335737.4839145163,0.46645970685653315,2071.469069430148,-2070.969069430148,pass_ml_down,17.0,0.0,2071.469069430148,321.9033211759321,2168.0400657829277,302.2119573793427,1769.2571120508048,20.0,543.0,3078.0,19.24453100115598,0.15476821973453644,nfw,entropy,expanded_cm,standard,1.0,1.0,0.0
1.3986427593368695,2117.0549332207297,934802.200112177,1.2386842881693916,1208.2324688891003,-1207.7324688891003,pass_full,18.0,0.0,1208.2324688891003,349.1347314497356,1312.972888324021,31.182877113214104,1177.0495917758863,20.0,543.0,5807.0,131.1972643253435,0.05329129864724907,nfw,entropy,expanded_cm,standard,1.0,1.0,0.0
1.3986427593368695,2117.0549332207297,0.0,1.2386842881693916,1198.7665073609403,-1198.2665073609403,pass_halo_only,18.0,0.0,1198.7665073609403,389.0569183737091,1315.483582873053,33.198938882238636,1165.5675684787018,20.0,543.0,2748.0,685.2528539898701,0.016783981860935368,nfw,entropy,expanded_cm,standard,1.0,1.0,0.0
1.3986427593368695,2117.0549332207297,1000000.0,1.2386842881693916,1194.9541010789505,-1194.4541010789505,pass_bh_up,18.0,0.0,1194.9541010789505,334.06143200796845,1295.172530681341,36.9745056688727,1157.979595410077,20.0,543.0,2974.0,345.2277661123673,0.03021913889084296,nfw,entropy,expanded_cm,standard,1.0,1.0,0.0
1.3986427593368695,2117.0549332207297,467401.1000560885,1.2386842881693916,1193.352398447372,-1192.852398447372,pass_bh_down,18.0,0.0,1193.352398447372,173.24958004132696,1245.32727245977,37.55355765272678,1155.7988407946461,20.0,543.0,2183.0,43.51142520083464,0.08690270700738213,nfw,entropy,expanded_cm,standard,1.0,1.0,0.0
2.797285518673739,2117.0549332207297,934802.200112177,1.2386842881693916,1201.7175590270044,-1201.2175590270044,pass_halo_up,18.0,0.0,1201.7175590270044,167.47803415207923,1251.9609692726283,36.57242101690496,1165.145138010099,20.0,543.0,4030.0,15.901090979206781,0.23967629391016715,nfw,entropy,expanded_cm,standard,1.0,1.0,0.0
0.6993213796684348,2117.0549332207297,934802.200112177,1.2386842881693916,1150.4678809017453,-1149.9678809017453,pass_halo_down,18.0,0.0,1150.4678809017453,270.4850169491244,1231.6133859864826,34.87605477992612,1115.591826121819,20.0,543.0,2416.0,130.90356016366405,0.06812974714123109,nfw,entropy,expanded_cm,standard,1.0,1.0,0.0
1.3986427593368695,2117.0549332207297,934802.200112177,2.0,1172.0127260669583,-1171.5127260669583,pass_ml_up,18.0,0.0,1172.0127260669583,204.14602606709406,1233.2565338870866,37.65534583192642,1134.3573802350327,20.0,543.0,2381.0,64.76051629039739,0.08215704979030776,nfw,entropy,expanded_cm,standard,1.0,1.0,0.0
1.3986427593368695,2117.0549332207297,934802.200112177,0.6193421440846958,1173.7412121774037,-1173.2412121774037,pass_ml_down,18.0,0.0,1173.7412121774037,316.6222869107042,1268.727898250615,39.43691060180113,1134.3043015756032,20.0,543.0,2641.0,357.5359460961394,0.021337794344813015,nfw,entropy,expanded_cm,standard,1.0,1.0,0.0
3.745330294703215,8445.409669577368,176484.22862926027,1.7313946406740115,1210.7520511679052,-1210.2520511679052,pass_full,19.0,0.0,1210.7520511679052,106.39847143452393,1242.6715925982624,40.74044389436704,1170.0116072735377,20.0,543.0,2934.0,18.4581435164836,0.13417456408837317,nfw,entropy,expanded_cm,standard,1.0,1.0,0.0
3.745330294703215,8445.409669577368,0.0,1.7313946406740115,1219.197268854834,-1218.697268854834,pass_halo_only,19.0,0.0,1219.197268854834,135.43193573633005,1259.826849575733,33.65242220450315,1185.54484665033,20.0,543.0,2314.0,55.0540005551776,0.10114286836156723,nfw,entropy,expanded_cm,standard,1.0,1.0,0.0
3.745330294703215,8445.409669577368,352968.45725852053,1.7313946406740115,1213.3944187681632,-1212.8944187681632,pass_bh_up,19.0,0.0,1213.3944187681632,100.4875175690051,1243.5406740388646,37.88127028903388,1175.5131484791298,20.0,543.0,2747.0,42.98832398500673,0.08047765115484899,nfw,entropy,expanded_cm,standard,1.0,1.0,0.0
3.745330294703215,8445.409669577368,88242.11431463013,1.7313946406740115,1233.07768451833,-1232.57768451833,pass_bh_down,19.0,0.0,1233.07768451833,350.95923893317644,1338.365456198283,31.73408965928091,1201.3435948590493,20.0,543.0,3124.0,469.57543558769976,0.01991128996964898,nfw,entropy,expanded_cm,standard,1.0,1.0,0.0
6.0,8445.409669577368,176484.22862926027,1.7313946406740115,1233.8639853340148,-1233.3639853340148,pass_halo_up,19.0,0.0,1233.8639853340148,172.84214076707735,1285.716627564138,35.64440768862078,1198.2195776453943,20.0,543.0,2766.0,151.47028212111425,0.051327722977716955,nfw,entropy,expanded_cm,standard,1.0,1.0,0.0
1.8726651473516076,8445.409669577368,176484.22862926027,1.7313946406740115,1195.0457498348844,-1194.5457498348844,pass_halo_down,19.0,0.0,1195.0457498348844,46.206326686159045,1208.9076478407321,37.35816148432385,1157.6875883505606,20.0,543.0,2104.0,25.49388810029563,0.09917956577637486,nfw,entropy,expanded_cm,standard,1.0,1.0,0.0
3.745330294703215,8445.409669577368,176484.22862926027,2.0,1236.4489009624779,-1235.9489009624779,pass_ml_up,19.0,0.0,1236.4489009624779,254.43877264955347,1312.780532757344,37.34819423109961,1199.100706731379,20.0,543.0,2198.0,202.1567225685503,0.028871775571902115,nfw,entropy,expanded_cm,standard,1.0,1.0,0.0
3.745330294703215,8445.409669577368,176484.22862926027,0.8656973203370057,1228.2841654954175,-1227.7841654954175,pass_ml_down,19.0,0.0,1228.2841654954175,153.36933311494707,1274.2949654299016,33.214472598492556,1195.0696928969242,20.0,543.0,2281.0,34.726617631810626,0.09401969288980402,nfw,entropy,expanded_cm,standard,1.0,1.0,0.0
1.794811807526664,8360.762861932237,957758.225319469,0.40651352908042787,1227.5400258942425,-1227.0400258942425,pass_full,20.0,0.0,1227.5400258942425,237.9288461724054,1298.918679745964,37.989089995465555,1189.5509358987765,20.0,543.0,2618.0,104.80052355183592,0.05987907215257199,nfw,entropy,expanded_cm,standard,1.0,1.0,0.0
1.794811807526664,8360.762861932237,0.0,0.40651352908042787,1217.542939148402,-1217.042939148402,pass_halo_only,20.0,0.0,1217.542939148402,174.1381211673334,1269.784375498602,38.22208281306694,1179.3208563353348,20.0,543.0,3133.0,70.89970876744749,0.06897499598987199,nfw,entropy,expanded_cm,standard,1.0,1.0,0.0
1.794811807526664,8360.762861932237,1000000.0,0.40651352908042787,1212.9098709241218,-1212.4098709241218,pass_bh_up,20.0,0.0,1212.9098709241218,211.60040425312454,1276.3899922000592,38.38919243811071,1174.5206784860115,20.0,543.0,3157.0,121.46009426154798,0.03880285634813122,nfw,entropy,expanded_cm,standard,1.0,1.0,0.0
1.794811807526664,8360.762861932237,478879.1126597345,0.40651352908042787,1230.12582797145,-1229.62582797145,pass_bh_down,20.0,0.0,1230.12582797145,348.5643502388812,1334.6951330431143,40.48776789269839,1189.6380600787516,20.0,543.0,4196.0,419.67467764227484,0.026221990224358283,nfw,entropy,expanded_cm,standard,1.0,1.0,0.0
3.589623615053328,8360.762861932237,957758.225319469,0.40651352908042787,1219.6897970736634,-1219.1897970736634,pass_halo_up,20.0,0.0,1219.6897970736634,208.27338754276357,1282.1718133364925,34.204206058558725,1185.4855910151052,20.0,543.0,3004.0,24.809253301768926,0.15315795483417996,nfw,entropy,expanded_cm,standard,1.0,1.0,0.0
0.897405903763332,8360.762861932237,957758.225319469,0.40651352908042787,1216.4079497800174,-1215.9079497800174,pass_halo_down,20.0,0.0,1216.4079497800174,271.68443440551175,1297.9132801016708,34.640213615160654,1181.7677361648566,20.0,543.0,2844.0,203.47088509297248,0.03903807417027068,nfw,entropy,expanded_cm,standard,1.0,1.0,0.0
1.794811807526664,8360.762861932237,957758.225319469,0.8130270581608557,1233.7743108974503,-1233.2743108974503,pass_ml_up,20.0,0.0,1233.7743108974503,338.93230339768655,1335.4540019167562,39.80609744600227,1193.968213451448,20.0,543.0,2950.0,357.28237182732505,0.024831405160869277,nfw,entropy,expanded_cm,standard,1.0,1.0,0.0
1.794811807526664,8360.762861932237,957758.225319469,0.20325676454021394,1198.4746294900306,-1197.9746294900306,pass_ml_down,20.0,0.0,1198.4746294900306,88.44541752756213,1225.0082547482991,34.71102540183557,1163.7636040881948,20.0,543.0,3969.0,37.409116211467705,0.0787277784272272,nfw,entropy,expanded_cm,standard,1.0,1.0,0.0
0.6995326947668855,552.9333506357644,581375.7108513953,0.37644943232606903,1109.4063712869536,-1108.9063712869536,pass_full,21.0,0.0,1109.4063712869536,367.57356171983304,1219.6784398029035,36.374784536802004,1073.0315867501513,20.0,543.0,6629.0,398.05265191885235,0.018971849197409695,nfw,entropy,expanded_cm,standard,1.0,1.0,0.0
0.6995326947668855,552.9333506357644,0.0,0.37644943232606903,1013.82413049879,-1013.32413049879,pass_halo_only,21.0,0.0,1013.82413049879,291.3793055456875,1101.2379221624963,65.54200293749729,948.2821275612923,20.0,543.0,2479.0,283.5637949220564,0.027471147911699238,nfw,entropy,expanded_cm,standard,1.0,1.0,0.0
0.6995326947668855,552.9333506357644,1000000.0,0.37644943232606903,1113.1179141340135,-1112.6179141340135,pass_bh_up,21.0,0.0,1113.1179141340135,394.6875066566344,1231.5241661310038,38.82974968810233,1074.2881644459112,20.0,543.0,2537.0,426.7529625231507,0.030737184237083787,nfw,entropy,expanded_cm,standard,1.0,1.0,0.0
0.6995326947668855,552.9333506357644,290687.85542569763,0.37644943232606903,1093.0120853573724,-1092.5120853573724,pass_bh_down,21.0,0.0,1093.0120853573724,227.70725722164065,1161.3242625238645,35.7776785156253,1057.2344068417465,20.0,543.0,2295.0,150.37800837882284,0.034755061317197876,nfw,entropy,expanded_cm,standard,1.0,1.0,0.0
1.399065389533771,552.9333506357644,581375.7108513953,0.37644943232606903,1161.4160106666939,-1160.9160106666939,pass_halo_up,21.0,0.0,1161.4160106666939,260.7442616208981,1239.6392891529633,36.977520746612605,1124.4384899200813,20.0,543.0,2549.0,146.3503575462024,0.03615758733524476,nfw,entropy,expanded_cm,standard,1.0,1.0,0.0
0.34976634738344275,552.9333506357644,581375.7108513953,0.37644943232606903,1079.9466745525979,-1079.4466745525979,pass_halo_down,21.0,0.0,1079.9466745525979,390.44071186082505,1197.0788881108454,37.10018146620665,1042.8464930863918,20.0,543.0,2299.0,353.2393925856728,0.031686632754880116,nfw,entropy,expanded_cm,standard,1.0,1.0,0.0
0.6995326947668855,552.9333506357644,581375.7108513953,0.7528988646521381,1255.5944590310753,-1255.0944590310753,pass_ml_up,21.0,0.0,1255.5944590310753,187.34751296049802,1311.7987129192247,36.0726771581231,1219.5217818729523,20.0,543.0,2583.0,102.33531510151712,0.039877556642572365,nfw,entropy,expanded_cm,standard,1.0,1.0,0.0
0.6995326947668855,552.9333506357644,581375.7108513953,0.2,1082.7068454889493,-1082.2068454889493,pass_ml_down,21.0,0.0,1082.7068454889493,320.069653590938,1178.7277415662306,28.249275313696153,1054.4575701752533,20.0,543.0,2327.0,245.4283530986179,0.035906095318661124,nfw,entropy,expanded_cm,standard,1.0,1.0,0.0
1.279530824382664,1804.6474807334837,973148.6259011385,0.5568255941400457,1211.9282954357354,-1211.4282954357354,pass_full,22.0,0.0,1211.9282954357354,399.0860544515344,1331.6541117711959,38.61806651403935,1173.3102289216963,20.0,543.0,2724.0,527.9371505612833,0.01959454710370631,nfw,entropy,expanded_cm,standard,1.0,1.0,0.0
1.279530824382664,1804.6474807334837,0.0,0.5568255941400457,1197.4211205124232,-1196.9211205124232,pass_halo_only,22.0,0.0,1197.4211205124232,341.1742603423523,1299.7733986151288,37.37214853082507,1160.048971981598,20.0,543.0,2320.0,256.20692110739776,0.031008021988412217,nfw,entropy,expanded_cm,standard,1.0,1.0,0.0
1.279530824382664,1804.6474807334837,1000000.0,0.5568255941400457,1190.8058850537561,-1190.3058850537561,pass_bh_up,22.0,0.0,1190.8058850537561,276.33090126576815,1273.7051554334867,37.4186582173674,1153.3872268363891,20.0,543.0,5843.0,97.94509546838694,0.06428361523236972,nfw,entropy,expanded_cm,standard,1.0,1.0,0.0
1.279530824382664,1804.6474807334837,486574.31295056926,0.5568255941400457,1199.065028828681,-1198.565028828681,pass_bh_down,22.0,0.0,1199.065028828681,332.55752082128663,1298.8322850750671,39.28957343777428,1159.7754553909065,20.0,543.0,2393.0,277.0570422769246,0.02507844983869136,nfw,entropy,expanded_cm,standard,1.0,1.0,0.0
2.559061648765328,1804.6474807334837,973148.6259011385,0.5568255941400457,1215.166124645065,-1214.666124645065,pass_halo_up,22.0,0.0,1215.166124645065,349.68238636493226,1320.0708405545447,39.35360762775375,1175.8125170173118,20.0,543.0,3627.0,249.73235358088775,0.036138012398114976,nfw,entropy,expanded_cm,standard,1.0,1.0,0.0
0.639765412191332,1804.6474807334837,973148.6259011385,0.5568255941400457,1168.4754499042854,-1167.9754499042854,pass_halo_down,22.0,0.0,1168.4754499042854,366.70465810685266,1278.4868473363413,39.60206567313894,1128.8733842311465,20.0,543.0,2885.0,408.082705478661,0.02254901653856777,nfw,entropy,expanded_cm,standard,1.0,1.0,0.0
1.279530824382664,1804.6474807334837,973148.6259011385,1.1136511882800915,1179.7552973820766,-1179.2552973820766,pass_ml_up,22.0,0.0,1179.7552973820766,312.83092683942266,1273.6045754339034,37.932032780617234,1141.823264601459,20.0,543.0,2142.0,176.97547727657843,0.03960330684006369,nfw,entropy,expanded_cm,standard,1.0,1.0,0.0
1.279530824382664,1804.6474807334837,973148.6259011385,0.27841279707002287,1190.1839112277064,-1189.6839112277064,pass_ml_down,22.0,0.0,1190.1839112277064,340.5821399082388,1292.358553200178,40.21361746275311,1149.9702937649538,20.0,543.0,2908.0,253.11526327882243,0.043196673074739816,nfw,entropy,expanded_cm,standard,1.0,1.0,0.0
1.0673241743870319,2792.690510062206,272568.0686376315,1.6495390909406413,1687.8011577830048,-1687.3011577830048,pass_full,23.0,0.0,1687.8011577830048,411.45018975543957,1811.2362147096367,40.43025105575991,1647.3709067272448,20.0,543.0,3223.0,6.949749611299082,0.270745058368779,nfw,entropy,expanded_cm,standard,1.0,1.0,0.0
1.0673241743870319,2792.690510062206,0.0,1.6495390909406413,1294.2897927657827,-1293.7897927657827,pass_halo_only,23.0,0.0,1294.2897927657827,252.17266974539308,1369.9415936894006,277.6527530157445,1016.6370397500381,20.0,543.0,5831.0,34.98462087318106,0.05885234672365284,nfw,entropy,expanded_cm,standard,1.0,1.0,0.0
1.0673241743870319,2792.690510062206,545136.137275263,1.6495390909406413,1288.9371218872413,-1288.4371218872413,pass_bh_up,23.0,0.0,1288.9371218872413,167.89070664810762,1339.3043338816735,45.55849653081911,1243.378625356422,20.0,543.0,3005.0,14.585341619928542,0.14450715088134575,nfw,entropy,expanded_cm,standard,1.0,1.0,0.0
1.0673241743870319,2792.690510062206,136284.03431881574,1.6495390909406413,2664.3487370022617,-2663.8487370022617,pass_bh_down,23.0,0.0,2664.3487370022617,1133.987081399996,3004.5448614222605,1013.5355902632078,1650.8131467390544,20.0,543.0,2693.0,8.349279204464278,0.3296714202499323,nfw,entropy,expanded_cm,standard,1.0,1.0,0.0
2.1346483487740637,2792.690510062206,272568.0686376315,1.6495390909406413,1199.7256533171985,-1199.2256533171985,pass_halo_up,23.0,0.0,1199.7256533171985,69.22459263477411,1220.4930311076307,36.298120032360934,1163.427533284838,20.0,543.0,2539.0,15.386530178081571,0.12033974547249242,nfw,entropy,expanded_cm,standard,1.0,1.0,0.0
0.5336620871935159,2792.690510062206,272568.0686376315,1.6495390909406413,1531.837619105234,-1531.337619105234,pass_halo_down,23.0,0.0,1531.837619105234,212.78828443101136,1595.6741044345374,343.8887344660642,1187.948884639171,20.0,543.0,4235.0,8.648017227866873,0.25994164706521666,nfw,entropy,expanded_cm,standard,1.0,1.0,0.0
1.0673241743870319,2792.690510062206,272568.0686376315,2.0,1134.7303410165462,-1134.2303410165462,pass_ml_up,23.0,0.0,1134.7303410165462,211.65866032144626,1198.22793911298,83.81506814539071,1050.9152728711554,20.0,543.0,8344.0,13.936227422961323,0.16491021390364358,nfw,entropy,expanded_cm,standard,1.0,1.0,0.0
1.0673241743870319,2792.690510062206,272568.0686376315,0.8247695454703207,1257.4817392826235,-1256.9817392826235,pass_ml_down,23.0,0.0,1257.4817392826235,119.68242010697357,1293.3864653147157,33.24773588373203,1224.2340033988917,20.0,543.0,2659.0,8.713861417714982,0.22050301453624124,nfw,entropy,expanded_cm,standard,1.0,1.0,0.0
1.039959293618688,3147.4105051317224,465560.71835467103,1.6525409019010289,1184.1921751174837,-1183.6921751174837,pass_full,24.0,0.0,1184.1921751174837,211.19882785384004,1247.5518234736357,35.60487261827779,1148.5873024992056,20.0,543.0,3438.0,89.34122613073785,0.058115715901138336,nfw,entropy,expanded_cm,standard,1.0,1.0,0.0
1.039959293618688,3147.4105051317224,0.0,1.6525409019010289,1146.4713550854706,-1145.9713550854706,pass_halo_only,24.0,0.0,1146.4713550854706,205.87737835967542,1208.2345685933733,29.0042845841379,1117.4670705013325,20.0,543.0,2873.0,107.83493195320436,0.042836807633243934,nfw,entropy,expanded_cm,standard,1.0,1.0,0.0
1.039959293618688,3147.4105051317224,931121.4367093421,1.6525409019010289,1403.9769218761744,-1403.4769218761744,pass_bh_up,24.0,0.0,1403.9769218761744,191.20150089553107,1461.3373721448338,42.55970234574059,1361.417219530434,20.0,543.0,2278.0,12.363013377510173,0.15930149398679647,nfw,entropy,expanded_cm,standard,1.0,1.0,0.0
1.039959293618688,3147.4105051317224,232780.35917733551,1.6525409019010289,5274.167872233091,-5273.667872233091,pass_bh_down,24.0,0.0,5274.167872233091,2431.930150055628,6003.7469172497795,2748.1100264045926,2526.0578458284886,20.0,543.0,2086.0,5.719777216464705,0.3345480562242914,nfw,entropy,expanded_cm,standard,1.0,1.0,0.0
2.079918587237376,3147.4105051317224,465560.71835467103,1.6525409019010289,1225.752365554544,-1225.252365554544,pass_halo_up,24.0,0.0,1225.752365554544,272.41963081961126,1307.4782548004273,37.02233054846952,1188.7300350060739,20.0,543.0,4003.0,69.47412943618669,0.09302198933752664,nfw,entropy,expanded_cm,standard,1.0,1.0,0.0
0.519979646809344,3147.4105051317224,465560.71835467103,1.6525409019010289,1233.368265454226,-1232.868265454226,pass_halo_down,24.0,0.0,1233.368265454226,120.44301340458105,1269.5011694756004,39.98581869205784,1193.382446762168,20.0,543.0,2358.0,25.72355279897141,0.1309367258204352,nfw,entropy,expanded_cm,standard,1.0,1.0,0.0
1.039959293618688,3147.4105051317224,465560.71835467103,2.0,1187.3762050897685,-1186.8762050897685,pass_ml_up,24.0,0.0,1187.3762050897685,165.43389845285412,1237.0063746256249,52.602263703520855,1134.7739413862482,20.0,543.0,2773.0,5.9158713729737515,0.3782172754808458,nfw,entropy,expanded_cm,standard,1.0,1.0,0.0
1.039959293618688,3147.4105051317224,465560.71835467103,0.8262704509505144,1167.2388945444218,-1166.7388945444218,pass_ml_down,24.0,0.0,1167.2388945444218,310.3839211876761,1260.3540709007245,29.43568616799758,1137.8032083764242,20.0,543.0,2740.0,60.566358571080066,0.09853050035818846,nfw,entropy,expanded_cm,standard,1.0,1.0,0.0
4.9149268604004055,2066.569902530942,152537.47486775726,1.4366366846272989,1194.57509244384,-1194.07509244384,pass_full,25.0,0.0,1194.57509244384,186.45952256227818,1250.5129492125236,32.41973166679383,1162.1553607770459,20.0,543.0,2873.0,160.06371337200935,0.045972459932781956,nfw,entropy,expanded_cm,standard,1.0,1.0,0.0
4.9149268604004055,2066.569902530942,0.0,1.4366366846272989,1186.64148563193,-1186.14148563193,pass_halo_only,25.0,0.0,1186.64148563193,263.3340190229744,1265.6416913388223,34.23933353844913,1152.4021520934812,20.0,543.0,2778.0,116.00408367550048,0.04716280179392584,nfw,entropy,expanded_cm,standard,1.0,1.0,0.0
4.9149268604004055,2066.569902530942,305074.9497355145,1.4366366846272989,1213.6981423686427,-1213.1981423686427,pass_bh_up,25.0,0.0,1213.6981423686427,207.41424490781986,1275.9224158409886,48.945885093064696,1164.7522572755786,20.0,543.0,2531.0,37.56617722283634,0.11721531966062039,nfw,entropy,expanded_cm,standard,1.0,1.0,0.0
4.9149268604004055,2066.569902530942,76268.73743387863,1.4366366846272989,1198.5137367015518,-1198.0137367015518,pass_bh_down,25.0,0.0,1198.5137367015518,253.61890961981737,1274.5994095874971,32.188393417798544,1166.325343283754,20.0,543.0,3886.0,7.763466337586929,0.22317957589886173,nfw,entropy,expanded_cm,standard,1.0,1.0,0.0
6.0,2066.569902530942,152537.47486775726,1.4366366846272989,1224.518434408003,-1224.018434408003,pass_halo_up,25.0,0.0,1224.518434408003,326.41898339978275,1322.444129427938,39.64017112404872,1184.8782632839548,20.0,543.0,3950.0,223.55113633249155,0.04060626683314277,nfw,entropy,expanded_cm,standard,1.0,1.0,0.0
2.4574634302002027,2066.569902530942,152537.47486775726,1.4366366846272989,1226.772848937184,-1226.272848937184,pass_halo_down,25.0,0.0,1226.772848937184,361.42496563176394,1335.2003386267133,39.47519409026298,1187.2976548469212,20.0,543.0,2831.0,408.68721189073443,0.020346000130657394,nfw,entropy,expanded_cm,standard,1.0,1.0,0.0
4.9149268604004055,2066.569902530942,152537.47486775726,2.0,1198.5136101245637,-1198.0136101245637,pass_ml_up,25.0,0.0,1198.5136101245637,172.0559502472263,1250.1303951987315,36.67870550869165,1161.8349046158721,20.0,543.0,2661.0,16.91789948803559,0.15268486100981635,nfw,entropy,expanded_cm,standard,1.0,1.0,0.0
4.9149268604004055,2066.569902530942,152537.47486775726,0.7183183423136494,1202.7440756544565,-1202.2440756544565,pass_ml_down,25.0,0.0,1202.7440756544565,271.02764432037725,1284.0523689505696,37.86468418497655,1164.8793914694795,20.0,543.0,2950.0,204.06281479932863,0.03512456407995445,nfw,entropy,expanded_cm,standard,1.0,1.0,0.0
4.2752872247733835,1753.934734847363,248939.65575824984,1.7015032908015848,1186.0403684173405,-1185.5403684173405,pass_full,26.0,0.0,1186.0403684173405,108.67646073744808,1218.6433066385748,32.0826274460135,1153.957740971327,20.0,543.0,7730.0,17.128621496106526,0.1759093692052933,nfw,entropy,expanded_cm,standard,1.0,1.0,0.0
4.2752872247733835,1753.934734847363,0.0,1.7015032908015848,1109.2603692413754,-1108.7603692413754,pass_halo_only,26.0,0.0,1109.2603692413754,332.72830988783056,1209.0788622077246,33.09501963110689,1076.165349610269,20.0,543.0,3467.0,62.82121659004733,0.06807261534791831,nfw,entropy,expanded_cm,standard,1.0,1.0,0.0
4.2752872247733835,1753.934734847363,497879.31151649967,1.7015032908015848,1221.4141759989886,-1220.9141759989886,pass_bh_up,26.0,0.0,1221.4141759989886,298.84855506166684,1311.0687425174888,38.29196888038526,1183.1222071186037,20.0,543.0,2276.0,167.48629251825972,0.058893024026477,nfw,entropy,expanded_cm,standard,1.0,1.0,0.0
4.2752872247733835,1753.934734847363,124469.82787912492,1.7015032908015848,1209.521809234028,-1209.021809234028,pass_bh_down,26.0,0.0,1209.521809234028,234.54838940028708,1279.8863260541143,33.36535590876521,1176.156453325263,20.0,543.0,3002.0,89.52274533780783,0.05443953861097675,nfw,entropy,expanded_cm,standard,1.0,1.0,0.0
6.0,1753.934734847363,248939.65575824984,1.7015032908015848,1207.5615779298937,-1207.0615779298937,pass_halo_up,26.0,0.0,1207.5615779298937,246.43504268898786,1281.49209073659,41.10888376331451,1166.4526941665792,20.0,543.0,4505.0,135.67444885386118,0.04793889641351013,nfw,entropy,expanded_cm,standard,1.0,1.0,0.0
2.1376436123866918,1753.934734847363,248939.65575824984,1.7015032908015848,1200.9286767620315,-1200.4286767620315,pass_halo_down,26.0,0.0,1200.9286767620315,279.47060613816046,1284.7698586034796,36.559327044119776,1164.3693497179122,20.0,543.0,2769.0,169.20837932584945,0.04151560658892299,nfw,entropy,expanded_cm,standard,1.0,1.0,0.0
4.2752872247733835,1753.934734847363,248939.65575824984,2.0,1203.1422932905405,-1202.6422932905405,pass_ml_up,26.0,0.0,1203.1422932905405,226.7434565586905,1271.1653302581476,38.44923609110881,1164.693057199432,20.0,543.0,2256.0,70.82346183537948,0.06350631170277356,nfw,entropy,expanded_cm,standard,1.0,1.0,0.0
4.2752872247733835,1753.934734847363,248939.65575824984,0.8507516454007924,1216.93159809994,-1216.43159809994,pass_ml_down,26.0,0.0,1216.93159809994,339.5379371758784,1318.7929792527034,36.37361112357329,1180.5579869763667,20.0,543.0,2652.0,313.2030148007084,0.02670562296093073,nfw,entropy,expanded_cm,standard,1.0,1.0,0.0
4.878566813908065,4714.84006154676,547977.3652165919,1.430143209726485,1182.6648429609393,-1182.1648429609393,pass_full,27.0,0.0,1182.6648429609393,79.97471111018945,1206.6572562939962,34.79633754880177,1147.8685054121374,20.0,543.0,3433.0,8.704689781429783,0.3064692428276549,nfw,entropy,expanded_cm,standard,1.0,1.0,0.0
4.878566813908065,4714.84006154676,0.0,1.430143209726485,1160.4980882271295,-1159.9980882271295,pass_halo_only,27.0,0.0,1160.4980882271295,102.53374567599215,1191.2582119299273,29.73730248600101,1130.7607857411283,20.0,543.0,3384.0,20.933548795949836,0.09681424693897389,nfw,entropy,expanded_cm,standard,1.0,1.0,0.0
4.878566813908065,4714.84006154676,1000000.0,1.430143209726485,1230.2566190214854,-1229.7566190214854,pass_bh_up,27.0,0.0,1230.2566190214854,222.72395532449772,1297.0738056188347,36.41268934774905,1193.8439296737367,20.0,543.0,2799.0,12.10364835927599,0.20406928200195465,nfw,entropy,expanded_cm,standard,1.0,1.0,0.0
4.878566813908065,4714.84006154676,273988.68260829593,1.430143209726485,1207.0533536346263,-1206.5533536346263,pass_bh_down,27.0,0.0,1207.0533536346263,164.41233910342424,1256.3770553656536,36.40972218289444,1170.6436314517318,20.0,543.0,2966.0,13.731571387374647,0.18467089043263668,nfw,entropy,expanded_cm,standard,1.0,1.0,0.0
6.0,4714.84006154676,547977.3652165919,1.430143209726485,1204.8937230477663,-1204.3937230477663,pass_halo_up,27.0,0.0,1204.8937230477663,140.81036152737974,1247.1368315059804,36.24745455048242,1168.6462684972842,20.0,543.0,4442.0,13.030108445841723,0.18101058935001868,nfw,entropy,expanded_cm,standard,1.0,1.0,0.0
2.4392834069540323,4714.84006154676,547977.3652165919,1.430143209726485,1206.3554733521835,-1205.8554733521835,pass_halo_down,27.0,0.0,1206.3554733521835,118.0348680802539,1241.7659337762595,39.7773974874696,1166.578075864714,20.0,543.0,2874.0,16.387105752650506,0.171918017902635,nfw,entropy,expanded_cm,standard,1.0,1.0,0.0
4.878566813908065,4714.84006154676,547977.3652165919,2.0,1162.695100659408,-1162.195100659408,pass_ml_up,27.0,0.0,1162.695100659408,184.25339790211947,1217.9711200300437,36.92364317910145,1125.771457480306,20.0,543.0,2399.0,28.24061385906045,0.07782687921257095,nfw,entropy,expanded_cm,standard,1.0,1.0,0.0
4.878566813908065,4714.84006154676,547977.3652165919,0.7150716048632425,1194.7869426460336,-1194.2869426460336,pass_ml_down,27.0,0.0,1194.7869426460336,309.73486571204035,1287.7074023596456,49.92339232898123,1144.8635503170535,20.0,543.0,3074.0,15.714678379212252,0.1140958287444855,nfw,entropy,expanded_cm,standard,1.0,1.0,0.0
2.958339965817869,7115.747297915422,703609.8714755526,0.9880347945092904,1218.0796562579742,-1217.5796562579742,pass_full,28.0,0.0,1218.0796562579742,149.22567406746887,1262.8473584782148,40.388422719666956,1177.6912335383072,20.0,543.0,2404.0,9.97926574401797,0.2856954899037776,nfw,entropy,expanded_cm,standard,1.0,1.0,0.0
2.958339965817869,7115.747297915422,0.0,0.9880347945092904,1241.0584154865112,-1240.5584154865112,pass_halo_only,28.0,0.0,1241.0584154865112,331.2643412620196,1340.437717865117,39.82002607302884,1201.2383894134819,20.0,543.0,4498.0,233.75509276734275,0.04233822393440156,nfw,entropy,expanded_cm,standard,1.0,1.0,0.0
2.958339965817869,7115.747297915422,1000000.0,0.9880347945092904,1255.3177904997553,-1254.8177904997553,pass_bh_up,28.0,0.0,1255.3177904997553,221.85383573167422,1321.8739412192576,32.791739293910155,1222.5260512058453,20.0,543.0,3494.0,31.371552808959418,0.1194228350172292,nfw,entropy,expanded_cm,standard,1.0,1.0,0.0
2.958339965817869,7115.747297915422,351804.9357377763,0.9880347945092904,1234.394755509518,-1233.894755509518,pass_bh_down,28.0,0.0,1234.394755509518,340.6562016991769,1336.5916160192712,37.347820452654936,1197.0469350568633,20.0,543.0,2934.0,438.47287096316626,0.01817323311845269,nfw,entropy,expanded_cm,standard,1.0,1.0,0.0
5.916679931635738,7115.747297915422,703609.8714755526,0.9880347945092904,1223.897934821089,-1223.397934821089,pass_halo_up,28.0,0.0,1223.897934821089,211.45199282325777,1287.3335326680663,34.90904161153125,1188.9888932095573,20.0,543.0,3083.0,41.05259214690799,0.10945480673063186,nfw,entropy,expanded_cm,standard,1.0,1.0,0.0
1.4791699829089344,7115.747297915422,703609.8714755526,0.9880347945092904,1217.7142033254597,-1217.2142033254597,pass_halo_down,28.0,0.0,1217.7142033254597,314.8023349069567,1312.1549037975467,40.50527826573657,1177.2089250597226,20.0,543.0,5669.0,615.939506840581,0.016287159447472912,nfw,entropy,expanded_cm,standard,1.0,1.0,0.0
2.958339965817869,7115.747297915422,703609.8714755526,1.9760695890185809,1207.3265759986866,-1206.8265759986866,pass_ml_up,28.0,0.0,1207.3265759986866,100.1781751980934,1237.3800285581146,38.88046033726869,1168.446115661418,20.0,543.0,2288.0,28.993474124887626,0.10921372398044252,nfw,entropy,expanded_cm,standard,1.0,1.0,0.0
2.958339965817869,7115.747297915422,703609.8714755526,0.4940173972546452,1215.787770793357,-1215.287770793357,pass_ml_down,28.0,0.0,1215.787770793357,108.24280750120938,1248.2606130437198,36.5683221742999,1179.2194486190572,20.0,543.0,4899.0,29.224567374526384,0.11723418940453012,nfw,entropy,expanded_cm,standard,1.0,1.0,0.0
1.2198659003390968,4291.025308702914,803772.4449139253,1.724501553763538,1213.2155160317718,-1212.7155160317718,pass_full,29.0,0.0,1213.2155160317718,365.5608395994604,1322.88376791161,30.936877348350208,1182.278638683422,20.0,543.0,2340.0,66.54370114315816,0.1168308374878869,nfw,entropy,expanded_cm,standard,1.0,1.0,0.0
1.2198659003390968,4291.025308702914,0.0,1.724501553763538,1249.1093913664376,-1248.6093913664376,pass_halo_only,29.0,0.0,1249.1093913664376,148.22137667922553,1293.5758043702053,36.37485833601296,1212.7345330304252,20.0,543.0,4080.0,10.462828605509639,0.18613136735472213,nfw,entropy,expanded_cm,standard,1.0,1.0,0.0
1.2198659003390968,4291.025308702914,1000000.0,1.724501553763538,1172.6835472605985,-1172.1835472605985,pass_bh_up,29.0,0.0,1172.6835472605985,102.8978101949481,1203.552890319083,26.052918670792607,1146.6306285898058,20.0,543.0,3213.0,13.153516877925055,0.21349998482884888,nfw,entropy,expanded_cm,standard,1.0,1.0,0.0
1.2198659003390968,4291.025308702914,401886.2224569626,1.724501553763538,1237.1181473429506,-1236.6181473429506,pass_bh_down,29.0,0.0,1237.1181473429506,254.4444050433644,1313.45146885596,78.54393518547101,1158.5742121574806,20.0,543.0,2583.0,18.596164945225475,0.16548316173205593,nfw,entropy,expanded_cm,standard,1.0,1.0,0.0
2.4397318006781936,4291.025308702914,803772.4449139253,1.724501553763538,1233.7693998490406,-1233.2693998490406,pass_halo_up,29.0,0.0,1233.7693998490406,348.091686829685,1338.1969058979462,39.757049130485164,1194.012350718555,20.0,543.0,2631.0,303.80809715657426,0.03864168740128958,nfw,entropy,expanded_cm,standard,1.0,1.0,0.0
0.6099329501695484,4291.025308702914,803772.4449139253,1.724501553763538,1169.3601274562325,-1168.8601274562325,pass_halo_down,29.0,0.0,1169.3601274562325,139.6971125346847,1211.269261216638,32.61297211988772,1136.7471553363453,20.0,543.0,2220.0,48.77104687365955,0.06950888904181264,nfw,entropy,expanded_cm,standard,1.0,1.0,0.0
1.2198659003390968,4291.025308702914,803772.4449139253,2.0,1166.8499299209761,-1166.3499299209761,pass_ml_up,29.0,0.0,1166.8499299209761,279.772476361485,1250.7816728294217,28.216364558441384,1138.6335653625351,20.0,543.0,2534.0,245.85031946594853,0.03534063824277459,nfw,entropy,expanded_cm,standard,1.0,1.0,0.0
1.2198659003390968,4291.025308702914,803772.4449139253,0.862250776881769,1418.7673161854295,-1418.2673161854295,pass_ml_down,29.0,0.0,1418.7673161854295,382.3363805421937,1533.4682303480877,299.95536315832413,1118.811953027107,20.0,543.0,3164.0,20.47873434021749,0.15422661794487028,nfw,entropy,expanded_cm,standard,1.0,1.0,0.0
0.7648251929015062,4371.048942528042,893503.4703969937,1.1901941473922633,1195.992343367597,-1195.492343367597,pass_full,30.0,0.0,1195.992343367597,282.59658487806536,1280.7713188310165,37.8499035670922,1158.1424398005038,20.0,543.0,3023.0,140.29181151978216,0.05067206394835127,nfw,entropy,expanded_cm,standard,1.0,1.0,0.0
0.7648251929015062,4371.048942528042,0.0,1.1901941473922633,1168.3717411147065,-1167.8717411147065,pass_halo_only,30.0,0.0,1168.3717411147065,227.92004411272677,1236.7477543485245,90.47517267300712,1077.8965684416999,20.0,543.0,3632.0,38.60734742172956,0.07830025573354397,nfw,entropy,expanded_cm,standard,1.0,1.0,0.0
0.7648251929015062,4371.048942528042,1000000.0,1.1901941473922633,1275.0083287498271,-1274.5083287498271,pass_bh_up,30.0,0.0,1275.0083287498271,141.59641473488531,1317.4872531702927,38.121527452374785,1236.8868012974528,20.0,543.0,2615.0,20.137550106003268,0.1638539354199387,nfw,entropy,expanded_cm,standard,1.0,1.0,0.0
0.7648251929015062,4371.048942528042,446751.73519849684,1.1901941473922633,1159.0383679082208,-1158.5383679082208,pass_bh_down,30.0,0.0,1159.0383679082208,90.6585645438257,1186.2359372713686,37.0478389757082,1121.9905289325127,20.0,543.0,3773.0,51.83835084228022,0.06902151004199918,nfw,entropy,expanded_cm,standard,1.0,1.0,0.0
1.5296503858030124,4371.048942528042,893503.4703969937,1.1901941473922633,1210.9110041968765,-1210.4110041968765,pass_halo_up,30.0,0.0,1210.9110041968765,154.85765625552565,1257.3683010735342,44.31913239311031,1166.591871803766,20.0,543.0,3326.0,27.97863816319319,0.1270890505170546,nfw,entropy,expanded_cm,standard,1.0,1.0,0.0
0.3824125964507531,4371.048942528042,893503.4703969937,1.1901941473922633,1157.1317951097005,-1156.6317951097005,pass_halo_down,30.0,0.0,1157.1317951097005,99.25318094494268,1186.9077493931834,39.668117419973534,1117.4636776897269,20.0,543.0,2843.0,29.88555333456704,0.10217479091956193,nfw,entropy,expanded_cm,standard,1.0,1.0,0.0
0.7648251929015062,4371.048942528042,893503.4703969937,2.0,1143.4222764745004,-1142.9222764745004,pass_ml_up,30.0,0.0,1143.4222764745004,133.4083109253338,1183.4447697521007,26.10159161665629,1117.3206848578443,20.0,543.0,2746.0,73.54634419389946,0.07297967853827785,nfw,entropy,expanded_cm,standard,1.0,1.0,0.0
0.7648251929015062,4371.048942528042,893503.4703969937,0.5950970736961316,2824.7810656537026,-2824.2810656537026,pass_ml_down,30.0,0.0,2824.7810656537026,1058.6930965360268,3142.3889946145105,1526.4684569224191,1298.31260873128,20.0,543.0,2330.0,38.807091511824375,0.08438024949645978,nfw,entropy,expanded_cm,standard,1.0,1.0,0.0
1.4858748457531181,4272.398117225262,36656.65074761826,1.5031688550889577,1146.2346950736924,-1145.7346950736924,pass_full,31.0,0.0,1146.2346950736924,92.55772936989723,1174.0020138846614,35.45987112238383,1110.7748239513085,20.0,543.0,3809.0,13.523489055546989,0.14710110666223183,nfw,entropy,expanded_cm,standard,1.0,1.0,0.0
1.4858748457531181,4272.398117225262,0.0,1.5031688550889577,1142.434012493038,-1141.934012493038,pass_halo_only,31.0,0.0,1142.434012493038,176.64698585561158,1195.4281082497214,26.04339315793453,1116.3906193351036,20.0,543.0,4653.0,16.282444200763045,0.1915388493532927,nfw,entropy,expanded_cm,standard,1.0,1.0,0.0
1.4858748457531181,4272.398117225262,73313.30149523652,1.5031688550889577,1201.4975324213303,-1200.9975324213303,pass_bh_up,31.0,0.0,1201.4975324213303,181.07675003772658,1255.8205574326482,35.73045214154075,1165.7670802797888,20.0,543.0,2683.0,64.74214176747299,0.07044359576011612,nfw,entropy,expanded_cm,standard,1.0,1.0,0.0
1.4858748457531181,4272.398117225262,18328.32537380913,1.5031688550889577,1402.520901007709,-1402.020901007709,pass_bh_down,31.0,0.0,1402.520901007709,582.4801055641661,1577.2649326769588,53.440941029840296,1349.0799599778684,20.0,543.0,3274.0,11.496899901460626,0.17104462605654366,nfw,entropy,expanded_cm,standard,1.0,1.0,0.0
2.9717496915062362,4272.398117225262,36656.65074761826,1.5031688550889577,1196.2266542735679,-1195.7266542735679,pass_halo_up,31.0,0.0,1196.2266542735679,132.45157693277747,1235.9621273534012,31.448305133039486,1164.7783491405276,20.0,543.0,3422.0,50.097483164584595,0.07037930103925304,nfw,entropy,expanded_cm,standard,1.0,1.0,0.0
0.7429374228765591,4272.398117225262,36656.65074761826,1.5031688550889577,1134.5363858265082,-1134.0363858265082,pass_halo_down,31.0,0.0,1134.5363858265082,224.3853550120002,1201.8519923301083,33.59981843354335,1100.9365673929651,20.0,543.0,3511.0,17.26000543323603,0.16464271719278856,nfw,entropy,expanded_cm,standard,1.0,1.0,0.0
1.4858748457531181,4272.398117225262,36656.65074761826,2.0,1252.05065889951,-1251.55065889951,pass_ml_up,31.0,0.0,1252.05065889951,285.47021242783853,1337.6917226278615,35.19287932040391,1216.8577795791057,20.0,543.0,4122.0,12.726630075650151,0.19182196437154977,nfw,entropy,expanded_cm,standard,1.0,1.0,0.0
1.4858748457531181,4272.398117225262,36656.65074761826,0.7515844275444789,1166.71235783811,-1166.21235783811,pass_ml_down,31.0,0.0,1166.71235783811,188.4574257517211,1223.2495855636262,44.3359869113351,1122.3763709267753,20.0,543.0,2932.0,12.321711525180893,0.20789900643338385,nfw,entropy,expanded_cm,standard,1.0,1.0,0.0
3.199278821753493,3202.524853099757,791082.3476436363,0.8066622772865586,1190.1896659317292,-1189.6896659317292,pass_full,32.0,0.0,1190.1896659317292,88.84426395050816,1216.8429451168818,32.92234108976953,1157.2673248419594,20.0,543.0,3706.0,8.760516974196442,0.3108743643722208,nfw,entropy,expanded_cm,standard,1.0,1.0,0.0
3.199278821753493,3202.524853099757,0.0,0.8066622772865586,1214.1845010808127,-1213.6845010808127,pass_halo_only,32.0,0.0,1214.1845010808127,204.71681758493767,1275.599546356294,33.40367667691382,1180.7808244038984,20.0,543.0,6748.0,10.888472057341348,0.18550526095445638,nfw,entropy,expanded_cm,standard,1.0,1.0,0.0
