model_id,v0,r_c,MBH,ML,chi2,chi2_losvd,fit_statistic_value,losvd_fit_statistic,losvd_conditioning,status,julia_status_code,run_id,worker_id,chi2_inner,chi2_outer,delta_fit_statistic_iteration,max_light_relative_residual,max_light_sigma_residual,light_constraint_ok,solver_converged,solver_iterations,solver_failure_reason,N_inner,N_outer,N_nonzero_weights,effective_N_orbits,max_weight_fraction,coverage_status,coverage_issue_region,coverage_issue_axis,coverage_issue_shell_bands,coverage_reasons,coverage_fraction,coverage_attempted_fraction,coverage_success_fraction,coverage_shell_min,coverage_lfrac_min,coverage_theta_min,coverage_shell_gap,coverage_lfrac_gap,coverage_theta_gap,coverage_joint_holes,coverage_deadline_hit,successful_base_orbits,planned_base_orbits,phase_volume_valid,phase_volume_convention,phase_volume_normalization,phase_volume_launches_recorded,phase_volume_sos_recorded,phase_volume_valid_base_orbits,phase_volume_invalid_recorded_orbits,phase_volume_nested_groups,phase_volume_duplicate_area_clusters,phase_volume_duplicate_area_orbits,raw_phase_volume_min,raw_phase_volume_max,raw_phase_volume_dynamic_range,normalized_phase_volume_min,normalized_phase_volume_max,wphase_min,wphase_max,wphase_dynamic_range,wphase_pair_max_relative_mismatch
1,23.0,100000.0,0.0,0.1,606.1639113139297,606.1639113139297,606.1639113139297,legacy_chi2,none,pass_full,0,20260930_000028_pid65607,0,23.94353110433351,582.2203802095962,0.0006077552359329275,0.009995918087526855,0.039566003571246025,True,True,897,none,20,543,3096,42.77156020975017,0.06308718671839104,strict_pass,none,none,,,0.9943943943943944,1.0,0.9943943943943944,0.9554848966613673,0.9769547325102881,0.9866666666666667,0.04451510333863273,0.023045267489711918,0.013333333333333308,0,False,4967,4995,True,inverse_phase_volume,geometric_mean,4967,4967,4967,0,540,0,0,1.260500868686066e+32,8.369743977499554e+47,6640014446181299.0,4.928464549462239e-11,327250.7580592183,3.0557606831243553e-06,20290295080.01865,6640014446181331.0,0.0
2,23.0,100000.0,0.0,0.2,517.4123639653625,517.4123639653625,517.4123639653625,legacy_chi2,none,pass_full,0,20260930_000028_pid65607,0,20.51933513425995,496.8930288311026,0.00042436655860456085,0.009984798130169701,0.039521988377378615,True,True,897,none,20,543,585,40.39485726180619,0.06438296797099331,strict_pass,none,none,,,0.9943943943943944,1.0,0.9943943943943944,0.9554848966613673,0.9769547325102881,0.9866666666666667,0.04451510333863273,0.023045267489711918,0.013333333333333308,0,False,4967,4995,True,inverse_phase_volume,geometric_mean,4967,4967,4967,0,540,0,0,5.025800841688771e+32,1.2693756509489118e+48,2525718170961935.5,5.0864440893664346e-11,128469.24262094633,7.783964313937307e-06,19660100109.83055,2525718170961915.0,0.0
3,23.0,100000.0,0.0,0.30000000000000004,487.0933402123468,487.0933402123468,487.0933402123468,legacy_chi2,none,pass_full,0,20260930_000028_pid65607,0,18.100267812994378,468.9930723993524,0.00021780792053505138,0.009986147259917347,0.039527328524421236,True,True,897,none,20,543,601,46.51816012256515,0.05054972625782274,strict_pass,none,none,,,0.9943943943943944,1.0,0.9943943943943944,0.9554848966613673,0.9769547325102881,0.9866666666666667,0.04451510333863273,0.023045267489711918,0.013333333333333308,0,False,4967,4995,True,inverse_phase_volume,geometric_mean,4967,4967,4967,0,540,0,0,1.1311214914431215e+33,3.55364459731964e+48,3141700183581327.5,5.1510246030263435e-11,161829.74940959713,6.179333550526379e-06,19413613350.09888,3141700183581311.5,0.0
4,23.0,100000.0,0.0,0.4,470.81580272786897,470.81580272786897,470.81580272786897,legacy_chi2,none,pass_full,0,20260930_000028_pid65607,0,16.819230068172615,453.99657265969637,0.00042351036364607353,0.009994744403182954,0.007755204119705426,True,True,1059,none,20,543,629,52.99347502332146,0.04562280065703277,strict_pass,none,none,,,0.9943943943943944,1.0,0.9943943943943944,0.9554848966613673,0.9769547325102881,0.9866666666666667,0.04451510333863273,0.023045267489711918,0.013333333333333308,0,False,4967,4995,True,inverse_phase_volume,geometric_mean,4967,4967,4967,0,540,0,0,2.0123231099036885e+33,5.4889989928658694e+48,2727692668166285.5,5.252352337650455e-11,143268.02962035214,6.979924290505798e-06,19039088311.56845,2727692668166289.0,0.0
5,23.0,100000.0,0.0,0.5,461.126278195131,461.126278195131,461.126278195131,legacy_chi2,none,pass_full,0,20260930_000028_pid65607,0,16.03970972902531,445.0865684661057,0.00024105554092557213,0.009984903129146969,0.039522403986017376,True,True,897,none,20,543,636,62.245309755664096,0.04126871753757539,strict_pass,none,none,,,0.9943943943943944,1.0,0.9943943943943944,0.9554848966613673,0.9769547325102881,0.9866666666666667,0.04451510333863273,0.023045267489711918,0.013333333333333308,0,False,4967,4995,True,inverse_phase_volume,geometric_mean,4967,4967,4967,0,540,0,0,3.1456252832284327e+33,8.062740485186871e+48,2563159867825033.0,5.2681224640514164e-11,135030.40078644102,7.405739701399259e-06,18982094794.185104,2563159867825030.5,0.0
6,23.0,100000.0,0.0,0.6,453.44004427464364,453.44004427464364,453.44004427464364,legacy_chi2,none,pass_full,0,20260930_000028_pid65607,0,15.783086191197164,437.65695808344645,0.00034101003336672875,0.009984923663234703,0.039522485264373346,True,True,897,none,20,543,696,54.36941747132082,0.046172173291304436,strict_pass,none,none,,,0.9943943943943944,1.0,0.9943943943943944,0.9554848966613673,0.9769547325102881,0.9866666666666667,0.04451510333863273,0.023045267489711918,0.013333333333333308,0,False,4967,4995,True,inverse_phase_volume,geometric_mean,4967,4967,4967,0,540,0,0,4.5281332418722427e+33,1.1298664082998552e+49,2495214579491239.5,5.3038514057302213e-11,132342.47355033152,7.5561531621190936e-06,18854223534.98839,2495214579491239.5,0.0
7,23.0,100000.0,0.0,0.7000000000000001,449.12845502300513,449.12845502300513,449.12845502300513,legacy_chi2,none,pass_full,0,20260930_000028_pid65607,0,15.402887971788413,433.7255670512168,0.0002769853223867358,0.009984942018642952,0.03952255791904518,True,True,897,none,20,543,727,59.957876312095834,0.04381659167303766,strict_pass,none,none,,,0.9943943943943944,1.0,0.9943943943943944,0.9554848966613673,0.9769547325102881,0.9866666666666667,0.04451510333863273,0.023045267489711918,0.013333333333333308,0,False,4967,4995,True,inverse_phase_volume,geometric_mean,4967,4967,4967,0,540,0,0,6.162430520757734e+33,1.4644732314073063e+49,2376453943739124.5,5.292826620451308e-11,125781.58695698965,7.95028926087524e-06,18893496267.87382,2376453943739130.5,0.0
8,23.0,100000.0,0.0,0.8,445.7252217176646,445.7252217176646,445.7252217176646,legacy_chi2,none,pass_full,0,20260930_000028_pid65607,0,15.137900463363163,430.58732125430146,0.00029398422032045346,0.009984915435586387,0.039522452697563604,True,True,897,none,20,543,757,54.57978588457832,0.04516298628804808,strict_pass,none,none,,,0.9943943943943944,1.0,0.9943943943943944,0.9554848966613673,0.9769547325102881,0.9866666666666667,0.04451510333863273,0.023045267489711918,0.013333333333333308,0,False,4967,4995,True,inverse_phase_volume,geometric_mean,4967,4967,4967,0,540,0,0,8.052329701757345e+33,1.861995065344174e+49,2312368139791657.0,5.3108799375573424e-11,122807.09561866235,8.142851966023006e-06,18829271453.27135,2312368139791644.0,0.0
9,23.0,100000.0,0.0,0.9,443.46111928344123,443.46111928344123,443.46111928344123,legacy_chi2,none,pass_full,0,20260930_000028_pid65607,0,15.002849996645633,428.45826928679566,0.0001790350150940867,0.009984904073972385,0.039522407725840515,True,True,897,none,20,543,812,54.43985310068236,0.0464195567936409,strict_pass,none,none,,,0.9943943943943944,1.0,0.9943943943943944,0.9554848966613673,0.9769547325102881,0.9866666666666667,0.04451510333863273,0.023045267489711918,0.013333333333333308,0,False,4967,4995,True,inverse_phase_volume,geometric_mean,4967,4967,4967,0,540,0,0,1.0191078943781217e+34,2.3209945822073447e+49,2277476796138114.5,5.307058659329903e-11,120867.02952367718,8.273554863893677e-06,18842829224.093506,2277476796138117.0,0.0
10,23.0,100000.0,0.0,1.0,441.6605011653872,441.6605011653872,441.6605011653872,legacy_chi2,none,pass_full,0,20260930_000028_pid65607,0,14.664169806925585,426.9963313584616,0.00016543657989132043,0.009984949777853601,0.03952258863167744,True,True,897,none,20,543,813,53.62649189451712,0.04851201464863574,strict_pass,none,none,,,0.9943943943943944,1.0,0.9943943943943944,0.9554848966613673,0.9769547325102881,0.9866666666666667,0.04451510333863273,0.023045267489711918,0.013333333333333308,0,False,4967,4995,True,inverse_phase_volume,geometric_mean,4967,4967,4967,0,540,0,0,1.2581425474420865e+34,2.8360747220121716e+49,2254175989658849.5,5.31968787415363e-11,119915.12678396545,8.339231478290159e-06,18798095370.569115,2254175989658869.5,0.0
11,23.0,100000.0,0.0,1.1,440.0955434629436,440.0955434629436,440.0955434629436,legacy_chi2,none,pass_full,0,20260930_113942_pid271517,0,14.413567892061874,425.6819755708817,0.00015614534459018614,0.00998494404533187,0.03952256594111782,True,True,897,none,20,543,863,53.89494537809217,0.050122192237803585,strict_pass,none,none,,,0.9943943943943944,1.0,0.9943943943943944,0.9554848966613673,0.9769547325102881,0.9866666666666667,0.04451510333863273,0.023045267489711918,0.013333333333333308,0,False,4967,4995,True,inverse_phase_volume,geometric_mean,4967,4967,4967,0,540,0,0,1.5223368393860667e+34,3.382454910401521e+49,2221883372253941.5,5.329526964428559e-11,118415.87344242862,8.444813781542384e-06,18763391322.98999,2221883372253946.0,0.0
12,23.0,100000.0,0.0,1.2000000000000002,438.8204791301738,438.8204791301738,438.8204791301738,legacy_chi2,none,pass_full,0,20260930_113942_pid271517,0,14.233586398793387,424.5868927313804,0.0001502453437751683,0.009984931102961699,0.03952251471242028,True,True,897,none,20,543,894,53.69168212817278,0.048632342514539094,strict_pass,none,none,,,0.9943943943943944,1.0,0.9943943943943944,0.9554848966613673,0.9769547325102881,0.9866666666666667,0.04451510333863273,0.023045267489711918,0.013333333333333308,0,False,4967,4995,True,inverse_phase_volume,geometric_mean,4967,4967,4967,0,540,0,0,1.8116925110721792e+34,3.9491077835369046e+49,2179789207827425.5,5.341774503559969e-11,116439.42413507629,8.588156523686888e-06,18720370905.46523,2179789207827408.2,0.0
13,23.0,100000.0,0.0,1.3000000000000003,437.6846051400112,437.6846051400112,437.6846051400112,legacy_chi2,none,pass_full,0,20260930_113942_pid271517,0,14.181306336760306,423.5032988032509,0.0001510668888613509,0.009984968665177573,0.03952266339178664,True,True,897,none,20,543,942,53.334248298807346,0.049122611088406744,strict_pass,none,none,,,0.9943943943943944,1.0,0.9943943943943944,0.9554848966613673,0.9769547325102881,0.9866666666666667,0.04451510333863273,0.023045267489711918,0.013333333333333308,0,False,4967,4995,True,inverse_phase_volume,geometric_mean,4967,4967,4967,0,540,0,0,2.126207554768121e+34,4.5901155714309927e+49,2158827608874515.2,5.338093467516029e-11,115240.23556426252,8.6775247820659e-06,18733280076.2166,2158827608874506.2,0.0
14,23.0,100000.0,0.0,1.4000000000000001,436.4942372320414,436.4942372320414,436.4942372320414,legacy_chi2,none,pass_full,0,20260930_113942_pid271517,0,14.119037633010052,422.3751995990314,0.000147287190429779,0.009984937105921216,0.03952253847343108,True,True,897,none,20,543,965,51.58628768728656,0.0540740032238118,strict_pass,none,none,,,0.9943943943943944,1.0,0.9943943943943944,0.9554848966613673,0.9769547325102881,0.9866666666666667,0.04451510333863273,0.023045267489711918,0.013333333333333308,0,False,4967,4995,True,inverse_phase_volume,geometric_mean,4967,4967,4967,0,540,0,0,2.4658826995081255e+34,4.588507548358303e+49,1860797169822222.8,5.356004108540824e-11,99664.37286728916,1.0033675738185575e-05,18670635416.529533,1860797169822214.2,0.0
15,23.0,100000.0,0.0,1.5000000000000002,435.95637238111874,435.95637238111874,435.95637238111874,legacy_chi2,none,pass_full,0,20260930_113942_pid271517,0,13.944354384765587,422.01201799635317,0.0001430018160704094,0.00998497424353962,0.039522685472148905,True,True,897,none,20,543,980,49.308320813596026,0.0560997833958137,strict_pass,none,none,,,0.9943943943943944,1.0,0.9943943943943944,0.9554848966613673,0.9769547325102881,0.9866666666666667,0.04451510333863273,0.023045267489711918,0.013333333333333308,0,False,4967,4995,True,inverse_phase_volume,geometric_mean,4967,4967,4967,0,540,0,0,2.8307179441951366e+34,6.062621296311948e+49,2141725673779817.2,5.3677183222953026e-11,114961.80140478146,8.69854149622266e-06,18629889646.899124,2141725673779811.2,0.0
16,23.0,100000.0,0.0,1.6,435.4158631928095,435.4158631928095,435.4158631928095,legacy_chi2,none,pass_full,0,20260930_113942_pid271517,0,13.862345334637418,421.5535178581721,0.00014233063456003947,0.009985006549110427,0.03952281334457831,True,True,897,none,20,543,1025,51.124674006295436,0.05256452064272788,strict_pass,none,none,,,0.9943943943943944,1.0,0.9943943943943944,0.9554848966613673,0.9769547325102881,0.9866666666666667,0.04451510333863273,0.023045267489711918,0.013333333333333308,0,False,4967,4995,True,inverse_phase_volume,geometric_mean,4967,4967,4967,0,540,0,0,3.220712750414796e+34,6.883985562884374e+49,2137410597079104.5,5.358806569180287e-11,114539.69948663181,8.730597377869952e-06,18660871354.290466,2137410597079126.0,0.0
17,23.0,100000.0,0.0,1.7000000000000002,434.3581469804332,434.3581469804332,434.3581469804332,legacy_chi2,none,pass_full,0,20260930_113942_pid271517,0,13.910789381728776,420.44735759870446,0.00014095469083486023,0.009984991882948019,0.03952275529273864,True,True,897,none,20,543,1084,51.74814944657916,0.05151474135577769,strict_pass,none,none,,,0.9943943943943944,1.0,0.9943943943943944,0.9554848966613673,0.9769547325102881,0.9866666666666667,0.04451510333863273,0.023045267489711918,0.013333333333333308,0,False,4967,4995,True,inverse_phase_volume,geometric_mean,4967,4967,4967,0,540,0,0,3.6358670171263247e+34,7.663739158271681e+49,2107816133585892.2,5.355747735458393e-11,112889.314842154,8.858234292574429e-06,18671529156.972347,2107816133585909.5,0.0
18,23.0,100000.0,0.0,1.8000000000000003,434.2267237265396,434.2267237265396,434.2267237265396,legacy_chi2,none,pass_full,0,20260930_113942_pid271517,0,13.84271013702362,420.384013589516,0.00013797941562643246,0.009984998246203816,0.03952278047987997,True,True,897,none,20,543,1109,51.07029563330573,0.05585186431425067,strict_pass,none,none,,,0.9943943943943944,1.0,0.9943943943943944,0.9554848966613673,0.9769547325102881,0.9866666666666667,0.04451510333863273,0.023045267489711918,0.013333333333333308,0,False,4967,4995,True,inverse_phase_volume,geometric_mean,4967,4967,4967,0,540,0,0,4.0780149855587687e+34,8.608429584692428e+49,2110936231273535.5,5.371060283922159e-11,113379.65753685599,8.819924329679096e-06,18618297824.61054,2110936231273533.5,0.0
19,23.0,100000.0,0.0,1.9000000000000001,433.38936452351163,433.38936452351163,433.38936452351163,legacy_chi2,none,pass_full,0,20260930_113942_pid271517,0,13.801980856182652,419.58738366732894,0.00013504341387715613,0.0099849870117347,0.039522736011423816,True,True,897,none,20,543,1121,50.73914182343156,0.05755980277495719,strict_pass,none,none,,,0.9943943943943944,1.0,0.9943943943943944,0.9554848966613673,0.9769547325102881,0.9866666666666667,0.04451510333863273,0.023045267489711918,0.013333333333333308,0,False,4967,4995,True,inverse_phase_volume,geometric_mean,4967,4967,4967,0,540,0,0,4.543700076267477e+34,9.538943218138333e+49,2099377832608685.0,5.383184160718278e-11,113013.37495862223,8.848510190640105e-06,18576366145.84202,2099377832608700.0,0.0
20,23.0,100000.0,0.0,2.0,433.31246160032185,433.31246160032185,433.31246160032185,legacy_chi2,none,pass_full,0,20260930_113942_pid271517,0,13.75473790963748,419.5577236906844,0.00013605426943286147,0.009984970317976988,0.03952266993392383,True,True,897,none,20,543,1168,50.49166631159872,0.0584951782712671,strict_pass,none,none,,,0.9943943943943944,1.0,0.9943943943943944,0.9554848966613673,0.9769547325102881,0.9866666666666667,0.04451510333863273,0.023045267489711918,0.013333333333333308,0,False,4967,4995,True,inverse_phase_volume,geometric_mean,4967,4967,4967,0,540,0,0,5.034557262015584e+34,1.0634164411370595e+50,2112234275613981.0,5.387779968845092e-11,113802.53519661004,8.78715046437549e-06,18560520395.831177,2112234275613976.0,0.0
21,23.0,100000.0,0.0,2.1,432.69763919473104,432.69763919473104,432.69763919473104,legacy_chi2,none,pass_full,0,20260930_113942_pid271517,0,13.760557800483726,418.9370813942474,0.00013954477537936327,0.009984980130418151,0.0395227087736861,True,True,897,none,20,543,1192,49.46177414113201,0.06266303682501051,strict_pass,none,none,,,0.9943943943943944,1.0,0.9943943943943944,0.9554848966613673,0.9769547325102881,0.9866666666666667,0.04451510333863273,0.023045267489711918,0.013333333333333308,0,False,4967,4995,True,inverse_phase_volume,geometric_mean,4967,4967,4967,0,540,0,0,5.552177373529456e+34,1.1611334052453307e+50,2091311799189173.8,5.387921888644056e-11,112678.2461883097,8.874827518426084e-06,18560031505.053307,2091311799189180.8,0.0
22,23.0,100000.0,0.0,2.2,432.216276788705,432.216276788705,432.216276788705,legacy_chi2,none,pass_full,0,20260930_113942_pid271517,0,13.8108204273687,418.40545636133623,0.00013838630695772736,0.009984990832325838,0.039522751134149034,True,True,897,none,20,543,1234,51.247554826152054,0.058957873187078666,strict_pass,none,none,,,0.9943943943943944,1.0,0.9943943943943944,0.9554848966613673,0.9769547325102881,0.9866666666666667,0.04451510333863273,0.023045267489711918,0.013333333333333308,0,False,4967,4995,True,inverse_phase_volume,geometric_mean,4967,4967,4967,0,540,0,0,6.0935322251721e+34,1.2796378394314234e+50,2099993554059333.0,5.396511441382633e-11,113326.3924131098,8.824069827924022e-06,18530489759.20991,2099993554059335.0,0.0
23,23.0,100000.0,0.0,2.3000000000000003,431.5857131687621,431.5857131687621,431.5857131687621,legacy_chi2,none,pass_full,0,20260930_113942_pid271517,0,13.770432004012305,417.8152811647499,0.0001394957897105087,0.009984995226726355,0.03952276852813577,True,True,897,none,20,543,1272,52.374546354295845,0.054576176474644245,strict_pass,none,none,,,0.9943943943943944,1.0,0.9943943943943944,0.9554848966613673,0.9769547325102881,0.9866666666666667,0.04451510333863273,0.023045267489711918,0.013333333333333308,0,False,4967,4995,True,inverse_phase_volume,geometric_mean,4967,4967,4967,0,540,0,0,6.660061714258548e+34,1.3982950798129228e+50,2099522706853163.5,5.3859761770995364e-11,113079.79282390553,8.843312983047807e-06,18566736411.71806,2099522706853141.2,0.0
24,23.0,100000.0,0.0,2.4000000000000004,430.48366520632794,430.48366520632794,430.48366520632794,legacy_chi2,none,pass_full,0,20260930_113942_pid271517,0,13.727170776679014,416.7564944296489,0.00014143627151952387,0.009984977114960037,0.03952269683785134,True,True,897,none,20,543,1305,52.428522177942476,0.05045502441998281,strict_pass,none,none,,,0.9943943943943944,1.0,0.9943943943943944,0.9554848966613673,0.9769547325102881,0.9866666666666667,0.04451510333863273,0.023045267489711918,0.013333333333333308,0,False,4967,4995,True,inverse_phase_volume,geometric_mean,4967,4967,4967,0,540,0,0,7.251777709952723e+34,1.5211510715755357e+50,2097625068523305.0,5.381823767159202e-11,112890.48448367602,8.858142513726213e-06,18581061797.344032,2097625068523291.8,0.0
25,23.0,100000.0,0.0,2.5000000000000004,429.4309109646573,429.4309109646573,429.4309109646573,legacy_chi2,none,pass_full,0,20260930_113942_pid271517,0,13.607748165068417,415.82316279958883,0.00013554697926565495,0.009984985414646035,0.0395227296898018,True,True,897,none,20,543,1217,51.343638396010334,0.04878509454236,strict_pass,none,none,,,0.9943943943943944,1.0,0.9943943943943944,0.9554848966613673,0.9769547325102881,0.9866666666666667,0.04451510333863273,0.023045267489711918,0.013333333333333308,0,False,4967,4995,True,inverse_phase_volume,geometric_mean,4967,4967,4967,0,540,0,0,7.868668570197472e+34,1.6221065443191438e+50,2061475241774524.8,5.3853819571197346e-11,111018.31572101626,9.00752270925234e-06,18568785054.845585,2061475241774535.2,0.0
26,23.0,100000.0,0.0,2.6,428.6749829365113,428.6749829365113,428.6749829365113,legacy_chi2,none,pass_full,0,20260930_113942_pid271517,0,13.453537822787771,415.22144511372346,0.0001322776785741553,0.009984990697829058,0.03952275060178172,True,True,897,none,20,543,1272,52.37251507460062,0.047692048630680425,strict_pass,none,none,,,0.9943943943943944,1.0,0.9943943943943944,0.9554848966613673,0.9769547325102881,0.9866666666666667,0.04451510333863273,0.023045267489711918,0.013333333333333308,0,False,4967,4995,True,inverse_phase_volume,geometric_mean,4967,4967,4967,0,540,0,0,8.510738023007249e+34,1.7467163350774678e+50,2052367644680795.8,5.398681598588037e-11,110800.79436875666,9.025206052872646e-06,18523040889.493065,2052367644680792.5,0.0
27,23.0,100000.0,0.0,2.7,426.8191648138788,426.8191648138788,426.8191648138788,legacy_chi2,none,pass_full,0,20260930_113942_pid271517,0,13.39359428188425,413.42557053199454,0.00014285875869290976,0.009985024399258408,0.03952288399932083,True,True,897,none,20,543,1288,52.74600583984541,0.04725661740055369,strict_pass,none,none,,,0.9943943943943944,1.0,0.9943943943943944,0.9554848966613673,0.9769547325102881,0.9866666666666667,0.04451510333863273,0.023045267489711918,0.013333333333333308,0,False,4967,4995,True,inverse_phase_volume,geometric_mean,4967,4967,4967,0,540,0,0,9.17798638715227e+34,1.9055014785376916e+50,2076165073860964.0,5.3887963395351744e-11,111880.30750292644,8.938123449239207e-06,18557019731.167976,2076165073860946.5,0.0
28,23.0,100000.0,0.0,2.8000000000000003,425.7166505021276,425.7166505021276,425.7166505021276,legacy_chi2,none,pass_full,0,20260930_113942_pid271517,0,13.364157944411305,412.3524925577163,0.00012606038876583625,0.009984997503344549,0.039522777539482475,True,True,897,none,20,543,1315,51.982866972680846,0.04867062439811844,strict_pass,none,none,,,0.9943943943943944,1.0,0.9943943943943944,0.9554848966613673,0.9769547325102881,0.9866666666666667,0.04451510333863273,0.023045267489711918,0.013333333333333308,0,False,4967,4995,True,inverse_phase_volume,geometric_mean,4967,4967,4967,0,540,0,0,9.870413127546067e+34,1.998491372291925e+50,2024729204813719.8,5.380704577509347e-11,108944.69700558063,9.178969031863712e-06,18584926668.89521,2024729204813723.8,0.0
29,23.0,100000.0,0.0,2.9000000000000004,423.56326525438675,423.56326525438675,423.56326525438675,legacy_chi2,none,pass_full,0,20260930_113942_pid271517,0,13.370846958551532,410.1924182958352,0.00015391140260589964,0.00998498477920625,0.03952272717459384,True,True,897,none,20,543,1520,50.5826185935548,0.05142685396594788,strict_pass,none,none,,,0.9943943943943944,1.0,0.9943943943943944,0.9554848966613673,0.9769547325102881,0.9866666666666667,0.04451510333863273,0.023045267489711918,0.013333333333333308,0,False,4967,4995,True,inverse_phase_volume,geometric_mean,4967,4967,4967,0,540,0,0,1.0588018532913987e+35,1.9593388995402575e+50,1850524622193891.2,5.3743565293092964e-11,99453.7908593544,1.0054920897024231e-05,18606878694.15538,1850524622193906.5,0.0
30,23.0,100000.0,0.0,3.0000000000000004,421.69177727470156,421.69177727470156,421.69177727470156,legacy_chi2,none,pass_full,0,20260930_113942_pid271517,0,13.287106838491281,408.4046704362103,0.00013525776074629903,0.009985009568493719,0.03952282529594976,True,True,897,none,20,543,1567,49.26717288308029,0.05167574650527921,strict_pass,none,none,,,0.9943943943943944,1.0,0.9943943943943944,0.9554848966613673,0.9769547325102881,0.9866666666666667,0.04451510333863273,0.023045267489711918,0.013333333333333308,0,False,4967,4995,True,inverse_phase_volume,geometric_mean,4967,4967,4967,0,540,0,0,1.1330802606868029e+35,2.168223739299499e+50,1913565891603527.2,5.3780610685034675e-11,102912.74223649057,9.716969718890868e-06,18594061823.813877,1913565891603527.0,0.0
31,23.0,100000.0,0.0,3.1,419.63415123003114,419.63415123003114,419.63415123003114,legacy_chi2,none,pass_full,0,20260930_113942_pid271517,0,13.171162575738773,406.4629886542923,0.00013583694158114668,0.0099849965767025,0.039522773871633034,True,True,897,none,20,543,1684,51.46479392971622,0.05047941215803711,strict_pass,none,none,,,0.9943943943943944,1.0,0.9943943943943944,0.9554848966613673,0.9769547325102881,0.9866666666666667,0.04451510333863273,0.023045267489711918,0.013333333333333308,0,False,4967,4995,True,inverse_phase_volume,geometric_mean,4967,4967,4967,0,540,0,0,1.2098763165246652e+35,2.4785958818304313e+50,2048635755554027.5,5.375631219839038e-11,110127.10325634773,9.080416813218593e-06,18602466558.893578,2048635755554028.8,0.0
32,23.0,100000.0,0.0,3.2,417.8896534765862,417.8896534765862,417.8896534765862,legacy_chi2,none,pass_full,0,20260930_113942_pid271517,0,13.25644119654652,404.6332122800397,0.00015769614014971012,0.00998498043505933,0.0395227099795217,True,True,897,none,20,543,1707,51.91050903291844,0.05133455624334232,strict_pass,none,none,,,0.9943943943943944,1.0,0.9943943943943944,0.9554848966613673,0.9769547325102881,0.9866666666666667,0.04451510333863273,0.023045267489711918,0.013333333333333308,0,False,4967,4995,True,inverse_phase_volume,geometric_mean,4967,4967,4967,0,540,0,0,1.28919050673572e+35,2.540862976635506e+50,1970897988590583.8,5.378263835054604e-11,106000.09374618602,9.433953920781141e-06,18593360806.923805,1970897988590584.0,0.0
33,23.0,100000.0,0.0,3.3000000000000003,415.4089124841917,415.4089124841917,415.4089124841917,legacy_chi2,none,pass_full,0,20260930_113942_pid271517,0,13.848430216323331,401.5604822678685,0.00014653562868716108,0.00998499795398216,0.039522779323203514,True,True,897,none,20,543,1759,54.08031194594229,0.046834778402153644,strict_pass,none,none,,,0.9943943943943944,1.0,0.9943943943943944,0.9554848966613673,0.9769547325102881,0.9866666666666667,0.04451510333863273,0.023045267489711918,0.013333333333333308,0,False,4967,4995,True,inverse_phase_volume,geometric_mean,4967,4967,4967,0,540,0,0,1.3710225070581361e+35,2.7611823255920117e+50,2013958422547565.0,5.373307411181251e-11,108216.17717685626,9.240762574395077e-06,18610511617.4651,2013958422547545.0,0.0
34,23.0,100000.0,0.0,3.4000000000000004,412.5700644340633,412.5700644340633,412.5700644340633,legacy_chi2,none,pass_full,0,20260930_113942_pid271517,0,13.867693122580832,398.70237131148235,0.00015271716546294556,0.009985342673902737,0.0395241437991315,True,True,897,none,20,543,1806,55.94860728349032,0.04432377218757313,strict_pass,none,none,,,0.9943943943943944,1.0,0.9943943943943944,0.9554848966613673,0.9769547325102881,0.9866666666666667,0.04451510333863273,0.023045267489711918,0.013333333333333308,0,False,4967,4995,True,inverse_phase_volume,geometric_mean,4967,4967,4967,0,540,0,0,1.4553723794403085e+35,2.9255628521678184e+50,2010181650755870.5,5.3786292471928125e-11,108120.2181892588,9.248963947238362e-06,18592097615.241188,2010181650755875.2,0.0
35,23.0,100000.0,0.0,3.5000000000000004,410.0431891309931,410.0431891309931,410.0431891309931,legacy_chi2,none,pass_full,0,20260930_113942_pid271517,0,13.824619853462128,396.218569277531,0.0001507437422105795,0.009985155759900962,0.039523403953126666,True,True,897,none,20,543,1822,57.412865745319415,0.04586351767583529,strict_pass,none,none,,,0.9943943943943944,1.0,0.9943943943943944,0.9554848966613673,0.9769547325102881,0.9866666666666667,0.04451510333863273,0.023045267489711918,0.013333333333333308,0,False,4967,4995,True,inverse_phase_volume,geometric_mean,4967,4967,4967,0,540,0,0,1.542240107616287e+35,3.0724266737360926e+50,1992184393703058.5,5.383485141650598e-11,107248.95082928559,9.324100536813254e-06,18575327574.75757,1992184393703047.2,0.0
36,23.0,100000.0,0.0,3.6,407.8651765630083,407.8651765630083,407.8651765630083,legacy_chi2,none,pass_full,0,20260930_113942_pid271517,0,13.653645107017274,394.211531455991,0.00014767281771810303,0.009985270278601204,0.03952385724288585,True,True,897,none,20,543,1863,59.40097865750868,0.04674589535645693,strict_pass,none,none,,,0.9943943943943944,1.0,0.9943943943943944,0.9554848966613673,0.9769547325102881,0.9866666666666667,0.04451510333863273,0.023045267489711918,0.013333333333333308,0,False,4967,4995,True,inverse_phase_volume,geometric_mean,4967,4967,4967,0,540,0,0,1.6316258944002641e+35,3.2273274804311095e+50,1977982509046521.8,5.373637447524499e-11,106289.60881160946,9.408257412748849e-06,18609368603.024662,1977982509046538.5,0.0
37,23.0,100000.0,0.0,3.7,405.19796900709275,405.19796900709275,405.19796900709275,legacy_chi2,none,pass_full,0,20260930_113942_pid271517,0,13.581702393585152,391.6162666135076,0.00014771992033502102,0.009986691924057406,0.03952948442277114,True,True,897,none,20,543,1915,59.601574427900566,0.04039637205717498,strict_pass,none,none,,,0.9943943943943944,1.0,0.9943943943943944,0.9554848966613673,0.9769547325102881,0.9866666666666667,0.04451510333863273,0.023045267489711918,0.013333333333333308,0,False,4967,4995,True,inverse_phase_volume,geometric_mean,4967,4967,4967,0,540,0,0,1.7235293637223313e+35,3.414105507546508e+50,1980880383826484.2,5.374097339748916e-11,106454.44001082674,9.393689919352325e-06,18607776092.99353,1980880383826475.8,0.0
38,23.0,100000.0,0.0,3.8000000000000003,402.04585767349937,402.04585767349937,402.04585767349937,legacy_chi2,none,pass_full,0,20260930_113942_pid271517,0,13.329190214774455,388.7166674587249,0.00015375584678167797,0.009987339006247523,0.039532045713892267,True,True,897,none,20,543,1953,57.234151034105764,0.04128175490844138,strict_pass,none,none,,,0.9943943943943944,1.0,0.9943943943943944,0.9554848966613673,0.9769547325102881,0.9866666666666667,0.04451510333863273,0.023045267489711918,0.013333333333333308,0,False,4967,4995,True,inverse_phase_volume,geometric_mean,4967,4967,4967,0,540,0,0,1.817950635417929e+35,3.515400620554612e+50,1933716214327489.5,5.377886443615506e-11,103993.06214831368,9.61602610156639e-06,18594665589.995403,1933716214327501.8,0.0
39,23.0,100000.0,0.0,3.9000000000000004,399.0707828358076,399.0707828358076,399.0707828358076,legacy_chi2,none,pass_full,0,20260930_113942_pid271517,0,13.36211083213098,385.7086720036766,0.000141336025592409,0.009987168423479633,0.03953137051043977,True,True,897,none,20,543,1937,58.8762363903213,0.04168708571881444,strict_pass,none,none,,,0.9943943943943944,1.0,0.9943943943943944,0.9554848966613673,0.9769547325102881,0.9866666666666667,0.04451510333863273,0.023045267489711918,0.013333333333333308,0,False,4967,4995,True,inverse_phase_volume,geometric_mean,4967,4967,4967,0,540,0,0,1.9148898352507072e+35,3.743677701675463e+50,1955035549700603.0,5.395516104367869e-11,105484.257930214,9.480087546916977e-06,18533908168.49686,1955035549700622.8,0.0
40,23.0,100000.0,0.0,4.0,396.1189038407983,396.1189038407983,396.1189038407983,legacy_chi2,none,pass_full,0,20260930_113942_pid271517,0,13.380205375027595,382.7386984657707,0.000150257057100589,0.009985442666498515,0.039524539591430624,True,True,897,none,20,543,1955,56.465125598198256,0.04163521218719774,strict_pass,none,none,,,0.9943943943943944,1.0,0.9943943943943944,0.9554848966613673,0.9769547325102881,0.9866666666666667,0.04451510333863273,0.023045267489711918,0.013333333333333308,0,False,4967,4995,True,inverse_phase_volume,geometric_mean,4967,4967,4967,0,540,0,0,2.014346899324317e+35,3.9304792706714935e+50,1951242495515502.0,5.376144027211642e-11,104901.60687907226,9.532742440759492e-06,18600692149.214127,1951242495515506.0,0.0
41,23.0,100000.0,0.0,4.1,392.7141823557414,392.7141823557414,392.7141823557414,legacy_chi2,none,pass_full,0,20260930_113942_pid271517,0,13.282657528958707,379.43152482678266,0.00014702262257060283,0.009986842760507781,0.039530081466032395,True,True,897,none,20,543,2030,54.469357554777304,0.04232780937538219,strict_pass,none,none,,,0.9943943943943944,1.0,0.9943943943943944,0.9554848966613673,0.9769547325102881,0.9866666666666667,0.04451510333863273,0.023045267489711918,0.013333333333333308,0,False,4967,4995,True,inverse_phase_volume,geometric_mean,4967,4967,4967,0,540,0,0,2.1163218296030755e+35,3.964915895918751e+50,1873493832770409.2,5.386143660941844e-11,100909.06931189894,9.90991203089099e-06,18566159073.171394,1873493832770393.5,0.0
42,23.0,100000.0,0.0,4.2,389.11182600271644,389.11182600271644,389.11182600271644,legacy_chi2,none,pass_full,0,20260930_113942_pid271517,0,12.797193251471843,376.31463275124446,0.00014411201686925779,0.009986889789198641,0.03953026761575214,True,True,897,none,20,543,2716,53.64690808478104,0.044253054778755296,strict_pass,none,none,,,0.9943943943943944,1.0,0.9943943943943944,0.9554848966613673,0.9769547325102881,0.9866666666666667,0.04451510333863273,0.023045267489711918,0.013333333333333308,0,False,4967,4995,True,inverse_phase_volume,geometric_mean,4967,4967,4967,0,540,0,0,2.2208146281300594e+35,4.325102200666126e+50,1947529589314661.0,5.388499831599955e-11,104942.62864058012,9.529016120083268e-06,18558040850.918606,1947529589314666.8,0.0
43,23.0,100000.0,0.0,4.3,386.6506344721382,386.6506344721382,386.6506344721382,legacy_chi2,none,pass_full,0,20260930_113942_pid271517,0,12.56667511970527,374.083959352433,0.0022356887035925865,0.009931123380754213,0.03000630728917946,True,True,926,none,20,543,3771,53.444482077975344,0.04381419504018326,strict_pass,none,none,,,0.9943943943943944,1.0,0.9943943943943944,0.9554848966613673,0.9769547325102881,0.9866666666666667,0.04451510333863273,0.023045267489711918,0.013333333333333308,0,False,4967,4995,True,inverse_phase_volume,geometric_mean,4967,4967,4967,0,540,0,0,2.327825299457566e+35,4.130013304267961e+50,1774193838871991.0,5.37889291744926e-11,95431.98674090713,1.0478666893050732e-05,18591186241.24261,1774193838872000.0,0.0
44,23.0,100000.0,0.0,4.3999999999999995,384.03106343356376,384.03106343356376,384.03106343356376,legacy_chi2,none,pass_full,0,20260930_113942_pid271517,0,12.280112163685608,371.7509512698782,0.000134450010477849,0.00998610011908245,0.03952714193081117,True,True,897,none,20,543,4111,54.53750379743037,0.04118733023528828,strict_pass,none,none,,,0.9943943943943944,1.0,0.9943943943943944,0.9554848966613673,0.9769547325102881,0.9866666666666667,0.04451510333863273,0.023045267489711918,0.013333333333333308,0,False,4967,4995,True,inverse_phase_volume,geometric_mean,4967,4967,4967,0,540,0,0,2.4373538288633795e+35,4.7808179614196e+50,1961478840209694.8,5.383839173804633e-11,105602.86618509836,9.46943995106366e-06,18574106092.6477,1961478840209695.2,0.0
45,23.0,100000.0,0.0,4.5,380.89114393249173,380.89114393249173,380.89114393249173,legacy_chi2,none,pass_full,0,20260930_113942_pid271517,0,11.997115910842256,368.89402802164943,0.0001328760022829556,0.009985404153223387,0.039524387147566245,True,True,897,none,20,543,4226,53.2971054140914,0.047261787368510166,strict_pass,none,none,,,0.9943943943943944,1.0,0.9943943943943944,0.9554848966613673,0.9769547325102881,0.9866666666666667,0.04451510333863273,0.023045267489711918,0.013333333333333308,0,False,4967,4995,True,inverse_phase_volume,geometric_mean,4967,4967,4967,0,540,0,0,2.5494002992855374e+35,4.936932105837495e+50,1936507227688432.2,5.388152001218791e-11,104341.95294244088,9.583872754918046e-06,18559238859.145058,1936507227688433.8,0.0
46,23.0,100000.0,0.0,4.6,377.9019124800627,377.9019124800627,377.9019124800627,legacy_chi2,none,pass_full,0,20260930_113942_pid271517,0,11.815795381222452,366.08611709884025,0.0001314529210389992,0.009985279707218358,0.039523894563389755,True,True,897,none,20,543,4275,50.424070349310014,0.05116818995386051,strict_pass,none,none,,,0.9943943943943944,1.0,0.9943943943943944,0.9554848966613673,0.9769547325102881,0.9866666666666667,0.04451510333863273,0.023045267489711918,0.013333333333333308,0,False,4967,4995,True,inverse_phase_volume,geometric_mean,4967,4967,4967,0,540,0,0,2.6639640838777088e+35,5.120894308953442e+50,1922283539761311.5,5.381326148138134e-11,103444.34676652981,9.667033832761922e-06,18582780015.033775,1922283539761293.8,0.0
47,23.0,100000.0,0.0,4.7,376.18462874717187,376.18462874717187,376.18462874717187,legacy_chi2,none,pass_full,0,20260930_113942_pid271517,0,11.76836024988225,364.4162684972896,0.008125089887528247,0.009912438531006686,0.023324666499111107,True,True,955,none,20,543,4253,48.83030112485103,0.05454970409198574,strict_pass,none,none,,,0.9943943943943944,1.0,0.9943943943943944,0.9554848966613673,0.9769547325102881,0.9866666666666667,0.04451510333863273,0.023045267489711918,0.013333333333333308,0,False,4967,4995,True,inverse_phase_volume,geometric_mean,4967,4967,4967,0,540,0,0,2.7810462055620524e+35,5.268163019126419e+50,1894309777590235.2,5.3696159181856484e-11,101717.15935723184,9.83118292251938e-06,18623305935.406498,1894309777590224.2,0.0
48,23.0,100000.0,0.0,4.8,373.30247930290113,373.30247930290113,373.30247930290113,legacy_chi2,none,pass_full,0,20260930_113942_pid271517,0,11.551851001605382,361.75062830129576,0.0001283044794035959,0.009985057088267342,0.039523013389481186,True,True,897,none,20,543,4268,50.03052043047987,0.050073103036162345,strict_pass,none,none,,,0.9943943943943944,1.0,0.9943943943943944,0.9554848966613673,0.9769547325102881,0.9866666666666667,0.04451510333863273,0.023045267489711918,0.013333333333333308,0,False,4967,4995,True,inverse_phase_volume,geometric_mean,4967,4967,4967,0,540,0,0,2.8997242912377956e+35,5.415625509951178e+50,1867634632132363.2,5.3652263888928254e-11,100202.8261312666,9.979758442042254e-06,18638542486.67336,1867634632132356.0,0.0
49,23.0,100000.0,0.0,4.9,370.56229802544107,370.56229802544107,370.56229802544107,legacy_chi2,none,pass_full,0,20260930_113942_pid271517,0,11.426067838449757,359.1362301869914,0.000128119428836726,0.009985040795571026,0.03952294889946886,True,True,897,none,20,543,4234,50.4450759981568,0.04636403391124448,strict_pass,none,none,,,0.9943943943943944,1.0,0.9943943943943944,0.9554848966613673,0.9769547325102881,0.9866666666666667,0.04451510333863273,0.023045267489711918,0.013333333333333308,0,False,4967,4995,True,inverse_phase_volume,geometric_mean,4967,4967,4967,0,540,0,0,3.0218033377631974e+35,5.7119297531604745e+50,1890238746439589.8,5.362972189322664e-11,101372.97828335632,9.864561709973777e-06,18646376760.836765,1890238746439585.2,0.0
50,23.0,100000.0,0.0,5.0,368.15279491556976,368.15279491556976,368.15279491556976,legacy_chi2,none,pass_full,0,20260930_113942_pid271517,0,11.276012899511159,356.8767820160586,0.0001276358805171185,0.00998502137239481,0.039522872018340705,True,True,897,none,20,543,4240,51.200399127619235,0.0478132518787493,strict_pass,none,none,,,0.9943943943943944,1.0,0.9943943943943944,0.9554848966613673,0.9769547325102881,0.9866666666666667,0.04451510333863273,0.023045267489711918,0.013333333333333308,0,False,4967,4995,True,inverse_phase_volume,geometric_mean,4967,4967,4967,0,540,0,0,3.14639951549365e+35,5.655684355543117e+50,1797509924500409.8,5.3669298203614413e-11,96471.09616196904,1.0365799081634375e-05,18632626724.615044,1797509924500412.0,0.0
51,23.0,100000.0,2040.8163265306123,0.1,557.181594090051,557.181594090051,557.181594090051,legacy_chi2,none,pass_full,0,20260930_113942_pid271517,0,21.863310001462178,535.3182840885888,5.906430101276783e-05,0.009975653856395816,0.03948579336601238,True,True,885,none,20,543,453,44.22168335119371,0.08677645153306397,severe_coverage_warn,inner,multiple,1;2;3,shell_band minimum coverage 0.687 is below 0.8 | shell_band coverage gap 0.313 exceeds 0.1 | Lfrac minimum coverage 0.756 is below 0.8 | Lfrac coverage gap 0.244 exceeds 0.1 | third_integral coverage gap 0.139 exceeds 0.1 | 17 planned shell-band/Lfrac/third-integral cells have no successful orbit,0.9229229229229229,1.0,0.9229229229229229,0.6868044515103339,0.7563786008230453,0.8611111111111112,0.31319554848966613,0.2436213991769547,0.13888888888888884,17,False,4610,4995,True,inverse_phase_volume,geometric_mean,4610,4610,4610,0,540,0,0,8.869656762913381e+38,5.504541381244436e+47,620603652.2473482,3.730488814320967e-06,2315.154982835487,0.00043193652581100623,268061.3854573432,620603652.2473522,0.0
52,23.0,100000.0,2040.8163265306123,0.2,501.1900733397407,501.1900733397407,501.1900733397407,legacy_chi2,none,pass_full,0,20260930_113942_pid271517,0,18.438513448550015,482.7515598911907,2.1889340359848575e-05,0.009982007554652983,0.03951094267653417,True,True,885,none,20,543,539,55.068631668336515,0.06216076704338333,severe_coverage_warn,inner,multiple,1;2;3,shell_band minimum coverage 0.687 is below 0.8 | shell_band coverage gap 0.313 exceeds 0.1 | Lfrac minimum coverage 0.762 is below 0.8 | Lfrac coverage gap 0.238 exceeds 0.1 | third_integral coverage gap 0.135 exceeds 0.1 | 17 planned shell-band/Lfrac/third-integral cells have no successful orbit,0.9243243243243243,1.0,0.9243243243243243,0.6868044515103339,0.7621399176954733,0.8648148148148148,0.31319554848966613,0.2378600823045267,0.13518518518518519,17,False,4617,4995,True,inverse_phase_volume,geometric_mean,4617,4617,4617,0,540,0,0,8.529074267579246e+38,1.5163631187901456e+48,1777875383.913764,1.5656018813460316e-06,2783.445045854218,0.000359267017500289,638731.9866658864,1777875383.9137838,0.0
53,23.0,100000.0,2040.8163265306123,0.30000000000000004,476.9626721057293,476.9626721057293,476.9626721057293,legacy_chi2,none,pass_full,0,20260930_113942_pid271517,0,15.46335083752238,461.4993212682069,2.194393749732626e-05,0.009963063533734398,0.03943595814857433,True,True,885,none,20,543,620,52.41067616374024,0.04196388837864715,severe_coverage_warn,inner,multiple,1;2;3,shell_band minimum coverage 0.687 is below 0.8 | shell_band coverage gap 0.313 exceeds 0.1 | Lfrac minimum coverage 0.767 is below 0.8 | Lfrac coverage gap 0.233 exceeds 0.1 | third_integral coverage gap 0.133 exceeds 0.1 | 16 planned shell-band/Lfrac/third-integral cells have no successful orbit,0.9255255255255255,1.0,0.9255255255255255,0.6868044515103339,0.7670781893004115,0.8666666666666667,0.31319554848966613,0.2329218106995885,0.1333333333333333,16,False,4623,4995,True,inverse_phase_volume,geometric_mean,4623,4623,4623,0,540,0,0,1.6513482039294757e+38,2.4504916176205923e+48,14839339224.6984,1.8429279971042547e-07,2734.783371572393,0.00036565967542249577,5426147.964387509,14839339224.69835,0.0
54,23.0,100000.0,2040.8163265306123,0.4,462.0596129254596,462.0596129254596,462.0596129254596,legacy_chi2,none,pass_full,0,20260930_113942_pid271517,0,16.807661800128884,445.2519511253307,4.5514283556258306e-05,0.00995254556798956,0.03939432576757856,True,True,885,none,20,543,644,58.13359505283498,0.04583349242494061,severe_coverage_warn,inner,multiple,1;2;3,shell_band minimum coverage 0.687 is below 0.8 | shell_band coverage gap 0.313 exceeds 0.1 | Lfrac minimum coverage 0.77 is below 0.8 | Lfrac coverage gap 0.23 exceeds 0.1 | third_integral coverage gap 0.131 exceeds 0.1 | 16 planned shell-band/Lfrac/third-integral cells have no successful orbit,0.9261261261261261,1.0,0.9261261261261261,0.6868044515103339,0.7695473251028807,0.8685185185185185,0.31319554848966613,0.2304526748971193,0.13148148148148153,16,False,4626,4995,True,inverse_phase_volume,geometric_mean,4626,4626,4626,0,540,0,0,7.745509049766815e+38,3.6612296058079304e+48,4726906368.946989,6.118724958530599e-07,2892.263997631294,0.00034574990416468893,1634327.424058865,4726906368.946948,0.0
55,23.0,100000.0,2040.8163265306123,0.5,456.4254129883592,456.4254129883592,456.4254129883592,legacy_chi2,none,pass_full,0,20260930_113942_pid271517,0,15.420277957921384,441.00513503043794,7.436783943148839e-05,0.009945492007922023,0.03936640625279477,True,True,885,none,20,543,653,57.45713871958261,0.045666668089335824,severe_coverage_warn,inner,multiple,1;2;3,shell_band minimum coverage 0.687 is below 0.8 | shell_band coverage gap 0.313 exceeds 0.1 | Lfrac minimum coverage 0.774 is below 0.8 | Lfrac coverage gap 0.226 exceeds 0.1 | third_integral coverage gap 0.13 exceeds 0.1 | 14 planned shell-band/Lfrac/third-integral cells have no successful orbit,0.9271271271271271,1.0,0.9271271271271271,0.6868044515103339,0.7736625514403292,0.8703703703703703,0.31319554848966613,0.22633744855967075,0.12962962962962965,14,False,4631,4995,True,inverse_phase_volume,geometric_mean,4631,4631,4631,0,540,0,0,4.870403166910358e+37,5.165501875672789e+48,106059020139.59213,3.002935192358226e-08,3184.8836404420936,0.0003139832134844305,33300751.962438893,106059020139.59157,0.0
56,23.0,100000.0,2040.8163265306123,0.6,448.6427150741555,448.6427150741555,448.6427150741555,legacy_chi2,none,pass_full,0,20260930_113942_pid271517,0,13.136760278604955,435.50595479555056,1.8754318261926528e-05,0.00994180399356526,0.03935180829511517,True,True,885,none,20,543,705,49.951892776382834,0.0644895580772383,severe_coverage_warn,inner,multiple,1;2;3,shell_band minimum coverage 0.687 is below 0.8 | shell_band coverage gap 0.313 exceeds 0.1 | Lfrac minimum coverage 0.774 is below 0.8 | Lfrac coverage gap 0.226 exceeds 0.1 | third_integral coverage gap 0.13 exceeds 0.1 | 14 planned shell-band/Lfrac/third-integral cells have no successful orbit,0.9273273273273274,1.0,0.9273273273273274,0.6868044515103339,0.7744855967078189,0.8703703703703703,0.31319554848966613,0.2255144032921811,0.12962962962962965,14,False,4632,4995,True,inverse_phase_volume,geometric_mean,4632,4632,4632,0,540,0,0,4.229665199627036e+37,8.539067613173884e+48,201885189729.12662,2.041054919075178e-08,4120.587595850614,0.00024268383494795474,48994272.06266012,201885189729.12756,0.0
57,23.0,100000.0,2040.8163265306123,0.7000000000000001,445.3619367301272,445.3619367301272,445.3619367301272,legacy_chi2,none,pass_full,0,20260930_113942_pid271517,0,13.106772742835727,432.25516398729144,8.39791874795992e-06,0.009940523489532616,0.03934673978348022,True,True,885,none,20,543,784,51.69617732868895,0.05682128138710023,severe_coverage_warn,inner,multiple,1;2,shell_band minimum coverage 0.687 is below 0.8 | shell_band coverage gap 0.313 exceeds 0.1 | Lfrac minimum coverage 0.778 is below 0.8 | Lfrac coverage gap 0.222 exceeds 0.1 | third_integral coverage gap 0.128 exceeds 0.1 | 14 planned shell-band/Lfrac/third-integral cells have no successful orbit,0.9281281281281282,1.0,0.9281281281281282,0.6868044515103339,0.7777777777777778,0.8722222222222222,0.31319554848966613,0.2222222222222222,0.12777777777777777,14,False,4636,4995,True,inverse_phase_volume,geometric_mean,4636,4636,4636,0,540,0,0,6.292385297601763e+35,1.115414754311026e+49,17726421723351.043,2.4993865404538593e-10,4430.517986575272,0.00022570724304247459,4000981776.1858144,17726421723351.13,0.0
58,23.0,100000.0,2040.8163265306123,0.8,443.4224728383178,443.4224728383178,443.4224728383178,legacy_chi2,none,pass_full,0,20260930_113942_pid271517,0,13.447122704463567,429.97535013385414,5.339737242593401e-06,0.009934644348377143,0.039323468872502716,True,True,885,none,20,543,799,57.53211527372635,0.04232929810566466,severe_coverage_warn,inner,multiple,1;2,shell_band minimum coverage 0.687 is below 0.8 | shell_band coverage gap 0.313 exceeds 0.1 | Lfrac minimum coverage 0.779 is below 0.8 | Lfrac coverage gap 0.221 exceeds 0.1 | third_integral coverage gap 0.126 exceeds 0.1 | 14 planned shell-band/Lfrac/third-integral cells have no successful orbit,0.9285285285285285,1.0,0.9285285285285285,0.6868044515103339,0.7794238683127572,0.8740740740740741,0.31319554848966613,0.22057613168724277,0.12592592592592589,14,False,4638,4995,True,inverse_phase_volume,geometric_mean,4638,4638,4638,0,540,0,0,7.513262056204087e+37,1.395367970581715e+49,185720657704.13104,2.4417625259813176e-08,4534.857422825479,0.00022051409928935362,40954023.55305256,185720657704.1299,0.0
59,23.0,100000.0,2040.8163265306123,0.9,441.7616260066203,441.7616260066203,441.7616260066203,legacy_chi2,none,pass_full,0,20260930_113942_pid271517,0,13.596760414252696,428.1648655923675,6.710469335757807e-06,0.009934140252060679,0.03932147355036394,True,True,885,none,20,543,840,52.221393844020156,0.05988715111036223,severe_coverage_warn,inner,multiple,1;2,shell_band minimum coverage 0.687 is below 0.8 | shell_band coverage gap 0.313 exceeds 0.1 | Lfrac minimum coverage 0.782 is below 0.8 | Lfrac coverage gap 0.218 exceeds 0.1 | third_integral coverage gap 0.124 exceeds 0.1 | 14 planned shell-band/Lfrac/third-integral cells have no successful orbit,0.9291291291291291,1.0,0.9291291291291291,0.6868044515103339,0.7818930041152263,0.8759259259259259,0.31319554848966613,0.21810699588477367,0.12407407407407411,14,False,4641,4995,True,inverse_phase_volume,geometric_mean,4641,4641,4641,0,540,0,0,3.0767653376146245e+35,1.719764458560767e+49,55895210386570.39,8.50032905787876e-11,4751.276810452106,0.00021046974105995005,11764250456.55289,55895210386570.34,0.0
60,23.0,100000.0,2040.8163265306123,1.0,441.80802646805193,441.80802646805193,441.80802646805193,legacy_chi2,none,pass_full,0,20260930_113942_pid271517,0,12.697265041521511,429.1107614265304,0.00014136854514390507,0.009994223329883466,0.031326229199689415,True,True,908,none,20,543,806,56.735624715713996,0.055143392953497544,severe_coverage_warn,inner,multiple,1;2,shell_band minimum coverage 0.687 is below 0.8 | shell_band coverage gap 0.313 exceeds 0.1 | Lfrac minimum coverage 0.784 is below 0.8 | Lfrac coverage gap 0.216 exceeds 0.1 | third_integral coverage gap 0.124 exceeds 0.1 | 14 planned shell-band/Lfrac/third-integral cells have no successful orbit,0.9297297297297298,1.0,0.9297297297297298,0.6868044515103339,0.7843621399176954,0.8759259259259259,0.31319554848966613,0.21563786008230457,0.12407407407407411,14,False,4644,4995,True,inverse_phase_volume,geometric_mean,4644,4644,4644,0,540,0,0,4.02683884495601e+36,2.1179324095232013e+49,5259541022298.691,9.605371318949102e-10,5051.984448642437,0.0001979420186593644,1041084167.1755458,5259541022298.721,0.0
61,23.0,100000.0,2040.8163265306123,1.1,440.99497224194283,440.99497224194283,440.99497224194283,legacy_chi2,none,pass_full,0,20260930_113942_pid271517,0,12.64985991275117,428.3451123291916,2.668881262479772e-05,0.009933522044699194,0.03931902655205342,True,True,885,none,20,543,845,63.64067551877568,0.046700514139210184,severe_coverage_warn,inner,multiple,1;2,shell_band minimum coverage 0.687 is below 0.8 | shell_band coverage gap 0.313 exceeds 0.1 | Lfrac minimum coverage 0.784 is below 0.8 | Lfrac coverage gap 0.216 exceeds 0.1 | third_integral coverage gap 0.124 exceeds 0.1 | 14 planned shell-band/Lfrac/third-integral cells have no successful orbit,0.9297297297297298,1.0,0.9297297297297298,0.6868044515103339,0.7843621399176954,0.8759259259259259,0.31319554848966613,0.21563786008230457,0.12407407407407411,14,False,4644,4995,True,inverse_phase_volume,geometric_mean,4644,4644,4644,0,540,0,0,3.927268012576277e+37,2.532251219948377e+49,644786964332.2936,8.219552278510405e-09,5299.860161831327,0.00018868422363326232,121661127.7738872,644786964332.2957,0.0
62,23.0,100000.0,2040.8163265306123,1.2000000000000002,439.11055970682116,439.11055970682116,439.11055970682116,legacy_chi2,none,pass_full,0,20260930_113942_pid271517,0,12.367608781160293,426.74295092566086,0.00028527200777261896,0.009928713364513985,0.03929999275688673,True,True,885,none,20,543,899,60.44568287496596,0.03914144173916548,severe_coverage_warn,inner,multiple,1;2,shell_band minimum coverage 0.687 is below 0.8 | shell_band coverage gap 0.313 exceeds 0.1 | Lfrac minimum coverage 0.788 is below 0.8 | Lfrac coverage gap 0.212 exceeds 0.1 | third_integral coverage gap 0.122 exceeds 0.1 | 14 planned shell-band/Lfrac/third-integral cells have no successful orbit,0.9305305305305305,1.0,0.9305305305305305,0.6868044515103339,0.7876543209876543,0.8777777777777778,0.31319554848966613,0.2123456790123457,0.12222222222222223,14,False,4648,4995,True,inverse_phase_volume,geometric_mean,4648,4648,4648,0,540,0,0,1.5587289815442037e+38,3.029521751295403e+49,194358466876.91098,2.872954615466514e-08,5583.830544690191,0.00017908852928048217,34807371.98619543,194358466876.9117,0.0
63,23.0,100000.0,2040.8163265306123,1.3000000000000003,437.9574522400541,437.9574522400541,437.9574522400541,legacy_chi2,none,pass_full,0,20260930_113942_pid271517,0,12.51558208531189,425.44187015474216,1.3554282986660837e-05,0.009919699202802114,0.03926431275717478,True,True,885,none,20,543,891,65.83031484166546,0.037029167469219464,severe_coverage_warn,inner,multiple,1;2,shell_band minimum coverage 0.687 is below 0.8 | shell_band coverage gap 0.313 exceeds 0.1 | Lfrac minimum coverage 0.787 is below 0.8 | Lfrac coverage gap 0.213 exceeds 0.1 | third_integral coverage gap 0.122 exceeds 0.1 | 14 planned shell-band/Lfrac/third-integral cells have no successful orbit,0.9303303303303303,1.0,0.9303303303303303,0.6868044515103339,0.7868312757201646,0.8777777777777778,0.31319554848966613,0.21316872427983535,0.12222222222222223,14,False,4647,4995,True,inverse_phase_volume,geometric_mean,4647,4647,4647,0,540,0,0,1.1963192285226666e+35,3.612845319352353e+49,301996760832294.94,1.9892936144074933e-11,6007.602278954323,0.00016645575948047927,50269100184.9844,301996760832295.5,0.0
64,23.0,100000.0,2040.8163265306123,1.4000000000000001,436.49658821303274,436.49658821303274,436.49658821303274,legacy_chi2,none,pass_full,0,20260930_113942_pid271517,0,13.25563209944567,423.2409561135871,4.534299648639717e-06,0.009919743286410227,0.03926448724962067,True,True,885,none,20,543,878,65.97473695456792,0.03463387397936607,severe_coverage_warn,inner,multiple,1;2,shell_band minimum coverage 0.687 is below 0.8 | shell_band coverage gap 0.313 exceeds 0.1 | Lfrac minimum coverage 0.788 is below 0.8 | Lfrac coverage gap 0.212 exceeds 0.1 | third_integral coverage gap 0.122 exceeds 0.1 | 14 planned shell-band/Lfrac/third-integral cells have no successful orbit,0.9305305305305305,1.0,0.9305305305305305,0.6868044515103339,0.7876543209876543,0.8777777777777778,0.31319554848966613,0.2123456790123457,0.12222222222222223,14,False,4648,4995,True,inverse_phase_volume,geometric_mean,4648,4648,4648,0,540,0,0,3.7990758135282065e+36,4.2536490288774967e+49,11196536309516.623,5.674484651148474e-10,6353.45734343785,0.0001573946193300325,1762274570.2512515,11196536309516.596,0.0
65,23.0,100000.0,2040.8163265306123,1.5000000000000002,435.4562364286664,435.4562364286664,435.4562364286664,legacy_chi2,none,pass_full,0,20260930_113942_pid271517,0,13.59697896982631,421.8592574588401,1.7200606066580804e-05,0.009924462425706474,0.03928316662260207,True,True,885,none,20,543,862,60.58950797317154,0.03710544550241099,severe_coverage_warn,inner,multiple,1;2,shell_band minimum coverage 0.687 is below 0.8 | shell_band coverage gap 0.313 exceeds 0.1 | Lfrac minimum coverage 0.79 is below 0.8 | Lfrac coverage gap 0.21 exceeds 0.1 | third_integral coverage gap 0.12 exceeds 0.1 | 14 planned shell-band/Lfrac/third-integral cells have no successful orbit,0.9311311311311311,1.0,0.9311311311311311,0.6868044515103339,0.7901234567901234,0.8796296296296297,0.31319554848966613,0.2098765432098766,0.12037037037037035,14,False,4651,4995,True,inverse_phase_volume,geometric_mean,4651,4651,4651,0,540,0,0,5.83371759225026e+36,4.948719114173495e+49,8482959683800.204,7.886416225462581e-10,6690.015089026643,0.0001494764939529447,1268003071.878627,8482959683800.151,0.0
66,23.0,100000.0,2040.8163265306123,1.6,434.7557910351788,434.7557910351788,434.7557910351788,legacy_chi2,none,pass_full,0,20260930_113942_pid271517,0,13.685016206520359,421.07077482865833,3.0291777534330322e-05,0.009925788118018919,0.03928841399921213,True,True,885,none,20,543,902,55.697919840828064,0.048972801324309714,severe_coverage_warn,inner,multiple,1;2,shell_band minimum coverage 0.687 is below 0.8 | shell_band coverage gap 0.313 exceeds 0.1 | Lfrac minimum coverage 0.792 is below 0.8 | Lfrac coverage gap 0.208 exceeds 0.1 | third_integral coverage gap 0.12 exceeds 0.1 | 14 planned shell-band/Lfrac/third-integral cells have no successful orbit,0.9315315315315316,1.0,0.9315315315315316,0.6868044515103339,0.7917695473251029,0.8796296296296297,0.31319554848966613,0.20823045267489715,0.12037037037037035,14,False,4653,4995,True,inverse_phase_volume,geometric_mean,4653,4653,4653,0,540,0,0,1.0969647953406728e+36,5.748940988200317e+49,52407707272090.984,1.3462853859559046e-10,7055.573041187033,0.0001417319322133698,7427845614.546048,52407707272090.42,0.0
67,23.0,100000.0,2040.8163265306123,1.7000000000000002,434.1480902846677,434.1480902846677,434.1480902846677,legacy_chi2,none,pass_full,0,20260930_113942_pid271517,0,13.61522859497111,420.53286168969663,1.1184903314642725e-05,0.009922852315377815,0.0392767934580307,True,True,885,none,20,543,934,58.317730778274814,0.04651239821943085,severe_coverage_warn,inner,multiple,1;2,shell_band minimum coverage 0.687 is below 0.8 | shell_band coverage gap 0.313 exceeds 0.1 | Lfrac minimum coverage 0.793 is below 0.8 | Lfrac coverage gap 0.207 exceeds 0.1 | third_integral coverage gap 0.117 exceeds 0.1 | 14 planned shell-band/Lfrac/third-integral cells have no successful orbit,0.9319319319319319,1.0,0.9319319319319319,0.6868044515103339,0.7934156378600823,0.8833333333333333,0.31319554848966613,0.2065843621399177,0.1166666666666667,14,False,4655,4995,True,inverse_phase_volume,geometric_mean,4655,4655,4655,0,540,0,0,5.623210835655256e+33,6.584245725801086e+49,1.1709050075185102e+16,6.312827315093726e-13,7391.721114842894,0.00013528648936604994,1584076278483.0796,1.1709050075185132e+16,0.0
68,23.0,100000.0,2040.8163265306123,1.8000000000000003,434.2584860085605,434.2584860085605,434.2584860085605,legacy_chi2,none,pass_full,0,20260930_113942_pid271517,0,13.375298812028591,420.8831871965319,6.681492038751458e-06,0.009933732409734101,0.03931985922231437,True,True,885,none,20,543,933,65.48029001251699,0.03798139907135603,severe_coverage_warn,inner,multiple,1;2,shell_band minimum coverage 0.687 is below 0.8 | shell_band coverage gap 0.313 exceeds 0.1 | Lfrac minimum coverage 0.795 is below 0.8 | Lfrac coverage gap 0.205 exceeds 0.1 | third_integral coverage gap 0.119 exceeds 0.1 | 14 planned shell-band/Lfrac/third-integral cells have no successful orbit,0.9323323323323324,1.0,0.9323323323323324,0.6868044515103339,0.7950617283950617,0.8814814814814815,0.31319554848966613,0.20493827160493827,0.11851851851851847,14,False,4657,4995,True,inverse_phase_volume,geometric_mean,4657,4657,4657,0,540,0,0,4.0668831672042684e+35,7.487687042048324e+49,184113650041135.75,4.241894463955676e-11,7809.90672848166,0.0001280425022687066,23574372453.09197,184113650041135.66,0.0
69,23.0,100000.0,2040.8163265306123,1.9000000000000001,433.3904893495741,433.3904893495741,433.3904893495741,legacy_chi2,none,pass_full,0,20260930_113942_pid271517,0,12.905205944600056,420.485283404974,6.7065642497254885e-06,0.009924575366157824,0.03928361366531114,True,True,885,none,20,543,860,60.3192302118795,0.039114477937735016,severe_coverage_warn,inner,multiple,1;2,shell_band minimum coverage 0.687 is below 0.8 | shell_band coverage gap 0.313 exceeds 0.1 | Lfrac minimum coverage 0.796 is below 0.8 | Lfrac coverage gap 0.204 exceeds 0.1 | third_integral coverage gap 0.117 exceeds 0.1 | 14 planned shell-band/Lfrac/third-integral cells have no successful orbit,0.9325325325325325,1.0,0.9325325325325325,0.6868044515103339,0.7958847736625514,0.8833333333333333,0.31319554848966613,0.2041152263374486,0.1166666666666667,14,False,4658,4995,True,inverse_phase_volume,geometric_mean,4658,4658,4658,0,540,0,0,8.480085048991041e+36,8.483309483438939e+49,10003802360977.832,8.191963970167103e-10,8195.078850580263,0.00012202445128751796,1220708493.8870912,10003802360977.787,0.0
70,23.0,100000.0,2040.8163265306123,2.0,432.92849481518607,432.92849481518607,432.92849481518607,legacy_chi2,none,pass_full,0,20260930_113942_pid271517,0,12.780396854286149,420.14809796089986,2.1307408815118833e-07,0.009916132847342487,0.03925019635169642,True,True,885,none,20,543,897,61.98048628376164,0.03279843731416213,severe_coverage_warn,inner,multiple,1;2,shell_band minimum coverage 0.687 is below 0.8 | shell_band coverage gap 0.313 exceeds 0.1 | Lfrac minimum coverage 0.795 is below 0.8 | Lfrac coverage gap 0.205 exceeds 0.1 | third_integral coverage gap 0.117 exceeds 0.1 | 14 planned shell-band/Lfrac/third-integral cells have no successful orbit,0.9323323323323324,1.0,0.9323323323323324,0.6868044515103339,0.7950617283950617,0.8833333333333333,0.31319554848966613,0.20493827160493827,0.1166666666666667,14,False,4657,4995,True,inverse_phase_volume,geometric_mean,4657,4657,4657,0,540,0,0,2.384375228505481e+37,9.475952789910267e+49,3974186896686.4595,2.1253905613730738e-09,8446.699319349918,0.00011838943973170372,470501760.0877866,3974186896686.446,0.0
