galaxy,source,preferred_profile,radius_type,rin_arcmin,rout_arcmin,rm_arcmin,R_inner_pc,R_outer_pc,R_pc,Sigma_table3_arcmin2,Sigma_table3_err_arcmin2,Sigma_background_arcmin2,Sigma_background_err_arcmin2,Sigma,Sigma_err,Sigma_pc2,Sigma_err_pc2,light_raw,light_raw_err,light_frac,light_frac_err_approx,ellipticity,q_axis_ratio,area_arcmin2,area_pc2,Sigma_units,R_units,area_model,pc_per_arcmin_assumed,note
Draco,Odenkirchen_et_al_2001_Table_3,S2,elliptical_major_axis,0.0,1.0,0.71,0.0,22.1,15.691,7.181,1.795,0.076,0.0014,7.105,1.7950005459609197,0.014547204193198335,0.0036751920434899355,15.40150090459128,3.8910207645825396,0.01231367016694945,0.0031109140988679735,0.31,0.69,2.167698930976957,1058.7258348784558,stars_per_arcmin2,pc,elliptical_annulus_pi_q_delta_a2,22.1,Production Draco light profile: Odenkirchen et al. 2001 Table 3 S2 with fitted S2 background 0.0760 +/- 0.0014 stars arcmin^-2 subtracted before normalization. Sigma_err combines the Table 3 statistical uncertainty and fitted-background uncertainty in quadrature.
Draco,Odenkirchen_et_al_2001_Table_3,S2,elliptical_major_axis,1.0,2.0,1.58,22.1,44.2,34.918000000000006,5.087,0.872,0.076,0.0014,5.011,0.8720011238524867,0.010259822689953112,0.0017853875306658065,32.587018029376594,5.670707711957221,0.02605368101615075,0.004533793479660277,0.31,0.69,6.5030967929308705,3176.177504635367,stars_per_arcmin2,pc,elliptical_annulus_pi_q_delta_a2,22.1,Production Draco light profile: Odenkirchen et al. 2001 Table 3 S2 with fitted S2 background 0.0760 +/- 0.0014 stars arcmin^-2 subtracted before normalization. Sigma_err combines the Table 3 statistical uncertainty and fitted-background uncertainty in quadrature.
Draco,Odenkirchen_et_al_2001_Table_3,S2,elliptical_major_axis,2.0,3.0,2.55,44.2,66.30000000000001,56.355,4.937,0.666,0.076,0.0014,4.861000000000001,0.666001471469846,0.009952703671096005,0.001363611456501394,52.68592251739495,7.218453388671328,0.04212297725653855,0.0057712332515008295,0.31,0.69,10.838494654884785,5293.629174392279,stars_per_arcmin2,pc,elliptical_annulus_pi_q_delta_a2,22.1,Production Draco light profile: Odenkirchen et al. 2001 Table 3 S2 with fitted S2 background 0.0760 +/- 0.0014 stars arcmin^-2 subtracted before normalization. Sigma_err combines the Table 3 statistical uncertainty and fitted-background uncertainty in quadrature.
Draco,Odenkirchen_et_al_2001_Table_3,S2,elliptical_major_axis,3.0,4.0,3.54,66.30000000000001,88.4,78.23400000000001,4.937,0.563,0.076,0.0014,4.861000000000001,0.5630017406722646,0.009952703671096005,0.0011527236147340647,73.76029152435292,8.542927899754037,0.05897216815915397,0.0068301652591691376,0.31,0.69,15.173892516838698,7411.08084414919,stars_per_arcmin2,pc,elliptical_annulus_pi_q_delta_a2,22.1,Production Draco light profile: Odenkirchen et al. 2001 Table 3 S2 with fitted S2 background 0.0760 +/- 0.0014 stars arcmin^-2 subtracted before normalization. Sigma_err combines the Table 3 statistical uncertainty and fitted-background uncertainty in quadrature.
Draco,Odenkirchen_et_al_2001_Table_3,S2,elliptical_major_axis,4.0,5.0,4.53,88.4,110.5,100.11300000000001,4.388,0.468,0.076,0.0014,4.312,0.46800209401240933,0.008828648062078991,0.0009582156262410869,84.12406011335375,9.130388749971093,0.0672581156705101,0.0072998467006325524,0.31,0.69,19.509290378792613,9528.532513906102,stars_per_arcmin2,pc,elliptical_annulus_pi_q_delta_a2,22.1,Production Draco light profile: Odenkirchen et al. 2001 Table 3 S2 with fitted S2 background 0.0760 +/- 0.0014 stars arcmin^-2 subtracted before normalization. Sigma_err combines the Table 3 statistical uncertainty and fitted-background uncertainty in quadrature.
Draco,Odenkirchen_et_al_2001_Table_3,S2,elliptical_major_axis,5.0,6.0,5.52,110.5,132.60000000000002,121.992,3.142,0.358,0.076,0.0014,3.066,0.35800273741970184,0.006277512745439281,0.0007329963297633172,73.10781414612885,8.536463663106632,0.05845050528508615,0.006824997030536724,0.31,0.69,23.844688240746528,11645.984183663013,stars_per_arcmin2,pc,elliptical_annulus_pi_q_delta_a2,22.1,Production Draco light profile: Odenkirchen et al. 2001 Table 3 S2 with fitted S2 background 0.0760 +/- 0.0014 stars arcmin^-2 subtracted before normalization. Sigma_err combines the Table 3 statistical uncertainty and fitted-background uncertainty in quadrature.
Draco,Odenkirchen_et_al_2001_Table_3,S2,elliptical_major_axis,6.0,7.0,6.52,132.60000000000002,154.70000000000002,144.092,3.452,0.345,0.076,0.0014,3.376,0.34500284056801617,0.006912225384410637,0.0007063795593210952,95.13597068271667,9.722209752882927,0.07606225985743524,0.007773014132357152,0.31,0.69,28.18008610270044,13763.435853419924,stars_per_arcmin2,pc,elliptical_annulus_pi_q_delta_a2,22.1,Production Draco light profile: Odenkirchen et al. 2001 Table 3 S2 with fitted S2 background 0.0760 +/- 0.0014 stars arcmin^-2 subtracted before normalization. Sigma_err combines the Table 3 statistical uncertainty and fitted-background uncertainty in quadrature.
Draco,Odenkirchen_et_al_2001_Table_3,S2,elliptical_major_axis,7.0,8.0,7.52,154.70000000000002,176.8,166.192,2.723,0.285,0.076,0.0014,2.647,0.28500343857574767,0.005419626952765094,0.0005835331761752373,86.06848605444007,9.267024736881076,0.06881270569721715,0.007409088682058116,0.31,0.69,32.51548396465436,15880.887523176838,stars_per_arcmin2,pc,elliptical_annulus_pi_q_delta_a2,22.1,Production Draco light profile: Odenkirchen et al. 2001 Table 3 S2 with fitted S2 background 0.0760 +/- 0.0014 stars arcmin^-2 subtracted before normalization. Sigma_err combines the Table 3 statistical uncertainty and fitted-background uncertainty in quadrature.
Draco,Odenkirchen_et_al_2001_Table_3,S2,elliptical_major_axis,8.0,10.0,9.06,176.8,221.0,200.22600000000003,2.132,0.163,0.076,0.0014,2.056,0.1630060121590612,0.004209578018468089,0.0003337483101473376,160.44440407519045,12.720526498800497,0.1282770740431992,0.01017020150350901,0.31,0.69,78.03716151517045,38114.13005562441,stars_per_arcmin2,pc,elliptical_annulus_pi_q_delta_a2,22.1,Production Draco light profile: Odenkirchen et al. 2001 Table 3 S2 with fitted S2 background 0.0760 +/- 0.0014 stars arcmin^-2 subtracted before normalization. Sigma_err combines the Table 3 statistical uncertainty and fitted-background uncertainty in quadrature.
Draco,Odenkirchen_et_al_2001_Table_3,S2,elliptical_major_axis,10.0,12.0,11.05,221.0,265.20000000000005,244.20500000000004,1.642,0.129,0.076,0.0014,1.5659999999999998,0.12900759667554465,0.003206322556868204,0.0002641379101073783,149.36312714003623,12.304583693665322,0.11941747068029342,0.009837650634442512,0.31,0.69,95.37875296298611,46583.93673465205,stars_per_arcmin2,pc,elliptical_annulus_pi_q_delta_a2,22.1,Production Draco light profile: Odenkirchen et al. 2001 Table 3 S2 with fitted S2 background 0.0760 +/- 0.0014 stars arcmin^-2 subtracted before normalization. Sigma_err combines the Table 3 statistical uncertainty and fitted-background uncertainty in quadrature.
Draco,Odenkirchen_et_al_2001_Table_3,S2,elliptical_major_axis,12.0,14.0,13.04,265.20000000000005,309.40000000000003,288.184,0.941,0.09,0.076,0.0014,0.865,0.090010888230258,0.0017710530087426545,0.00018429370453155748,97.50309791534352,10.146058322036865,0.07795480423777428,0.00811188574711901,0.31,0.69,112.72034441080176,55053.743413679695,stars_per_arcmin2,pc,elliptical_annulus_pi_q_delta_a2,22.1,Production Draco light profile: Odenkirchen et al. 2001 Table 3 S2 with fitted S2 background 0.0760 +/- 0.0014 stars arcmin^-2 subtracted before normalization. Sigma_err combines the Table 3 statistical uncertainty and fitted-background uncertainty in quadrature.
Draco,Odenkirchen_et_al_2001_Table_3,S2,elliptical_major_axis,14.0,16.0,15.03,309.40000000000003,353.6,332.163,0.778,0.076,0.076,0.0014,0.7020000000000001,0.07601289364311821,0.0014373170082512643,0.00015563336877442763,91.30347897274945,9.88638409743915,0.0729981403845054,0.007904273335032509,0.31,0.69,130.06193585861743,63523.55009270735,stars_per_arcmin2,pc,elliptical_annulus_pi_q_delta_a2,22.1,Production Draco light profile: Odenkirchen et al. 2001 Table 3 S2 with fitted S2 background 0.0760 +/- 0.0014 stars arcmin^-2 subtracted before normalization. Sigma_err combines the Table 3 statistical uncertainty and fitted-background uncertainty in quadrature.
Draco,Odenkirchen_et_al_2001_Table_3,S2,elliptical_major_axis,16.0,18.0,17.03,353.6,397.8,376.36300000000006,0.442,0.054,0.076,0.0014,0.366,0.054018145099586676,0.0007493704060113428,0.0001105999981564396,53.9496909941545,7.962465126229788,0.04313337411893566,0.006366078857353616,0.31,0.69,147.40352730643306,71993.35677173498,stars_per_arcmin2,pc,elliptical_annulus_pi_q_delta_a2,22.1,Production Draco light profile: Odenkirchen et al. 2001 Table 3 S2 with fitted S2 background 0.0760 +/- 0.0014 stars arcmin^-2 subtracted before normalization. Sigma_err combines the Table 3 statistical uncertainty and fitted-background uncertainty in quadrature.
Draco,Odenkirchen_et_al_2001_Table_3,S2,elliptical_major_axis,18.0,22.0,20.1,397.8,486.20000000000005,444.21000000000004,0.278,0.028,0.076,0.0014,0.202,0.0280349781523011,0.0004135869453942384,5.7400499892101095e-05,70.06002944917526,9.72342274731287,0.0560137677404372,0.007773983934808043,0.31,0.69,346.83182895631313,169396.13358055294,stars_per_arcmin2,pc,elliptical_annulus_pi_q_delta_a2,22.1,Production Draco light profile: Odenkirchen et al. 2001 Table 3 S2 with fitted S2 background 0.0760 +/- 0.0014 stars arcmin^-2 subtracted before normalization. Sigma_err combines the Table 3 statistical uncertainty and fitted-background uncertainty in quadrature.
Draco,Odenkirchen_et_al_2001_Table_3,S2,elliptical_major_axis,22.0,28.0,25.18,486.20000000000005,618.8000000000001,556.4780000000001,0.18,0.016,0.076,0.0014,0.104,0.01606113321033108,0.00021293585307426133,3.28845298219346e-05,67.63220664648105,10.444710387093956,0.054072696581115104,0.008350661373375997,0.31,0.69,650.3096792930871,317617.75046353677,stars_per_arcmin2,pc,elliptical_annulus_pi_q_delta_a2,22.1,Production Draco light profile: Odenkirchen et al. 2001 Table 3 S2 with fitted S2 background 0.0760 +/- 0.0014 stars arcmin^-2 subtracted before normalization. Sigma_err combines the Table 3 statistical uncertainty and fitted-background uncertainty in quadrature.
Draco,Odenkirchen_et_al_2001_Table_3,S2,elliptical_major_axis,28.0,34.0,31.14,618.8000000000001,751.4000000000001,688.1940000000001,0.11,0.012,0.076,0.0014,0.034,0.012081390648431166,6.961364427427775e-05,2.473616561583744e-05,27.417056078996556,9.742240144714758,0.021920239306344357,0.007789028651971822,0.31,0.69,806.384002323428,393846.0105747855,stars_per_arcmin2,pc,elliptical_annulus_pi_q_delta_a2,22.1,Production Draco light profile: Odenkirchen et al. 2001 Table 3 S2 with fitted S2 background 0.0760 +/- 0.0014 stars arcmin^-2 subtracted before normalization. Sigma_err combines the Table 3 statistical uncertainty and fitted-background uncertainty in quadrature.
Draco,Odenkirchen_et_al_2001_Table_3,S2,elliptical_major_axis,34.0,40.0,37.12,751.4000000000001,884.0,820.352,0.088,0.009,0.076,0.0014,0.011999999999999997,0.009108238029388559,2.456952150856861e-05,1.8648754180685403e-05,11.549499904245224,8.766299520688825,0.009233952800775038,0.007008753338466519,0.31,0.69,962.4583253537689,470074.27068603435,stars_per_arcmin2,pc,elliptical_annulus_pi_q_delta_a2,22.1,Production Draco light profile: Odenkirchen et al. 2001 Table 3 S2 with fitted S2 background 0.0760 +/- 0.0014 stars arcmin^-2 subtracted before normalization. Sigma_err combines the Table 3 statistical uncertainty and fitted-background uncertainty in quadrature.
Draco,Odenkirchen_et_al_2001_Table_3,S2,elliptical_major_axis,40.0,60.0,50.99,884.0,1326.0,1126.8790000000001,0.078,0.004,0.076,0.0014,0.0020000000000000018,0.004237924020083418,4.094920251428107e-06,8.676980446926593e-06,8.670795723907835,18.373086735792786,0.006932396997578865,0.014689485876396808,0.31,0.69,4335.397861953914,2117451.669756911,stars_per_arcmin2,pc,elliptical_annulus_pi_q_delta_a2,22.1,Production Draco light profile: Odenkirchen et al. 2001 Table 3 S2 with fitted S2 background 0.0760 +/- 0.0014 stars arcmin^-2 subtracted before normalization. Sigma_err combines the Table 3 statistical uncertainty and fitted-background uncertainty in quadrature.
