bin_id,galaxy,source,preferred_profile,radius_type,digitized_center_deg,digitized_center_offset_deg,count_digitized,count,count_err,rin_deg,rout_deg,rmid_deg,rin_arcmin,rout_arcmin,rm_arcmin,rin_pc,rout_pc,rm_pc,Sigma,Sigma_err,Sigma_pc2,Sigma_err_pc2,background,background_err,ellipticity,q_axis_ratio,area_arcmin2,area_pc2,Sigma_units,R_units,area_model,pc_per_arcmin_assumed,annulus_width_deg,note
0,Segue1,Niederste-Ostholt_et_al_2009_Fig7_digitized,CMD_mask_number_counts,projected_circular_radius,0.012569186183536937,6.918618353693624e-05,22.57863844440677,23,4.795831523312719,0.0,0.025,0.0125,0.0,1.5,0.75,0.0,10.035643198967396,5.017821599483698,3.2538343921009716,0.678471371707692,0.07269215413117658,0.015157361925208848,0.0,0.0,0.0,1.0,7.0685834705770345,316.402784797041,stars_per_arcmin2,pc,circular_annulus_pi_delta_r2,6.690428799311597,0.025,Digitized Niederste-Ostholt et al. 2009 Fig. 7 stellar number-count profile. Digitized x coordinates are treated as noisy measurements of the centers of fixed 0.025 deg annuli. Exact contiguous annulus edges are reconstructed from that published bin spacing. Digitized counts are rounded to integer tracer counts and assigned Poisson sqrt(N) uncertainties. No additional background subtraction is applied at this source-construction stage.
1,Segue1,Niederste-Ostholt_et_al_2009_Fig7_digitized,CMD_mask_number_counts,projected_circular_radius,0.0375887372829532,8.873728295319405e-05,12.579936722285067,13,3.605551275463989,0.025,0.05,0.037500000000000006,1.5,3.0,2.2500000000000004,10.035643198967396,20.07128639793479,15.053464798451097,0.6130412622798932,0.17002705424040945,0.013695623242105734,0.0037984824499114295,0.0,0.0,0.0,1.0,21.205750411731103,949.2083543911231,stars_per_arcmin2,pc,circular_annulus_pi_delta_r2,6.690428799311597,0.025,Digitized Niederste-Ostholt et al. 2009 Fig. 7 stellar number-count profile. Digitized x coordinates are treated as noisy measurements of the centers of fixed 0.025 deg annuli. Exact contiguous annulus edges are reconstructed from that published bin spacing. Digitized counts are rounded to integer tracer counts and assigned Poisson sqrt(N) uncertainties. No additional background subtraction is applied at this source-construction stage.
2,Segue1,Niederste-Ostholt_et_al_2009_Fig7_digitized,CMD_mask_number_counts,projected_circular_radius,0.06296166618837665,0.0004616661883766471,9.565493820902448,10,3.1622776601683795,0.05,0.07500000000000001,0.0625,3.0,4.500000000000001,3.75,20.07128639793479,30.106929596902194,25.089107997418488,0.2829421210522582,0.08947415485242134,0.006321056880971872,0.0019988936963350966,0.0,0.0,0.0,1.0,35.342917352885195,1582.013923985206,stars_per_arcmin2,pc,circular_annulus_pi_delta_r2,6.690428799311597,0.025,Digitized Niederste-Ostholt et al. 2009 Fig. 7 stellar number-count profile. Digitized x coordinates are treated as noisy measurements of the centers of fixed 0.025 deg annuli. Exact contiguous annulus edges are reconstructed from that published bin spacing. Digitized counts are rounded to integer tracer counts and assigned Poisson sqrt(N) uncertainties. No additional background subtraction is applied at this source-construction stage.
3,Segue1,Niederste-Ostholt_et_al_2009_Fig7_digitized,CMD_mask_number_counts,projected_circular_radius,0.08801825379040588,0.0005182537904058759,4.562091454239851,5,2.23606797749979,0.07500000000000001,0.1,0.08750000000000001,4.500000000000001,6.0,5.250000000000001,30.106929596902194,40.14257279586958,35.124751196385894,0.10105075751866376,0.045191272597916034,0.002257520314632814,0.0010095937768211372,0.0,0.0,0.0,1.0,49.480084294039216,2214.819493579286,stars_per_arcmin2,pc,circular_annulus_pi_delta_r2,6.690428799311597,0.025,Digitized Niederste-Ostholt et al. 2009 Fig. 7 stellar number-count profile. Digitized x coordinates are treated as noisy measurements of the centers of fixed 0.025 deg annuli. Exact contiguous annulus edges are reconstructed from that published bin spacing. Digitized counts are rounded to integer tracer counts and assigned Poisson sqrt(N) uncertainties. No additional background subtraction is applied at this source-construction stage.
4,Segue1,Niederste-Ostholt_et_al_2009_Fig7_digitized,CMD_mask_number_counts,projected_circular_radius,0.11361279699791112,0.001112796997911114,4.143461845447288,4,2.0,0.1,0.125,0.1125,6.0,7.5,6.75,40.14257279586958,50.178215994836975,45.16039439535328,0.06287602690050187,0.031438013450250935,0.0014046793068826393,0.0007023396534413197,0.0,0.0,0.0,1.0,63.61725123519331,2847.625063173369,stars_per_arcmin2,pc,circular_annulus_pi_delta_r2,6.690428799311597,0.025,Digitized Niederste-Ostholt et al. 2009 Fig. 7 stellar number-count profile. Digitized x coordinates are treated as noisy measurements of the centers of fixed 0.025 deg annuli. Exact contiguous annulus edges are reconstructed from that published bin spacing. Digitized counts are rounded to integer tracer counts and assigned Poisson sqrt(N) uncertainties. No additional background subtraction is applied at this source-construction stage.
5,Segue1,Niederste-Ostholt_et_al_2009_Fig7_digitized,CMD_mask_number_counts,projected_circular_radius,0.13905514650723774,0.0015551465072377313,3.573178090491706,4,2.0,0.125,0.15000000000000002,0.1375,7.5,9.000000000000002,8.25,50.178215994836975,60.21385919380439,55.19603759432068,0.05144402200950146,0.02572201100475073,0.0011492830692676126,0.0005746415346338063,0.0,0.0,0.0,1.0,77.75441817634747,3480.4306327674553,stars_per_arcmin2,pc,circular_annulus_pi_delta_r2,6.690428799311597,0.025,Digitized Niederste-Ostholt et al. 2009 Fig. 7 stellar number-count profile. Digitized x coordinates are treated as noisy measurements of the centers of fixed 0.025 deg annuli. Exact contiguous annulus edges are reconstructed from that published bin spacing. Digitized counts are rounded to integer tracer counts and assigned Poisson sqrt(N) uncertainties. No additional background subtraction is applied at this source-construction stage.
6,Segue1,Niederste-Ostholt_et_al_2009_Fig7_digitized,CMD_mask_number_counts,projected_circular_radius,0.16485042429821573,0.0023504242982157197,3.3676828844487443,3,1.7320508075688772,0.15000000000000002,0.17500000000000002,0.1625,9.000000000000002,10.500000000000002,9.75,60.21385919380439,70.24950239277179,65.23168079328808,0.03264716781372211,0.018848851125531342,0.0007293527170352162,0.00042109198751446697,0.0,0.0,0.0,1.0,91.89158511750149,4113.236202361535,stars_per_arcmin2,pc,circular_annulus_pi_delta_r2,6.690428799311597,0.025,Digitized Niederste-Ostholt et al. 2009 Fig. 7 stellar number-count profile. Digitized x coordinates are treated as noisy measurements of the centers of fixed 0.025 deg annuli. Exact contiguous annulus edges are reconstructed from that published bin spacing. Digitized counts are rounded to integer tracer counts and assigned Poisson sqrt(N) uncertainties. No additional background subtraction is applied at this source-construction stage.
7,Segue1,Niederste-Ostholt_et_al_2009_Fig7_digitized,CMD_mask_number_counts,projected_circular_radius,0.18729117790812688,-0.00020882209187311762,3.0586553731427264,3,1.7320508075688772,0.17500000000000002,0.2,0.1875,10.500000000000002,12.0,11.25,70.24950239277179,80.28514559173917,75.26732399225547,0.028294212105225872,0.016335670975460525,0.0006321056880971884,0.00036494638917920535,0.0,0.0,0.0,1.0,106.02875205865539,4746.041771955609,stars_per_arcmin2,pc,circular_annulus_pi_delta_r2,6.690428799311597,0.025,Digitized Niederste-Ostholt et al. 2009 Fig. 7 stellar number-count profile. Digitized x coordinates are treated as noisy measurements of the centers of fixed 0.025 deg annuli. Exact contiguous annulus edges are reconstructed from that published bin spacing. Digitized counts are rounded to integer tracer counts and assigned Poisson sqrt(N) uncertainties. No additional background subtraction is applied at this source-construction stage.
8,Segue1,Niederste-Ostholt_et_al_2009_Fig7_digitized,CMD_mask_number_counts,projected_circular_radius,0.21506191587688916,0.0025619158768891426,2.3604258041616304,2,1.4142135623730951,0.2,0.225,0.21250000000000002,12.0,13.5,12.750000000000002,80.28514559173917,90.32078879070656,85.30296719122288,0.01664365417954461,0.011768840734079819,0.0003718268753512868,0.0002629213049883001,0.0,0.0,0.0,1.0,120.16591899980959,5378.847341549697,stars_per_arcmin2,pc,circular_annulus_pi_delta_r2,6.690428799311597,0.025,Digitized Niederste-Ostholt et al. 2009 Fig. 7 stellar number-count profile. Digitized x coordinates are treated as noisy measurements of the centers of fixed 0.025 deg annuli. Exact contiguous annulus edges are reconstructed from that published bin spacing. Digitized counts are rounded to integer tracer counts and assigned Poisson sqrt(N) uncertainties. No additional background subtraction is applied at this source-construction stage.
9,Segue1,Niederste-Ostholt_et_al_2009_Fig7_digitized,CMD_mask_number_counts,projected_circular_radius,0.23792682981781343,0.0004268298178134178,2.241208779755002,2,1.4142135623730951,0.225,0.25,0.23750000000000002,13.5,15.0,14.250000000000002,90.32078879070656,100.35643198967395,95.33861039019027,0.01489169058169781,0.010530015393650364,0.00033268720426167774,0.0002352453781474264,0.0,0.0,0.0,1.0,134.30308594096365,6011.652911143779,stars_per_arcmin2,pc,circular_annulus_pi_delta_r2,6.690428799311597,0.025,Digitized Niederste-Ostholt et al. 2009 Fig. 7 stellar number-count profile. Digitized x coordinates are treated as noisy measurements of the centers of fixed 0.025 deg annuli. Exact contiguous annulus edges are reconstructed from that published bin spacing. Digitized counts are rounded to integer tracer counts and assigned Poisson sqrt(N) uncertainties. No additional background subtraction is applied at this source-construction stage.
10,Segue1,Niederste-Ostholt_et_al_2009_Fig7_digitized,CMD_mask_number_counts,projected_circular_radius,0.2646261719898845,0.002126171989884462,3.081385117712285,3,1.7320508075688772,0.25,0.275,0.2625,15.0,16.5,15.75,100.35643198967395,110.39207518864136,105.37425358915766,0.020210151503732742,0.011668336411043216,0.00045150406292656265,0.0002606759922708606,0.0,0.0,0.0,1.0,148.44025288211773,6644.4584807378615,stars_per_arcmin2,pc,circular_annulus_pi_delta_r2,6.690428799311597,0.025,Digitized Niederste-Ostholt et al. 2009 Fig. 7 stellar number-count profile. Digitized x coordinates are treated as noisy measurements of the centers of fixed 0.025 deg annuli. Exact contiguous annulus edges are reconstructed from that published bin spacing. Digitized counts are rounded to integer tracer counts and assigned Poisson sqrt(N) uncertainties. No additional background subtraction is applied at this source-construction stage.
11,Segue1,Niederste-Ostholt_et_al_2009_Fig7_digitized,CMD_mask_number_counts,projected_circular_radius,0.28966349365332233,0.0021634936533223015,2.7779850456989377,3,1.7320508075688772,0.275,0.30000000000000004,0.28750000000000003,16.5,18.000000000000004,17.250000000000004,110.39207518864136,120.42771838760878,115.40989678812508,0.018452747025147244,0.010653698462256828,0.0004122428400633823,0.00023800851468208965,0.0,0.0,0.0,1.0,162.57741982327215,7277.26405033196,stars_per_arcmin2,pc,circular_annulus_pi_delta_r2,6.690428799311597,0.025,Digitized Niederste-Ostholt et al. 2009 Fig. 7 stellar number-count profile. Digitized x coordinates are treated as noisy measurements of the centers of fixed 0.025 deg annuli. Exact contiguous annulus edges are reconstructed from that published bin spacing. Digitized counts are rounded to integer tracer counts and assigned Poisson sqrt(N) uncertainties. No additional background subtraction is applied at this source-construction stage.
12,Segue1,Niederste-Ostholt_et_al_2009_Fig7_digitized,CMD_mask_number_counts,projected_circular_radius,0.31538807296918114,0.0028880729691811435,2.7779850456989377,3,1.7320508075688772,0.30000000000000004,0.325,0.3125,18.000000000000004,19.5,18.75,120.42771838760878,130.46336158657616,125.44553998709245,0.016976527263135536,0.009801402585276321,0.0003792634128583133,0.00021896783350752334,0.0,0.0,0.0,1.0,176.71458676442552,7910.06961992601,stars_per_arcmin2,pc,circular_annulus_pi_delta_r2,6.690428799311597,0.025,Digitized Niederste-Ostholt et al. 2009 Fig. 7 stellar number-count profile. Digitized x coordinates are treated as noisy measurements of the centers of fixed 0.025 deg annuli. Exact contiguous annulus edges are reconstructed from that published bin spacing. Digitized counts are rounded to integer tracer counts and assigned Poisson sqrt(N) uncertainties. No additional background subtraction is applied at this source-construction stage.
13,Segue1,Niederste-Ostholt_et_al_2009_Fig7_digitized,CMD_mask_number_counts,projected_circular_radius,0.3379623803396728,0.00046238033967277437,3.22135498219534,3,1.7320508075688772,0.325,0.35000000000000003,0.3375,19.5,21.000000000000004,20.25,130.46336158657616,140.49900478554358,135.48118318605984,0.015719006725125422,0.009075372764144699,0.00035116982672065886,0.0002027479939884466,0.0,0.0,0.0,1.0,190.85175370558048,8542.875189520131,stars_per_arcmin2,pc,circular_annulus_pi_delta_r2,6.690428799311597,0.025,Digitized Niederste-Ostholt et al. 2009 Fig. 7 stellar number-count profile. Digitized x coordinates are treated as noisy measurements of the centers of fixed 0.025 deg annuli. Exact contiguous annulus edges are reconstructed from that published bin spacing. Digitized counts are rounded to integer tracer counts and assigned Poisson sqrt(N) uncertainties. No additional background subtraction is applied at this source-construction stage.
14,Segue1,Niederste-Ostholt_et_al_2009_Fig7_digitized,CMD_mask_number_counts,projected_circular_radius,0.3640834382302378,0.0015834382302377659,2.8614860951082934,3,1.7320508075688772,0.35000000000000003,0.375,0.36250000000000004,21.000000000000004,22.5,21.750000000000004,140.49900478554358,150.53464798451094,145.51682638502726,0.014634937295806505,0.008449484987307179,0.0003269512179813048,0.00018876537371338232,0.0,0.0,0.0,1.0,204.98892064673348,9175.680759114166,stars_per_arcmin2,pc,circular_annulus_pi_delta_r2,6.690428799311597,0.025,Digitized Niederste-Ostholt et al. 2009 Fig. 7 stellar number-count profile. Digitized x coordinates are treated as noisy measurements of the centers of fixed 0.025 deg annuli. Exact contiguous annulus edges are reconstructed from that published bin spacing. Digitized counts are rounded to integer tracer counts and assigned Poisson sqrt(N) uncertainties. No additional background subtraction is applied at this source-construction stage.
15,Segue1,Niederste-Ostholt_et_al_2009_Fig7_digitized,CMD_mask_number_counts,projected_circular_radius,0.38807400232069394,0.0005740023206939338,2.7779850456989377,3,1.7320508075688772,0.375,0.4,0.3875,22.5,24.0,23.25,150.53464798451094,160.57029118347833,155.55246958399462,0.013690747792851213,0.007904356923609922,0.00030585759101476825,0.0001765869625060669,0.0,0.0,0.0,1.0,219.12608758788807,9808.486328708272,stars_per_arcmin2,pc,circular_annulus_pi_delta_r2,6.690428799311597,0.025,Digitized Niederste-Ostholt et al. 2009 Fig. 7 stellar number-count profile. Digitized x coordinates are treated as noisy measurements of the centers of fixed 0.025 deg annuli. Exact contiguous annulus edges are reconstructed from that published bin spacing. Digitized counts are rounded to integer tracer counts and assigned Poisson sqrt(N) uncertainties. No additional background subtraction is applied at this source-construction stage.
16,Segue1,Niederste-Ostholt_et_al_2009_Fig7_digitized,CMD_mask_number_counts,projected_circular_radius,0.413645377579535,0.0011453775795349785,2.677026887172629,3,1.7320508075688772,0.4,0.42500000000000004,0.41250000000000003,24.0,25.500000000000004,24.750000000000004,160.57029118347833,170.60593438244575,165.58811278296204,0.012861005502375341,0.007425304988845661,0.0002873207673169026,0.00016588472235418353,0.0,0.0,0.0,1.0,233.26325452904285,10441.291898302386,stars_per_arcmin2,pc,circular_annulus_pi_delta_r2,6.690428799311597,0.025,Digitized Niederste-Ostholt et al. 2009 Fig. 7 stellar number-count profile. Digitized x coordinates are treated as noisy measurements of the centers of fixed 0.025 deg annuli. Exact contiguous annulus edges are reconstructed from that published bin spacing. Digitized counts are rounded to integer tracer counts and assigned Poisson sqrt(N) uncertainties. No additional background subtraction is applied at this source-construction stage.
17,Segue1,Niederste-Ostholt_et_al_2009_Fig7_digitized,CMD_mask_number_counts,projected_circular_radius,0.4385633469336485,0.0010633469336485124,3.1273525958153403,3,1.7320508075688772,0.42500000000000004,0.45,0.4375,25.500000000000004,27.0,26.25,170.60593438244575,180.64157758141312,175.62375598192943,0.012126090902239681,0.007001001846625951,0.0002709024377559384,0.00015640559536251686,0.0,0.0,0.0,1.0,247.40042147019548,11074.097467896403,stars_per_arcmin2,pc,circular_annulus_pi_delta_r2,6.690428799311597,0.025,Digitized Niederste-Ostholt et al. 2009 Fig. 7 stellar number-count profile. Digitized x coordinates are treated as noisy measurements of the centers of fixed 0.025 deg annuli. Exact contiguous annulus edges are reconstructed from that published bin spacing. Digitized counts are rounded to integer tracer counts and assigned Poisson sqrt(N) uncertainties. No additional background subtraction is applied at this source-construction stage.
18,Segue1,Niederste-Ostholt_et_al_2009_Fig7_digitized,CMD_mask_number_counts,projected_circular_radius,0.4649823730634131,0.0024823730634130903,2.9041731642003725,3,1.7320508075688772,0.45,0.47500000000000003,0.4625,27.0,28.500000000000004,27.75,180.64157758141312,190.67722078038054,185.65939918089683,0.011470626529145577,0.006622569314375862,0.00025625906274210237,0.00014795123885643401,0.0,0.0,0.0,1.0,261.537588411351,11706.90303749055,stars_per_arcmin2,pc,circular_annulus_pi_delta_r2,6.690428799311597,0.025,Digitized Niederste-Ostholt et al. 2009 Fig. 7 stellar number-count profile. Digitized x coordinates are treated as noisy measurements of the centers of fixed 0.025 deg annuli. Exact contiguous annulus edges are reconstructed from that published bin spacing. Digitized counts are rounded to integer tracer counts and assigned Poisson sqrt(N) uncertainties. No additional background subtraction is applied at this source-construction stage.
19,Segue1,Niederste-Ostholt_et_al_2009_Fig7_digitized,CMD_mask_number_counts,projected_circular_radius,0.49299287952669224,0.005492879526692196,3.269410502342777,3,1.7320508075688772,0.47500000000000003,0.5,0.48750000000000004,28.500000000000004,30.0,29.250000000000004,190.67722078038054,200.7128639793479,195.69504237986425,0.010882389271240736,0.006282950375177134,0.0002431175723450728,0.00014036399583815612,0.0,0.0,0.0,1.0,275.6747553525036,12339.708607084567,stars_per_arcmin2,pc,circular_annulus_pi_delta_r2,6.690428799311597,0.025,Digitized Niederste-Ostholt et al. 2009 Fig. 7 stellar number-count profile. Digitized x coordinates are treated as noisy measurements of the centers of fixed 0.025 deg annuli. Exact contiguous annulus edges are reconstructed from that published bin spacing. Digitized counts are rounded to integer tracer counts and assigned Poisson sqrt(N) uncertainties. No additional background subtraction is applied at this source-construction stage.
20,Segue1,Niederste-Ostholt_et_al_2009_Fig7_digitized,CMD_mask_number_counts,projected_circular_radius,0.5199185764756611,0.007418576475661021,2.677026887172629,3,1.7320508075688772,0.5,0.525,0.5125000000000001,30.0,31.5,30.750000000000004,200.7128639793479,210.74850717831532,205.73068557883164,0.010351541014107013,0.005976464991022136,0.0002312581785721418,0.0001335169716509286,0.0,0.0,0.0,1.0,289.8119222936584,12972.514176678682,stars_per_arcmin2,pc,circular_annulus_pi_delta_r2,6.690428799311597,0.025,Digitized Niederste-Ostholt et al. 2009 Fig. 7 stellar number-count profile. Digitized x coordinates are treated as noisy measurements of the centers of fixed 0.025 deg annuli. Exact contiguous annulus edges are reconstructed from that published bin spacing. Digitized counts are rounded to integer tracer counts and assigned Poisson sqrt(N) uncertainties. No additional background subtraction is applied at this source-construction stage.
21,Segue1,Niederste-Ostholt_et_al_2009_Fig7_digitized,CMD_mask_number_counts,projected_circular_radius,0.5454068074781152,0.00790680747811523,3.269410502342777,3,1.7320508075688772,0.525,0.55,0.5375,31.5,33.0,32.25,210.74850717831532,220.7841503772827,215.766328777799,0.00987007399019506,0.005698489875160641,0.00022050198421994917,0.00012730687994623428,0.0,0.0,0.0,1.0,303.9490892348125,13605.319746272764,stars_per_arcmin2,pc,circular_annulus_pi_delta_r2,6.690428799311597,0.025,Digitized Niederste-Ostholt et al. 2009 Fig. 7 stellar number-count profile. Digitized x coordinates are treated as noisy measurements of the centers of fixed 0.025 deg annuli. Exact contiguous annulus edges are reconstructed from that published bin spacing. Digitized counts are rounded to integer tracer counts and assigned Poisson sqrt(N) uncertainties. No additional background subtraction is applied at this source-construction stage.
22,Segue1,Niederste-Ostholt_et_al_2009_Fig7_digitized,CMD_mask_number_counts,projected_circular_radius,0.5660917634715475,0.003591763471547549,2.005629938713465,2,1.4142135623730951,0.55,0.5750000000000001,0.5625,33.0,34.50000000000001,33.75,220.7841503772827,230.81979357625016,225.8019719767664,0.006287602690050157,0.004446006499541245,0.00014046793068826327,9.932582632891292e-05,0.0,0.0,0.0,1.0,318.086256175968,14238.125315866911,stars_per_arcmin2,pc,circular_annulus_pi_delta_r2,6.690428799311597,0.025,Digitized Niederste-Ostholt et al. 2009 Fig. 7 stellar number-count profile. Digitized x coordinates are treated as noisy measurements of the centers of fixed 0.025 deg annuli. Exact contiguous annulus edges are reconstructed from that published bin spacing. Digitized counts are rounded to integer tracer counts and assigned Poisson sqrt(N) uncertainties. No additional background subtraction is applied at this source-construction stage.
23,Segue1,Niederste-Ostholt_et_al_2009_Fig7_digitized,CMD_mask_number_counts,projected_circular_radius,0.5970098880561779,0.009509888056177918,2.050676271068682,2,1.4142135623730951,0.5750000000000001,0.6000000000000001,0.5875,34.50000000000001,36.00000000000001,35.25,230.81979357625016,240.85543677521756,235.8376151757338,0.006020045128771455,0.004256814733603339,0.00013449057193557184,9.509919542130004e-05,0.0,0.0,0.0,1.0,332.2234231171206,14870.930885460926,stars_per_arcmin2,pc,circular_annulus_pi_delta_r2,6.690428799311597,0.025,Digitized Niederste-Ostholt et al. 2009 Fig. 7 stellar number-count profile. Digitized x coordinates are treated as noisy measurements of the centers of fixed 0.025 deg annuli. Exact contiguous annulus edges are reconstructed from that published bin spacing. Digitized counts are rounded to integer tracer counts and assigned Poisson sqrt(N) uncertainties. No additional background subtraction is applied at this source-construction stage.
24,Segue1,Niederste-Ostholt_et_al_2009_Fig7_digitized,CMD_mask_number_counts,projected_circular_radius,0.622955859046766,0.010455859046765936,2.485984361332522,2,1.4142135623730951,0.6000000000000001,0.625,0.6125,36.00000000000001,37.5,36.75,240.85543677521756,250.8910799741849,245.8732583747012,0.005774329001066522,0.004083067193456281,0.0001290011608361613,9.121759560818612e-05,0.0,0.0,0.0,1.0,346.36059005827326,15503.736455054946,stars_per_arcmin2,pc,circular_annulus_pi_delta_r2,6.690428799311597,0.025,Digitized Niederste-Ostholt et al. 2009 Fig. 7 stellar number-count profile. Digitized x coordinates are treated as noisy measurements of the centers of fixed 0.025 deg annuli. Exact contiguous annulus edges are reconstructed from that published bin spacing. Digitized counts are rounded to integer tracer counts and assigned Poisson sqrt(N) uncertainties. No additional background subtraction is applied at this source-construction stage.
25,Segue1,Niederste-Ostholt_et_al_2009_Fig7_digitized,CMD_mask_number_counts,projected_circular_radius,0.6431526860548238,0.005652686054823719,2.8614860951082934,3,1.7320508075688772,0.625,0.65,0.6375000000000001,37.5,39.0,38.25000000000001,250.8910799741849,260.9267231731523,255.90890157366863,0.008321827089772306,0.00480460911042956,0.00018591343767564346,0.00010733717328800144,0.0,0.0,0.0,1.0,360.49775699942876,16136.542024649092,stars_per_arcmin2,pc,circular_annulus_pi_delta_r2,6.690428799311597,0.025,Digitized Niederste-Ostholt et al. 2009 Fig. 7 stellar number-count profile. Digitized x coordinates are treated as noisy measurements of the centers of fixed 0.025 deg annuli. Exact contiguous annulus edges are reconstructed from that published bin spacing. Digitized counts are rounded to integer tracer counts and assigned Poisson sqrt(N) uncertainties. No additional background subtraction is applied at this source-construction stage.
26,Segue1,Niederste-Ostholt_et_al_2009_Fig7_digitized,CMD_mask_number_counts,projected_circular_radius,0.6675447266852218,0.005044726685221712,2.3779668047186373,2,1.4142135623730951,0.65,0.675,0.6625000000000001,39.0,40.5,39.75000000000001,260.9267231731523,270.9623663721197,265.94454477263605,0.005338530585891668,0.003774911178855791,0.00011926522416928069,8.433324876983211e-05,0.0,0.0,0.0,1.0,374.63492394058284,16769.347594243176,stars_per_arcmin2,pc,circular_annulus_pi_delta_r2,6.690428799311597,0.025,Digitized Niederste-Ostholt et al. 2009 Fig. 7 stellar number-count profile. Digitized x coordinates are treated as noisy measurements of the centers of fixed 0.025 deg annuli. Exact contiguous annulus edges are reconstructed from that published bin spacing. Digitized counts are rounded to integer tracer counts and assigned Poisson sqrt(N) uncertainties. No additional background subtraction is applied at this source-construction stage.
27,Segue1,Niederste-Ostholt_et_al_2009_Fig7_digitized,CMD_mask_number_counts,projected_circular_radius,0.692861853471699,0.005361853471699041,2.6572798789192595,3,1.7320508075688772,0.675,0.7000000000000001,0.6875,40.5,42.00000000000001,41.25,270.9623663721197,280.99800957108715,275.98018797160336,0.007716603301425187,0.004455182993307386,0.00017239246039014116,9.953083341250989e-05,0.0,0.0,0.0,1.0,388.772090881739,17402.153163837353,stars_per_arcmin2,pc,circular_annulus_pi_delta_r2,6.690428799311597,0.025,Digitized Niederste-Ostholt et al. 2009 Fig. 7 stellar number-count profile. Digitized x coordinates are treated as noisy measurements of the centers of fixed 0.025 deg annuli. Exact contiguous annulus edges are reconstructed from that published bin spacing. Digitized counts are rounded to integer tracer counts and assigned Poisson sqrt(N) uncertainties. No additional background subtraction is applied at this source-construction stage.
28,Segue1,Niederste-Ostholt_et_al_2009_Fig7_digitized,CMD_mask_number_counts,projected_circular_radius,0.7115312772040632,-0.0009687227959368494,2.618221777568182,3,1.7320508075688772,0.7000000000000001,0.7250000000000001,0.7125,42.00000000000001,43.50000000000001,42.75,280.99800957108715,291.0336527700545,286.0158311705708,0.007445845290848904,0.004298860783015922,0.00016634360213083884,9.60385234682118e-05,0.0,0.0,0.0,1.0,402.909257822891,18034.95873343134,stars_per_arcmin2,pc,circular_annulus_pi_delta_r2,6.690428799311597,0.025,Digitized Niederste-Ostholt et al. 2009 Fig. 7 stellar number-count profile. Digitized x coordinates are treated as noisy measurements of the centers of fixed 0.025 deg annuli. Exact contiguous annulus edges are reconstructed from that published bin spacing. Digitized counts are rounded to integer tracer counts and assigned Poisson sqrt(N) uncertainties. No additional background subtraction is applied at this source-construction stage.
29,Segue1,Niederste-Ostholt_et_al_2009_Fig7_digitized,CMD_mask_number_counts,projected_circular_radius,0.7385166264060111,0.0010166264060110786,2.413440831122338,2,1.4142135623730951,0.7250000000000001,0.75,0.7375,43.50000000000001,45.0,44.25,291.0336527700545,301.0692959690219,296.0514743695382,0.004795629170377285,0.0033910219064297955,0.00010713655730460863,7.57569861830699e-05,0.0,0.0,0.0,1.0,417.0464247640429,18667.764303025324,stars_per_arcmin2,pc,circular_annulus_pi_delta_r2,6.690428799311597,0.025,Digitized Niederste-Ostholt et al. 2009 Fig. 7 stellar number-count profile. Digitized x coordinates are treated as noisy measurements of the centers of fixed 0.025 deg annuli. Exact contiguous annulus edges are reconstructed from that published bin spacing. Digitized counts are rounded to integer tracer counts and assigned Poisson sqrt(N) uncertainties. No additional background subtraction is applied at this source-construction stage.
30,Segue1,Niederste-Ostholt_et_al_2009_Fig7_digitized,CMD_mask_number_counts,projected_circular_radius,0.7747213000312297,0.012221300031229676,2.5989085434357477,3,1.7320508075688772,0.75,0.775,0.7625000000000001,45.0,46.5,45.75000000000001,301.0692959690219,311.10493916798924,306.0871175685056,0.006957593140629305,0.004016968272654222,0.0001554358249419314,8.974091537193563e-05,0.0,0.0,0.0,1.0,431.1835917051991,19300.5698726195,stars_per_arcmin2,pc,circular_annulus_pi_delta_r2,6.690428799311597,0.025,Digitized Niederste-Ostholt et al. 2009 Fig. 7 stellar number-count profile. Digitized x coordinates are treated as noisy measurements of the centers of fixed 0.025 deg annuli. Exact contiguous annulus edges are reconstructed from that published bin spacing. Digitized counts are rounded to integer tracer counts and assigned Poisson sqrt(N) uncertainties. No additional background subtraction is applied at this source-construction stage.
31,Segue1,Niederste-Ostholt_et_al_2009_Fig7_digitized,CMD_mask_number_counts,projected_circular_radius,0.7955964573981691,0.008096457398168999,2.343014194267241,2,1.4142135623730951,0.775,0.8,0.7875000000000001,46.5,48.0,47.25000000000001,311.10493916798924,321.14058236695666,316.12276076747304,0.004491144778607276,0.0031757189282437606,0.0001003342362059028,7.094701880636668e-05,0.0,0.0,0.0,1.0,445.32075864635317,19933.375442213583,stars_per_arcmin2,pc,circular_annulus_pi_delta_r2,6.690428799311597,0.025,Digitized Niederste-Ostholt et al. 2009 Fig. 7 stellar number-count profile. Digitized x coordinates are treated as noisy measurements of the centers of fixed 0.025 deg annuli. Exact contiguous annulus edges are reconstructed from that published bin spacing. Digitized counts are rounded to integer tracer counts and assigned Poisson sqrt(N) uncertainties. No additional background subtraction is applied at this source-construction stage.
32,Segue1,Niederste-Ostholt_et_al_2009_Fig7_digitized,CMD_mask_number_counts,projected_circular_radius,0.8213904583453353,0.008890458345335306,2.2578638444406787,2,1.4142135623730951,0.8,0.8250000000000001,0.8125,48.0,49.50000000000001,48.75,321.14058236695666,331.1762255659241,326.15840396644035,0.004352955708496256,0.0030780044996823954,9.724702893802827e-05,6.876403361232422e-05,0.0,0.0,0.0,1.0,459.4579255875101,20566.181011807792,stars_per_arcmin2,pc,circular_annulus_pi_delta_r2,6.690428799311597,0.025,Digitized Niederste-Ostholt et al. 2009 Fig. 7 stellar number-count profile. Digitized x coordinates are treated as noisy measurements of the centers of fixed 0.025 deg annuli. Exact contiguous annulus edges are reconstructed from that published bin spacing. Digitized counts are rounded to integer tracer counts and assigned Poisson sqrt(N) uncertainties. No additional background subtraction is applied at this source-construction stage.
33,Segue1,Niederste-Ostholt_et_al_2009_Fig7_digitized,CMD_mask_number_counts,projected_circular_radius,0.8480207255662825,0.010520725566282474,2.5230697717335873,3,1.7320508075688772,0.8250000000000001,0.8500000000000001,0.8375,49.50000000000001,51.00000000000001,50.25,331.1762255659241,341.2118687648915,336.19404716540777,0.006334525098184889,0.0036572397706254862,0.00014151619882772856,8.170441548788169e-05,0.0,0.0,0.0,1.0,473.5950925286613,21198.98658140175,stars_per_arcmin2,pc,circular_annulus_pi_delta_r2,6.690428799311597,0.025,Digitized Niederste-Ostholt et al. 2009 Fig. 7 stellar number-count profile. Digitized x coordinates are treated as noisy measurements of the centers of fixed 0.025 deg annuli. Exact contiguous annulus edges are reconstructed from that published bin spacing. Digitized counts are rounded to integer tracer counts and assigned Poisson sqrt(N) uncertainties. No additional background subtraction is applied at this source-construction stage.
34,Segue1,Niederste-Ostholt_et_al_2009_Fig7_digitized,CMD_mask_number_counts,projected_circular_radius,0.8708709635756273,0.008370963575627277,2.0812678436848273,2,1.4142135623730951,0.8500000000000001,0.875,0.8625,51.00000000000001,52.5,51.75,341.2118687648915,351.24751196385887,346.22969036437513,0.004100610450032754,0.0028995694562225813,9.16095200140857e-05,6.477771282320475e-05,0.0,0.0,0.0,1.0,487.7322594698125,21831.7921509957,stars_per_arcmin2,pc,circular_annulus_pi_delta_r2,6.690428799311597,0.025,Digitized Niederste-Ostholt et al. 2009 Fig. 7 stellar number-count profile. Digitized x coordinates are treated as noisy measurements of the centers of fixed 0.025 deg annuli. Exact contiguous annulus edges are reconstructed from that published bin spacing. Digitized counts are rounded to integer tracer counts and assigned Poisson sqrt(N) uncertainties. No additional background subtraction is applied at this source-construction stage.
35,Segue1,Niederste-Ostholt_et_al_2009_Fig7_digitized,CMD_mask_number_counts,projected_circular_radius,0.8991054362790251,0.011605436279024994,2.035549519281534,2,1.4142135623730951,0.875,0.9,0.8875000000000001,52.5,54.0,53.25000000000001,351.24751196385887,361.28315516282623,356.2653335633426,0.0039851002965106816,0.0028178914433712246,8.902897015453348e-05,6.295298851832539e-05,0.0,0.0,0.0,1.0,501.8694264109694,22464.59772058991,stars_per_arcmin2,pc,circular_annulus_pi_delta_r2,6.690428799311597,0.025,Digitized Niederste-Ostholt et al. 2009 Fig. 7 stellar number-count profile. Digitized x coordinates are treated as noisy measurements of the centers of fixed 0.025 deg annuli. Exact contiguous annulus edges are reconstructed from that published bin spacing. Digitized counts are rounded to integer tracer counts and assigned Poisson sqrt(N) uncertainties. No additional background subtraction is applied at this source-construction stage.
36,Segue1,Niederste-Ostholt_et_al_2009_Fig7_digitized,CMD_mask_number_counts,projected_circular_radius,0.9184351549071657,0.005935154907165563,2.5797377727935524,3,1.7320508075688772,0.9,0.925,0.9125000000000001,54.0,55.5,54.75000000000001,361.28315516282623,371.31879836179365,366.30097676231,0.005813879199703939,0.003356644720985035,0.00012988473043092896,7.498898407791881e-05,0.0,0.0,0.0,1.0,516.0065933521236,23097.403290183996,stars_per_arcmin2,pc,circular_annulus_pi_delta_r2,6.690428799311597,0.025,Digitized Niederste-Ostholt et al. 2009 Fig. 7 stellar number-count profile. Digitized x coordinates are treated as noisy measurements of the centers of fixed 0.025 deg annuli. Exact contiguous annulus edges are reconstructed from that published bin spacing. Digitized counts are rounded to integer tracer counts and assigned Poisson sqrt(N) uncertainties. No additional background subtraction is applied at this source-construction stage.
37,Segue1,Niederste-Ostholt_et_al_2009_Fig7_digitized,CMD_mask_number_counts,projected_circular_radius,0.9482117043566936,0.010711704356693552,2.7779850456989377,3,1.7320508075688772,0.925,0.9500000000000001,0.9375,55.5,57.00000000000001,56.25,371.31879836179365,381.3544415607611,376.33661996127734,0.005658842421045137,0.003267134195092083,0.00012642113761943686,7.298927783584059e-05,0.0,0.0,0.0,1.0,530.1437602932805,23730.208859778206,stars_per_arcmin2,pc,circular_annulus_pi_delta_r2,6.690428799311597,0.025,Digitized Niederste-Ostholt et al. 2009 Fig. 7 stellar number-count profile. Digitized x coordinates are treated as noisy measurements of the centers of fixed 0.025 deg annuli. Exact contiguous annulus edges are reconstructed from that published bin spacing. Digitized counts are rounded to integer tracer counts and assigned Poisson sqrt(N) uncertainties. No additional background subtraction is applied at this source-construction stage.
38,Segue1,Niederste-Ostholt_et_al_2009_Fig7_digitized,CMD_mask_number_counts,projected_circular_radius,0.9737616260444301,0.01126162604443004,2.224676570652654,2,1.4142135623730951,0.9500000000000001,0.9750000000000001,0.9625,57.00000000000001,58.50000000000001,57.75,381.3544415607611,391.3900847597285,386.37226316024476,0.0036745730006786806,0.0025983154867448956,8.209164780482958e-05,5.8047560841572756e-05,0.0,0.0,0.0,1.0,544.2809272344316,24363.014429372157,stars_per_arcmin2,pc,circular_annulus_pi_delta_r2,6.690428799311597,0.025,Digitized Niederste-Ostholt et al. 2009 Fig. 7 stellar number-count profile. Digitized x coordinates are treated as noisy measurements of the centers of fixed 0.025 deg annuli. Exact contiguous annulus edges are reconstructed from that published bin spacing. Digitized counts are rounded to integer tracer counts and assigned Poisson sqrt(N) uncertainties. No additional background subtraction is applied at this source-construction stage.
39,Segue1,Niederste-Ostholt_et_al_2009_Fig7_digitized,CMD_mask_number_counts,projected_circular_radius,0.9789536381258247,-0.008546361874175346,3.293706428671648,3,1.7320508075688772,0.9750000000000001,1.0,0.9875,58.50000000000001,60.0,59.25,391.3900847597285,401.4257279586958,396.4079063592121,0.0053723187541568325,0.003101709678884922,0.00012002006736022613,6.929361819858357e-05,0.0,0.0,0.0,1.0,558.4180941755828,24995.81999896611,stars_per_arcmin2,pc,circular_annulus_pi_delta_r2,6.690428799311597,0.025,Digitized Niederste-Ostholt et al. 2009 Fig. 7 stellar number-count profile. Digitized x coordinates are treated as noisy measurements of the centers of fixed 0.025 deg annuli. Exact contiguous annulus edges are reconstructed from that published bin spacing. Digitized counts are rounded to integer tracer counts and assigned Poisson sqrt(N) uncertainties. No additional background subtraction is applied at this source-construction stage.
