ra_deg,dec_deg,vlos,vlos_err,source,id,x_pc,y_pc,r_pc,v_sys_kms,vlos_rel_kms,kin_bin,n_epochs,Bpr,EMpr,Mm,vlos_span,repeat_chi2,repeat_dof,repeat_chi2_red,repeat_p,repeat_variable,match_sep_arcsec
151.76254,16.07361,215.6,3.8,Simon+2011_Table3,J100703.01+160425.0,-1.604581135076659,-3.3278192847788213,3.694463670303137,208.5667270167265,7.033272983273491,0,1,0.991,1.0,1.0,0.0,0.0,0,,1.0,False,0.0
151.75583,16.07794,222.19999999999996,6.3,Simon+2011_Table3,J100701.40+160440.6,-4.192739648631664,-1.5896458827164284,4.483975891287247,208.5667270167265,13.633272983273457,0,1,0.951,1.0,1.0,0.0,2.0352571603585689e-29,0,,1.0,False,0.0
151.77812,16.079,210.99000329200044,4.772577948481655,Simon+2011_Table3,J100706.75+160444.4,4.404883789101633,-1.1641346110805029,4.556117929576221,208.5667270167265,2.4232762752739347,0,2,0.985,0.997,1.0,8.099999999999994,0.7199604959947318,1,0.7199604959947318,0.39615686748641055,False,0.0
151.75437,16.08153,217.8,5.2,Simon+2011_Table3,J100701.05+160453.5,-4.755885912385237,-0.1485275193446877,4.758204623135395,208.5667270167265,9.233272983273508,0,1,0.991,1.0,1.0,0.0,0.0,0,,1.0,False,0.0
151.75375,16.06689,217.79999999999998,13.1,Simon+2011_Table3,J100700.90+160400.8,-4.995030216174899,-6.025400176660201,7.826606809428785,208.5667270167265,9.23327298327348,0,1,0.985,1.0,1.0,0.0,4.707147409511778e-30,0,,1.0,False,0.0
151.78717,16.07933,213.0727811147277,7.47495624109926,Simon+2011_Table3,J100708.92+160445.6,7.895619191146459,-1.0316641208550914,7.962734032344668,208.5667270167265,4.5060540980011865,0,2,0.982,0.997,1.0,7.900000000000006,0.10471125130029209,1,0.10471125130029209,0.7462475668873652,False,0.0
151.74625,16.07694,224.20000000000002,6.2,Simon+2011_Table3,J100659.10+160437.0,-7.887904858745568,-1.9910716106753543,8.135318630481494,208.5667270167265,15.633272983273514,0,1,0.95,0.996,1.0,0.0,2.101440080505505e-29,0,,1.0,False,0.0
151.76312,16.05972,198.8437177712743,3.146882688413029,Simon+2011_Table3,J100703.15+160335.0,-1.3808654960495188,-8.90362264612482,9.010065801245116,208.5667270167265,-9.723009245452204,0,3,0.963,0.994,1.0,15.400000000000006,5.485163576196559,2,2.7425817880982795,0.06440385495598998,False,0.0
151.78546,16.06708,208.7,3.5000000000000004,Simon+2011_Table3,J100708.51+160401.5,7.236043772641838,-5.949129288347788,9.367628769815026,208.5667270167265,0.13327298327348558,0,1,0.993,0.999,1.0,0.0,0.0,0,,1.0,False,0.0
151.79142,16.08422,219.49999999999997,5.0,Simon+2011_Table3,J100709.94+160503.2,9.534914821933889,0.9313076888631256,9.580288861661224,208.5667270167265,10.933272983273469,0,1,0.961,0.997,1.0,0.0,3.231174267785265e-29,0,,1.0,False,0.0
151.753,16.10272,203.9,10.0,Simon+2011_Table3,J100700.72+160609.8,-5.284317680437855,8.357683656100068,9.888118599775709,208.5667270167265,-4.666727016726497,0,1,0.988,0.994,1.0,0.0,0.0,0,,1.0,False,0.0
151.79279,16.06553,198.9,9.6,Simon+2011_Table3,J100710.27+160355.9,10.06334658997669,-6.571339166684953,12.018878609654196,208.5667270167265,-9.666727016726497,0,1,0.94,0.989,1.0,0.0,0.0,0,,1.0,False,0.0
151.75612,16.05122,200.9,6.1,Simon+2011_Table3,J100701.47+160304.4,-4.080881829118093,-12.3157413337725,12.974246841478648,208.5667270167265,-7.666727016726497,0,1,0.987,0.994,1.0,0.0,0.0,0,,1.0,False,0.0
151.792,16.10664,206.53245672436753,1.2443266726128497,Simon+2011_Table3,J100710.08+160623.9,9.758630460961026,9.93127250969722,13.923399086985336,208.5667270167265,-2.0342702923589684,0,4,0.984,0.996,1.0,2.5,0.7993880060745434,3,0.26646266869151447,0.849613408674007,False,0.0
151.73104,16.07117,213.5,3.8,Simon+2011_Table3,J100655.45+160416.2,-13.754654633885243,-4.307298060998499,14.413304294426808,208.5667270167265,4.933272983273497,0,1,0.99,0.998,1.0,0.0,0.0,0,,1.0,False,0.0
151.7465,16.11522,206.2219738346247,4.36831192993771,Simon+2011_Table3,J100659.16+160654.8,-7.791475703994521,13.375505255583452,15.479380946539091,208.5667270167265,-2.3447531821018117,0,2,0.969,0.992,1.0,11.200000000000017,1.5932935348660027,1,1.5932935348660027,0.20685621000948373,False,0.0
151.76358,16.04289,203.7966489567507,1.5966479890472387,Simon+2011_Table3,J100703.26+160234.4,-1.2034358513099477,-15.659617647669322,15.705791375139762,208.5667270167265,-4.770078059975816,1,4,0.984,0.998,1.0,8.099999999999994,4.742245645421586,3,1.580748548473862,0.19167383948238545,False,0.0
151.73925,16.05,217.3,4.2,Simon+2011_Table3,J100657.42+160300.0,-10.587921191814145,-12.805480721882978,16.615788024724665,208.5667270167265,8.733272983273508,1,1,0.988,0.996,1.0,0.0,0.0,0,,1.0,False,0.0
151.81225,16.08022,207.13674750974448,3.10348474837068,Simon+2011_Table3,J100714.94+160448.8,17.56939199592342,-0.6743952229713024,17.5823304491522,208.5667270167265,-1.429979506982022,1,2,0.994,0.998,1.0,1.8999999999999773,0.07817236899090328,1,0.07817236899090328,0.7797896089482292,False,0.0
151.72733,16.10731,209.6,11.8,Simon+2011_Table3,J100654.56+160626.3,-15.18566329041787,10.20022774742946,18.29341454374701,208.5667270167265,1.0332729832734913,1,1,0.977,0.996,1.0,0.0,0.0,0,,1.0,False,0.0
151.749,16.03847,204.1,4.9,Simon+2011_Table3,J100659.76+160218.5,-6.827184156474237,-17.433919365246574,18.723033620125037,208.5667270167265,-4.466727016726509,1,1,0.992,0.995,1.0,0.0,0.0,0,,1.0,False,0.0
151.80508,16.11047,214.70032210303236,3.9243651168410447,Simon+2011_Table3,J100713.22+160637.7,14.803803837619034,11.468733047779512,18.72657058256888,208.5667270167265,6.13359508630586,1,3,0.981,0.996,1.0,21.0,5.31285061183648,2,2.65642530591824,0.07019871268645902,False,0.0
151.74008,16.04169,213.3,5.3,Simon+2011_Table3,J100657.62+160230.1,-10.267776398035956,-16.14132852121952,19.13033503601019,208.5667270167265,4.733272983273508,1,1,0.927,0.958,1.0,0.0,0.0,0,,1.0,False,0.0
151.81583,16.09561,209.82786135382415,2.5753863220632884,Simon+2011_Table3,J100715.80+160544.2,18.95025749197294,5.503546730313724,19.7332532955117,208.5667270167265,1.2611343370976442,1,3,0.993,0.998,1.0,9.099999999999994,0.9625422444305078,2,0.4812711222152539,0.617997342178796,False,0.0
151.75558,16.03333,211.03891891891888,2.386227374137067,Simon+2011_Table3,J100701.34+160200.0,-4.289168803382711,-19.497247606954204,19.963457447816825,208.5667270167265,2.472191902192378,1,2,0.995,0.999,1.0,8.400000000000006,2.118918918918922,1,2.118918918918922,0.14548920880587496,False,0.0
151.81162,16.10753,205.7,5.4,Simon+2011_Table3,J100714.79+160627.1,17.326390525948035,10.28854140758101,20.150878217913256,208.5667270167265,-2.8667270167265144,1,1,0.885,0.809,1.0,0.0,0.0,0,,1.0,False,0.0
151.71762,16.06367,204.2,5.3,Simon+2011_Table3,J100652.23+160349.2,-18.930971661005067,-7.31799102068853,20.296174038686576,208.5667270167265,-4.366727016726514,1,1,0.984,0.998,1.0,0.0,0.0,0,,1.0,False,0.0
151.81775,16.06119,198.434984884422,2.3990867185606906,Simon+2011_Table3,J100716.26+160340.3,19.690833400466087,-8.31352682602493,21.373901101388743,208.5667270167265,-10.13174213230451,1,4,0.828,0.964,1.0,24.19999999999999,8.300315831017562,3,2.7667719436725204,0.04019618395282398,False,0.0
151.76383,16.02794,212.29012488693525,11.431217854679547,Simon+2011_Table3,J100703.32+160140.6,-1.1070066965490863,-21.660932280651245,21.689201255305917,208.5667270167265,3.7233978702087427,1,2,0.985,0.996,1.0,3.0999999999999943,0.015249853214211982,1,0.015249853214211982,0.9017188581201226,False,0.0
151.8155,16.05,208.54922118453257,3.178128968533936,Simon+2011_Table3,J100715.72+160260.0,18.822971007696847,-12.805480721882978,22.765864228601394,208.5667270167265,-0.017505832193933202,1,3,0.991,0.999,1.0,9.400000000000006,1.8867388441134452,2,0.9433694220567226,0.38931386022562187,False,0.0
151.81287,16.11894,205.5509320443366,5.0464337041780345,Simon+2011_Table3,J100715.09+160708.2,17.80853629970327,14.86880896358933,23.19968631541305,208.5667270167265,-3.015794972389898,1,3,0.982,0.99,1.0,15.299999999999983,1.0001083447741883,2,0.5000541723870942,0.6064978033889118,False,0.0
151.70437,16.06353,201.56986301369864,4.7752788056021265,Simon+2011_Table3,J100649.05+160348.7,-24.04171686288907,-7.374190622601528,25.14722324738437,208.5667270167265,-6.996864003027866,2,2,0.968,0.996,1.0,17.599999999999994,1.4682656301843857,1,1.4682656301843857,0.22561953765533857,False,0.0
151.70679,16.05231,205.3354071294559,5.455933238657749,Simon+2011_Table3,J100649.63+160308.3,-23.108282644884017,-11.878187290298714,25.98237980053524,208.5667270167265,-3.2313198872706153,2,2,0.989,0.994,1.0,8.800000000000011,0.5811632270168869,1,0.5811632270168869,0.4458567339630971,False,0.0
151.81075,16.03181,205.7120908483634,1.3077948315042711,Simon+2011_Table3,J100714.58+160154.5,16.990817067407328,-20.107414713452236,26.32481701886749,208.5667270167265,-2.8546361683631005,2,3,0.989,0.994,1.0,6.099999999999994,4.891058740038358,2,2.445529370019179,0.0866802368356368,False,0.0
151.70958,16.11914,203.2,6.5,Simon+2011_Table3,J100650.30+160708.9,-22.032133277850168,14.949094109181882,26.624994111889094,208.5667270167265,-5.366727016726514,2,1,0.984,0.98,1.0,0.0,0.0,0,,1.0,False,0.0
151.72692,16.02406,211.9,7.4,Simon+2011_Table3,J100654.46+160126.6,-15.343807104209194,-23.21846410513168,27.830369955364745,208.5667270167265,3.3332729832735026,2,1,0.985,0.995,1.0,0.0,0.0,0,,1.0,False,0.0
151.85033,16.07497,197.6,7.6,Simon+2011_Table3,J100724.08+160429.9,32.25748084783335,-2.781880294754069,32.37721310771939,208.5667270167265,-10.966727016726509,2,1,0.885,0.955,1.0,0.0,0.0,0,,1.0,False,0.0
151.69975,16.13664,203.8,6.5,Simon+2011_Table3,J100647.94+160811.9,-25.82372764271512,21.97404434845862,33.90757340762024,208.5667270167265,-4.766727016726492,2,1,0.973,0.988,1.0,0.0,0.0,0,,1.0,False,0.0
151.68112,16.10125,209.4,6.4,Simon+2011_Table3,J100643.47+160604.5,-33.009628254873846,7.767587836000178,33.91122201152509,208.5667270167265,0.8332729832735026,2,1,0.984,0.99,1.0,0.0,0.0,0,,1.0,False,0.0
151.72104,16.16289,205.26379310344825,2.757435090054174,Simon+2011_Table3,J100653.05+160946.4,-17.611820823995824,32.51146970737501,36.97528762930852,208.5667270167265,-3.3029339132782525,2,2,0.969,0.99,1.0,1.6999999999999886,0.04982758620689588,1,0.04982758620689588,0.8233635585309048,False,0.0
151.68562,16.02483,207.92529232346624,2.9038033276191397,Simon+2011_Table3,J100644.55+160129.4,-31.27390346932556,-22.90936629460316,38.76720395165213,208.5667270167265,-0.6414346932602655,2,4,0.99,0.997,1.0,14.700000000000017,3.548855289574238,3,1.1829517631914126,0.31448081381976717,False,0.0
151.66858,16.04392,206.6486716956379,5.215714077240032,Simon+2011_Table3,J100640.46+160238.1,-37.84651465726724,-15.246149147871256,40.8020065136738,208.5667270167265,-1.918055321088616,2,2,0.965,0.989,1.0,6.099999999999994,0.30510003279763803,1,0.30510003279763803,0.5807026830767761,False,0.0
151.66146,16.10381,212.9,7.4,Simon+2011_Table3,J100638.75+160613.7,-40.59281698461356,8.795237699573855,41.53472037871853,208.5667270167265,4.333272983273503,2,1,0.913,0.983,1.0,0.0,0.0,0,,1.0,False,0.0
151.87942,16.07208,212.89999999999998,9.8,Simon+2011_Table3,J100731.06+160419.5,43.47797729483242,-3.94200064855571,43.65631545106821,208.5667270167265,4.333272983273474,2,1,0.948,0.986,1.0,0.0,8.411011734134901e-30,0,,1.0,False,0.0
151.86483,16.02622,219.19999999999996,8.8,Simon+2011_Table3,J100727.56+160134.4,37.85037182347259,-22.351384532741825,43.957195516839086,208.5667270167265,10.633272983273457,2,1,0.936,0.991,1.0,0.0,1.0431218581434866e-29,0,,1.0,False,0.0
151.65504,16.10581,217.47544522396115,3.7819579072909097,Simon+2011_Table3,J100637.21+160620.9,-43.069117678655005,9.598089155492984,44.12564121975595,208.5667270167265,8.908718207234642,2,2,0.95,0.981,1.0,17.899999999999977,4.322854830005386,1,4.322854830005386,0.037603784242281155,False,0.0
151.77617,15.97008,198.4,8.1,Simon+2011_Table3,J100706.28+155812.3,3.652736382041503,-44.88742490034192,45.03580128365127,208.5667270167265,-10.166727016726497,3,1,0.928,0.985,1.0,0.0,0.0,0,,1.0,False,0.0
151.65108,16.02833,200.95069675855802,3.694646806631152,Simon+2011_Table3,J100636.26+160142.0,-44.59655548993867,-21.50437624674756,49.51051362416734,208.5667270167265,-7.616030258168479,3,2,0.949,0.97,1.0,11.899999999999977,0.5362390184792467,1,0.5362390184792467,0.4639955922757699,False,0.0
151.79567,15.96061,216.9,4.5,Simon+2011_Table3,J100710.96+155738.2,11.17421045273113,-48.68892654411066,49.95472497431779,208.5667270167265,8.333272983273503,3,1,0.903,0.982,1.0,0.0,0.0,0,,1.0,False,0.0
151.63896,16.05761,210.5,11.9,Simon+2011_Table3,J100633.35+160327.4,-49.2714409123452,-9.75063093211781,50.22698172449841,208.5667270167265,1.933272983273497,3,1,0.938,0.928,1.0,0.0,0.0,0,,1.0,False,0.0
151.66387,16.00239,203.14778741383148,1.6403300513434633,Simon+2011_Table3,J100639.33+160008.6,-39.66323993279424,-31.91735962999753,50.91061232903215,208.5667270167265,-5.418939602895023,3,3,0.946,0.94,1.0,9.200000000000017,4.730081031798998,2,2.365040515899499,0.09394549400517717,False,0.0
151.66979,15.99242,217.83479169777513,3.709894997159721,Simon+2011_Table3,J100640.75+155932.7,-37.3797975482549,-35.9195741377451,51.84076649689402,208.5667270167265,9.268064681048628,3,2,0.936,0.989,1.0,18.799999999999983,5.277586979244427,1,5.277586979244427,0.021601665660222903,False,0.0
151.63267,16.10731,210.4,5.2,Simon+2011_Table3,J100631.84+160626.3,-51.69759844592316,10.20022774742946,52.69427228053677,208.5667270167265,1.8332729832735026,3,1,0.965,0.982,1.0,0.0,0.0,0,,1.0,False,0.0
151.75879,15.94636,219.2,7.5,Simon+2011_Table3,J100702.11+155646.9,-3.051018456361993,-54.40924316752249,54.49471952110272,208.5667270167265,10.633272983273486,3,1,0.898,0.991,1.0,0.0,0.0,0,,1.0,False,0.0
151.62117,16.10661,200.9,14.2,Simon+2011_Table3,J100629.08+160623.8,-56.1333395645302,9.919229737858082,57.00300807202424,208.5667270167265,-7.666727016726497,3,1,0.812,0.927,1.0,0.0,0.0,0,,1.0,False,0.0
151.67267,16.19319,209.35037558028338,4.241870886502883,Simon+2011_Table3,J100641.44+161135.5,-36.26893368551028,44.67466926452269,57.543562842236575,208.5667270167265,0.7836485635568806,3,3,0.926,0.98,1.0,3.8000000000000114,0.14489956298163198,2,0.07244978149081599,0.9301124543483043,False,0.0
151.85012,15.93864,217.20000000000002,10.0,Simon+2011_Table3,J100724.03+155619.1,32.17648035783501,-57.50824978736407,65.89783518313786,208.5667270167265,8.633272983273514,3,1,0.843,0.966,1.0,0.0,8.077935669463162e-30,0,,1.0,False,0.0
151.928,16.01858,206.8,2.2,Simon+2011_Table3,J100742.72+160106.9,62.2160906463354,-25.41827709434485,67.20811517784082,208.5667270167265,-1.7667270167264917,3,1,0.949,0.975,1.0,0.0,0.0,0,,1.0,False,0.0
151.91508,15.98825,204.5,7.000000000000001,Simon+2011_Table3,J100739.62+155917.7,57.23263192872748,-37.59351942333167,68.47515505730244,208.5667270167265,-4.066727016726503,3,1,0.885,0.971,1.0,0.0,0.0,0,,1.0,False,0.0
151.84846,16.24089,206.69999999999996,6.7,Simon+2011_Table3,J100723.63+161427.2,31.53619077026882,63.8226764881521,71.18894129294318,208.5667270167265,-1.8667270167265428,3,1,0.859,0.963,1.0,0.0,1.7994955824154956e-29,0,,1.0,False,0.0
151.76025,15.84869,209.1819004524887,1.6605728717654755,Simon+2011_Table3,J100702.46+155055.3,-2.487872192598605,-93.61649401724888,93.649545968618,208.5667270167265,0.6151734357621876,3,2,0.886,0.961,1.0,1.5,0.20361990950226244,1,0.20361990950226244,0.6518146893352637,False,0.0
