galaxy,source,preferred_profile,radius_type,rin_arcmin,rout_arcmin,rm_arcmin,R_inner_pc,R_outer_pc,R_pc,Sigma_source_arcmin2,Sigma_source_err_arcmin2,Sigma_background_arcmin2,Sigma_background_err_arcmin2,Sigma,Sigma_err,Sigma_pc2,Sigma_err_pc2,Sigma_significance,outward_rise_significance,light_raw,light_raw_err,light_frac,light_frac_err_approx,ellipticity,q_axis_ratio,area_arcmin2,area_pc2,bin_review_required,review_flags,profile_review_required,profile_review_status,Sigma_units,R_units,area_model,pc_per_arcmin_assumed,note
Segue1,Niederste-Ostholt_et_al_2009_Fig7_digitized,CMD_mask_number_counts,projected_circular_radius,0.0,1.5,0.75,0.0,10.035643198968,5.017821599484,3.253834392100972,0.678471371707692,0.0,0.0,3.253834392100972,0.678471371707692,0.07269215413116784,0.015157361925207023,4.795831523312721,,23.000000000000004,4.795831523312719,0.15436241610738316,0.032186788747065355,0.0,1.0,7.0685834705770345,316.40278479707916,False,,True,REVIEW_REQUIRED,stars_per_arcmin2,pc,elliptical_annulus_pi_q_delta_a2,6.690428799312,Production projected-density profile for Segue1. A fitted background of 0 +/- 0 in the source Sigma units was subtracted before normalization. Sigma_err combines the source statistical uncertainty and fitted-background uncertainty in quadrature.
Segue1,Niederste-Ostholt_et_al_2009_Fig7_digitized,CMD_mask_number_counts,projected_circular_radius,1.5,3.0,2.2500000000000004,10.035643198968,20.071286397936,15.053464798452003,0.6130412622798932,0.1700270542404094,0.0,0.0,0.6130412622798932,0.1700270542404094,0.013695623242104084,0.0037984824499109706,3.6055512754639905,-3.775519229794157,13.0,3.6055512754639882,0.08724832214765134,0.024198330707812094,0.0,1.0,21.205750411731103,949.2083543912373,False,,True,REVIEW_REQUIRED,stars_per_arcmin2,pc,elliptical_annulus_pi_q_delta_a2,6.690428799312,Production projected-density profile for Segue1. A fitted background of 0 +/- 0 in the source Sigma units was subtracted before normalization. Sigma_err combines the source statistical uncertainty and fitted-background uncertainty in quadrature.
Segue1,Niederste-Ostholt_et_al_2009_Fig7_digitized,CMD_mask_number_counts,projected_circular_radius,3.0,4.500000000000001,3.75,20.071286397936,30.106929596904006,25.08910799742,0.2829421210522582,0.0894741548524213,0.0,0.0,0.2829421210522582,0.0894741548524213,0.0063210568809711105,0.001998893696334855,3.1622776601683804,-1.7180824278583577,10.0,3.1622776601683777,0.0671140939597318,0.021223340001130134,0.0,1.0,35.342917352885195,1582.0139239853968,False,,True,REVIEW_REQUIRED,stars_per_arcmin2,pc,elliptical_annulus_pi_q_delta_a2,6.690428799312,Production projected-density profile for Segue1. A fitted background of 0 +/- 0 in the source Sigma units was subtracted before normalization. Sigma_err combines the source statistical uncertainty and fitted-background uncertainty in quadrature.
Segue1,Niederste-Ostholt_et_al_2009_Fig7_digitized,CMD_mask_number_counts,projected_circular_radius,4.500000000000001,6.0,5.250000000000001,30.106929596904006,40.142572795872,35.12475119638801,0.1010507575186637,0.045191272597916,0.0,0.0,0.1010507575186637,0.045191272597916,0.0022575203146325408,0.0010095937768210149,2.23606797749979,-1.8145751367274012,4.999999999999997,2.236067977499788,0.03355704697986588,0.015007167634226822,0.0,1.0,49.480084294039216,2214.8194935795527,False,,True,REVIEW_REQUIRED,stars_per_arcmin2,pc,elliptical_annulus_pi_q_delta_a2,6.690428799312,Production projected-density profile for Segue1. A fitted background of 0 +/- 0 in the source Sigma units was subtracted before normalization. Sigma_err combines the source statistical uncertainty and fitted-background uncertainty in quadrature.
Segue1,Niederste-Ostholt_et_al_2009_Fig7_digitized,CMD_mask_number_counts,projected_circular_radius,6.0,7.5,6.75,40.142572795872,50.17821599484,45.160394395356,0.0628760269005018,0.0314380134502509,0.0,0.0,0.0628760269005018,0.0314380134502509,0.0014046793068824685,0.0007023396534412342,2.0,-0.6934444639808048,3.9999999999999956,1.9999999999999978,0.02684563758389269,0.013422818791946345,0.0,1.0,63.61725123519331,2847.625063173712,False,,True,REVIEW_REQUIRED,stars_per_arcmin2,pc,elliptical_annulus_pi_q_delta_a2,6.690428799312,Production projected-density profile for Segue1. A fitted background of 0 +/- 0 in the source Sigma units was subtracted before normalization. Sigma_err combines the source statistical uncertainty and fitted-background uncertainty in quadrature.
Segue1,Niederste-Ostholt_et_al_2009_Fig7_digitized,CMD_mask_number_counts,projected_circular_radius,7.5,9.000000000000002,8.25,50.17821599484,60.21385919380801,55.196037594324004,0.0514440220095014,0.0257220110047507,0.0,0.0,0.0514440220095014,0.0257220110047507,0.0011492830692674727,0.0005746415346337363,2.0,-0.2814390178921187,3.999999999999995,1.9999999999999976,0.026845637583892686,0.013422818791946343,0.0,1.0,77.75441817634747,3480.4306327678746,False,,True,REVIEW_REQUIRED,stars_per_arcmin2,pc,elliptical_annulus_pi_q_delta_a2,6.690428799312,Production projected-density profile for Segue1. A fitted background of 0 +/- 0 in the source Sigma units was subtracted before normalization. Sigma_err combines the source statistical uncertainty and fitted-background uncertainty in quadrature.
Segue1,Niederste-Ostholt_et_al_2009_Fig7_digitized,CMD_mask_number_counts,projected_circular_radius,9.000000000000002,10.500000000000002,9.75,60.21385919380801,70.24950239277602,65.231680793292,0.0326471678137221,0.0188488511255313,0.0,0.0,0.0326471678137221,0.0188488511255313,0.0007293527170351282,0.0004210919875144153,1.732050807568881,-0.5894484461298111,2.9999999999999996,1.7320508075688732,0.020134228187919538,0.01162450206422067,0.0,1.0,91.89158511750149,4113.236202362031,True,LOW_SIGNAL_TO_NOISE,True,REVIEW_REQUIRED,stars_per_arcmin2,pc,elliptical_annulus_pi_q_delta_a2,6.690428799312,Production projected-density profile for Segue1. A fitted background of 0 +/- 0 in the source Sigma units was subtracted before normalization. Sigma_err combines the source statistical uncertainty and fitted-background uncertainty in quadrature.
Segue1,Niederste-Ostholt_et_al_2009_Fig7_digitized,CMD_mask_number_counts,projected_circular_radius,10.500000000000002,12.0,11.25,70.24950239277602,80.285145591744,75.26732399226,0.0282942121052258,0.0163356709754605,0.0,0.0,0.0282942121052258,0.0163356709754605,0.0006321056880971106,0.00036494638917916085,1.7320508075688754,-0.1745189181489461,2.999999999999992,1.7320508075688745,0.020134228187919486,0.01162450206422068,0.0,1.0,106.02875205865539,4746.041771956181,True,LOW_SIGNAL_TO_NOISE,True,REVIEW_REQUIRED,stars_per_arcmin2,pc,elliptical_annulus_pi_q_delta_a2,6.690428799312,Production projected-density profile for Segue1. A fitted background of 0 +/- 0 in the source Sigma units was subtracted before normalization. Sigma_err combines the source statistical uncertainty and fitted-background uncertainty in quadrature.
Segue1,Niederste-Ostholt_et_al_2009_Fig7_digitized,CMD_mask_number_counts,projected_circular_radius,12.0,13.5,12.750000000000002,80.285145591744,90.320788790712,85.30296719122802,0.0166436541795446,0.0117688407340798,0.0,0.0,0.0166436541795446,0.0117688407340798,0.0003718268753512418,0.000262921304988268,1.4142135623730963,-0.5786639233775316,1.9999999999999987,1.414213562373093,0.013422818791946352,0.009491366190423478,0.0,1.0,120.16591899980959,5378.847341550346,True,LOW_SIGNAL_TO_NOISE,True,REVIEW_REQUIRED,stars_per_arcmin2,pc,elliptical_annulus_pi_q_delta_a2,6.690428799312,Production projected-density profile for Segue1. A fitted background of 0 +/- 0 in the source Sigma units was subtracted before normalization. Sigma_err combines the source statistical uncertainty and fitted-background uncertainty in quadrature.
Segue1,Niederste-Ostholt_et_al_2009_Fig7_digitized,CMD_mask_number_counts,projected_circular_radius,13.5,15.0,14.250000000000002,90.320788790712,100.35643198968,95.33861039019602,0.0148916905816978,0.0105300153936503,0.0,0.0,0.0148916905816978,0.0105300153936503,0.0003326872042616374,0.00023524537814739662,1.4142135623731027,-0.11094003924504606,1.9999999999999987,1.4142135623730865,0.013422818791946352,0.009491366190423435,0.0,1.0,134.30308594096365,6011.652911144503,True,LOW_SIGNAL_TO_NOISE,True,REVIEW_REQUIRED,stars_per_arcmin2,pc,elliptical_annulus_pi_q_delta_a2,6.690428799312,Production projected-density profile for Segue1. A fitted background of 0 +/- 0 in the source Sigma units was subtracted before normalization. Sigma_err combines the source statistical uncertainty and fitted-background uncertainty in quadrature.
Segue1,Niederste-Ostholt_et_al_2009_Fig7_digitized,CMD_mask_number_counts,projected_circular_radius,15.0,16.5,15.75,100.35643198968,110.39207518864801,105.37425358916401,0.0202101515037327,0.0116683364110432,0.0,0.0,0.0202101515037327,0.0116683364110432,0.0004515040629265073,0.00026067599227082885,1.7320508075688763,0.33838412609620533,2.9999999999999942,1.7320508075688748,0.0201342281879195,0.011624502064220681,0.0,1.0,148.44025288211773,6644.458480738663,True,LOW_SIGNAL_TO_NOISE;OUTWARD_RISE,True,REVIEW_REQUIRED,stars_per_arcmin2,pc,elliptical_annulus_pi_q_delta_a2,6.690428799312,Production projected-density profile for Segue1. A fitted background of 0 +/- 0 in the source Sigma units was subtracted before normalization. Sigma_err combines the source statistical uncertainty and fitted-background uncertainty in quadrature.
Segue1,Niederste-Ostholt_et_al_2009_Fig7_digitized,CMD_mask_number_counts,projected_circular_radius,16.5,18.000000000000004,17.250000000000004,110.39207518864801,120.42771838761603,115.40989678813203,0.0184527470251472,0.0106536984622568,0.0,0.0,0.0184527470251472,0.0106536984622568,0.0004122428400633316,0.00023800851468206035,1.7320508075688774,-0.11122559966401294,2.9999999999999925,1.7320508075688728,0.02013422818791949,0.011624502064220667,0.0,1.0,162.57741982327215,7277.264050332837,True,LOW_SIGNAL_TO_NOISE,True,REVIEW_REQUIRED,stars_per_arcmin2,pc,elliptical_annulus_pi_q_delta_a2,6.690428799312,Production projected-density profile for Segue1. A fitted background of 0 +/- 0 in the source Sigma units was subtracted before normalization. Sigma_err combines the source statistical uncertainty and fitted-background uncertainty in quadrature.
Segue1,Niederste-Ostholt_et_al_2009_Fig7_digitized,CMD_mask_number_counts,projected_circular_radius,18.000000000000004,19.5,18.75,120.42771838761603,130.463361586584,125.4455399871,0.0169765272631355,0.0098014025852763,0.0,0.0,0.0169765272631355,0.0098014025852763,0.00037926341285826685,0.0002189678335074965,1.7320508075688776,-0.10197359225895904,2.999999999999994,1.7320508075688734,0.020134228187919496,0.01162450206422067,0.0,1.0,176.71458676442552,7910.069619926963,True,LOW_SIGNAL_TO_NOISE,True,REVIEW_REQUIRED,stars_per_arcmin2,pc,elliptical_annulus_pi_q_delta_a2,6.690428799312,Production projected-density profile for Segue1. A fitted background of 0 +/- 0 in the source Sigma units was subtracted before normalization. Sigma_err combines the source statistical uncertainty and fitted-background uncertainty in quadrature.
Segue1,Niederste-Ostholt_et_al_2009_Fig7_digitized,CMD_mask_number_counts,projected_circular_radius,19.5,21.000000000000004,20.25,130.463361586584,140.49900478555205,135.481183186068,0.0157190067251254,0.0090753727641446,0.0,0.0,0.0157190067251254,0.0090753727641446,0.00035116982672061604,0.00020274799398841995,1.732050807568894,-0.09414153837003893,2.9999999999999964,1.7320508075688583,0.020134228187919517,0.01162450206422057,0.0,1.0,190.85175370558048,8542.87518952116,True,LOW_SIGNAL_TO_NOISE,True,REVIEW_REQUIRED,stars_per_arcmin2,pc,elliptical_annulus_pi_q_delta_a2,6.690428799312,Production projected-density profile for Segue1. A fitted background of 0 +/- 0 in the source Sigma units was subtracted before normalization. Sigma_err combines the source statistical uncertainty and fitted-background uncertainty in quadrature.
Segue1,Niederste-Ostholt_et_al_2009_Fig7_digitized,CMD_mask_number_counts,projected_circular_radius,21.000000000000004,22.5,21.750000000000004,140.49900478555205,150.53464798452,145.51682638503604,0.0146349372958065,0.0084494849873071,0.0,0.0,0.0146349372958065,0.0084494849873071,0.0003269512179812653,0.00018876537371335784,1.7320508075688927,-0.08742603789438039,2.9999999999999987,1.7320508075688612,0.02013422818791953,0.011624502064220589,0.0,1.0,204.98892064673348,9175.680759115272,True,LOW_SIGNAL_TO_NOISE,True,REVIEW_REQUIRED,stars_per_arcmin2,pc,elliptical_annulus_pi_q_delta_a2,6.690428799312,Production projected-density profile for Segue1. A fitted background of 0 +/- 0 in the source Sigma units was subtracted before normalization. Sigma_err combines the source statistical uncertainty and fitted-background uncertainty in quadrature.
Segue1,Niederste-Ostholt_et_al_2009_Fig7_digitized,CMD_mask_number_counts,projected_circular_radius,22.5,24.0,23.25,150.53464798452,160.570291183488,155.552469584004,0.0136907477928512,0.0079043569236099,0.0,0.0,0.0136907477928512,0.0079043569236099,0.00030585759101473106,0.00017658696250604511,1.7320508075688805,-0.08160433493741512,2.999999999999997,1.7320508075688723,0.02013422818791952,0.011624502064220664,0.0,1.0,219.12608758788807,9808.486328709454,True,LOW_SIGNAL_TO_NOISE,True,REVIEW_REQUIRED,stars_per_arcmin2,pc,elliptical_annulus_pi_q_delta_a2,6.690428799312,Production projected-density profile for Segue1. A fitted background of 0 +/- 0 in the source Sigma units was subtracted before normalization. Sigma_err combines the source statistical uncertainty and fitted-background uncertainty in quadrature.
Segue1,Niederste-Ostholt_et_al_2009_Fig7_digitized,CMD_mask_number_counts,projected_circular_radius,24.0,25.500000000000004,24.750000000000004,160.570291183488,170.60593438245604,165.58811278297205,0.0128610055023753,0.0074253049888456,0.0,0.0,0.0128610055023753,0.0074253049888456,0.00028732076731686703,0.00016588472235416218,1.732050807568886,-0.07650920556760747,2.9999999999999902,1.7320508075688628,0.020134228187919476,0.0116245020642206,0.0,1.0,233.26325452904285,10441.291898303643,True,LOW_SIGNAL_TO_NOISE,True,REVIEW_REQUIRED,stars_per_arcmin2,pc,elliptical_annulus_pi_q_delta_a2,6.690428799312,Production projected-density profile for Segue1. A fitted background of 0 +/- 0 in the source Sigma units was subtracted before normalization. Sigma_err combines the source statistical uncertainty and fitted-background uncertainty in quadrature.
Segue1,Niederste-Ostholt_et_al_2009_Fig7_digitized,CMD_mask_number_counts,projected_circular_radius,25.500000000000004,27.0,26.25,170.60593438245604,180.641577581424,175.62375598194,0.0121260909022396,0.0070010018466259,0.0,0.0,0.0121260909022396,0.0070010018466259,0.0002709024377559039,0.00015640559536249686,1.7320508075688785,-0.07201267534638663,2.99999999999998,1.7320508075688645,0.020134228187919406,0.011624502064220612,0.0,1.0,247.40042147019548,11074.097467897738,True,LOW_SIGNAL_TO_NOISE,True,REVIEW_REQUIRED,stars_per_arcmin2,pc,elliptical_annulus_pi_q_delta_a2,6.690428799312,Production projected-density profile for Segue1. A fitted background of 0 +/- 0 in the source Sigma units was subtracted before normalization. Sigma_err combines the source statistical uncertainty and fitted-background uncertainty in quadrature.
Segue1,Niederste-Ostholt_et_al_2009_Fig7_digitized,CMD_mask_number_counts,projected_circular_radius,27.0,28.500000000000004,27.75,180.641577581424,190.67722078039205,185.65939918090803,0.0114706265291455,0.0066225693143758,0.0,0.0,0.0114706265291455,0.0066225693143758,0.00025625906274206973,0.0001479512388564148,1.7320508075688816,-0.06801514639242354,2.9999999999999796,1.732050807568861,0.020134228187919403,0.011624502064220587,0.0,1.0,261.537588411351,11706.90303749196,True,LOW_SIGNAL_TO_NOISE,True,REVIEW_REQUIRED,stars_per_arcmin2,pc,elliptical_annulus_pi_q_delta_a2,6.690428799312,Production projected-density profile for Segue1. A fitted background of 0 +/- 0 in the source Sigma units was subtracted before normalization. Sigma_err combines the source statistical uncertainty and fitted-background uncertainty in quadrature.
Segue1,Niederste-Ostholt_et_al_2009_Fig7_digitized,CMD_mask_number_counts,projected_circular_radius,28.500000000000004,30.0,29.250000000000004,190.67722078039205,200.71286397936,195.69504237987604,0.0108823892712407,0.0062829503751771,0.0,0.0,0.0108823892712407,0.0062829503751771,0.00024311757234504272,0.00014036399583813844,1.732050807568881,-0.06443794794177346,2.99999999999999,1.7320508075688679,0.020134228187919472,0.011624502064220634,0.0,1.0,275.6747553525036,12339.708607086053,True,LOW_SIGNAL_TO_NOISE,True,REVIEW_REQUIRED,stars_per_arcmin2,pc,elliptical_annulus_pi_q_delta_a2,6.690428799312,Production projected-density profile for Segue1. A fitted background of 0 +/- 0 in the source Sigma units was subtracted before normalization. Sigma_err combines the source statistical uncertainty and fitted-background uncertainty in quadrature.
Segue1,Niederste-Ostholt_et_al_2009_Fig7_digitized,CMD_mask_number_counts,projected_circular_radius,30.0,31.5,30.750000000000004,200.71286397936,210.74850717832803,205.73068557884403,0.010351541014107,0.0059764649910221,0.0,0.0,0.010351541014107,0.0059764649910221,0.00023125817857211367,0.00013351697165091175,1.7320508075688856,-0.06121811589659472,2.9999999999999964,1.732050807568867,0.020134228187919517,0.011624502064220629,0.0,1.0,289.8119222936584,12972.514176680244,True,LOW_SIGNAL_TO_NOISE,True,REVIEW_REQUIRED,stars_per_arcmin2,pc,elliptical_annulus_pi_q_delta_a2,6.690428799312,Production projected-density profile for Segue1. A fitted background of 0 +/- 0 in the source Sigma units was subtracted before normalization. Sigma_err combines the source statistical uncertainty and fitted-background uncertainty in quadrature.
Segue1,Niederste-Ostholt_et_al_2009_Fig7_digitized,CMD_mask_number_counts,projected_circular_radius,31.5,33.0,32.25,210.74850717832803,220.78415037729602,215.76632877781202,0.009870073990195,0.0056984898751606,0.0,0.0,0.009870073990195,0.0056984898751606,0.00022050198421992128,0.000127306879946218,1.7320508075688794,-0.058304660429186396,2.9999999999999822,1.732050807568865,0.02013422818791942,0.011624502064220615,0.0,1.0,303.9490892348125,13605.319746274405,True,LOW_SIGNAL_TO_NOISE,True,REVIEW_REQUIRED,stars_per_arcmin2,pc,elliptical_annulus_pi_q_delta_a2,6.690428799312,Production projected-density profile for Segue1. A fitted background of 0 +/- 0 in the source Sigma units was subtracted before normalization. Sigma_err combines the source statistical uncertainty and fitted-background uncertainty in quadrature.
Segue1,Niederste-Ostholt_et_al_2009_Fig7_digitized,CMD_mask_number_counts,projected_circular_radius,33.0,34.50000000000001,33.75,220.78415037729602,230.81979357626406,225.80197197678,0.0062876026900501,0.0044460064995412,0.0,0.0,0.0062876026900501,0.0044460064995412,0.00014046793068824508,9.932582632889995e-05,1.4142135623730963,-0.4956580119716494,1.9999999999999818,1.414213562373081,0.013422818791946237,0.009491366190423399,0.0,1.0,318.086256175968,14238.125315868627,True,LOW_SIGNAL_TO_NOISE,True,REVIEW_REQUIRED,stars_per_arcmin2,pc,elliptical_annulus_pi_q_delta_a2,6.690428799312,Production projected-density profile for Segue1. A fitted background of 0 +/- 0 in the source Sigma units was subtracted before normalization. Sigma_err combines the source statistical uncertainty and fitted-background uncertainty in quadrature.
Segue1,Niederste-Ostholt_et_al_2009_Fig7_digitized,CMD_mask_number_counts,projected_circular_radius,34.50000000000001,36.00000000000001,35.25,230.81979357626406,240.85543677523205,235.83761517574803,0.0060200451287714,0.0042568147336033,0.0,0.0,0.0060200451287714,0.0042568147336033,0.0001344905719355544,9.50991954212877e-05,1.414213562373095,-0.043467990818426644,1.9999999999999816,1.414213562373082,0.013422818791946236,0.009491366190423406,0.0,1.0,332.2234231171206,14870.930885462718,True,LOW_SIGNAL_TO_NOISE,True,REVIEW_REQUIRED,stars_per_arcmin2,pc,elliptical_annulus_pi_q_delta_a2,6.690428799312,Production projected-density profile for Segue1. A fitted background of 0 +/- 0 in the source Sigma units was subtracted before normalization. Sigma_err combines the source statistical uncertainty and fitted-background uncertainty in quadrature.
Segue1,Niederste-Ostholt_et_al_2009_Fig7_digitized,CMD_mask_number_counts,projected_circular_radius,36.00000000000001,37.5,36.75,240.85543677523205,250.8910799742,245.87325837471602,0.0057743290010665,0.0040830671934562,0.0,0.0,0.0057743290010665,0.0040830671934562,0.00012900116083614527,9.121759560817333e-05,1.4142135623731176,-0.04165762736366205,1.9999999999999927,1.4142135623730672,0.01342281879194631,0.009491366190423305,0.0,1.0,346.36059005827326,15503.736455056815,True,LOW_SIGNAL_TO_NOISE,True,REVIEW_REQUIRED,stars_per_arcmin2,pc,elliptical_annulus_pi_q_delta_a2,6.690428799312,Production projected-density profile for Segue1. A fitted background of 0 +/- 0 in the source Sigma units was subtracted before normalization. Sigma_err combines the source statistical uncertainty and fitted-background uncertainty in quadrature.
Segue1,Niederste-Ostholt_et_al_2009_Fig7_digitized,CMD_mask_number_counts,projected_circular_radius,37.5,39.0,38.25000000000001,250.8910799742,260.926723173168,255.90890157368406,0.0083218270897723,0.0048046091104295,0.0,0.0,0.0083218270897723,0.0048046091104295,0.0001859134376756209,0.00010733717328798717,1.7320508075688978,0.40403048001199326,2.999999999999998,1.7320508075688557,0.020134228187919524,0.011624502064220553,0.0,1.0,360.49775699942876,16136.542024651037,True,LOW_SIGNAL_TO_NOISE;OUTWARD_RISE,True,REVIEW_REQUIRED,stars_per_arcmin2,pc,elliptical_annulus_pi_q_delta_a2,6.690428799312,Production projected-density profile for Segue1. A fitted background of 0 +/- 0 in the source Sigma units was subtracted before normalization. Sigma_err combines the source statistical uncertainty and fitted-background uncertainty in quadrature.
Segue1,Niederste-Ostholt_et_al_2009_Fig7_digitized,CMD_mask_number_counts,projected_circular_radius,39.0,40.5,39.75000000000001,260.926723173168,270.962366372136,265.9445447726521,0.0053385305858916,0.0037749111788557,0.0,0.0,0.0053385305858916,0.0037749111788557,0.00011926522416926482,8.433324876981991e-05,1.4142135623731111,-0.48825068347537576,1.9999999999999747,1.414213562373061,0.01342281879194619,0.009491366190423263,0.0,1.0,374.63492394058284,16769.347594245195,True,LOW_SIGNAL_TO_NOISE,True,REVIEW_REQUIRED,stars_per_arcmin2,pc,elliptical_annulus_pi_q_delta_a2,6.690428799312,Production projected-density profile for Segue1. A fitted background of 0 +/- 0 in the source Sigma units was subtracted before normalization. Sigma_err combines the source statistical uncertainty and fitted-background uncertainty in quadrature.
Segue1,Niederste-Ostholt_et_al_2009_Fig7_digitized,CMD_mask_number_counts,projected_circular_radius,40.5,42.00000000000001,41.25,270.962366372136,280.9980095711041,275.98018797162,0.0077166033014251,0.0044551829933073,0.0,0.0,0.0077166033014251,0.0044551829933073,0.00017239246039011844,9.953083341249597e-05,1.7320508075688912,0.4072459676477661,2.9999999999999662,1.7320508075688439,0.020134228187919313,0.011624502064220473,0.0,1.0,388.772090881739,17402.153163839448,True,LOW_SIGNAL_TO_NOISE;OUTWARD_RISE,True,REVIEW_REQUIRED,stars_per_arcmin2,pc,elliptical_annulus_pi_q_delta_a2,6.690428799312,Production projected-density profile for Segue1. A fitted background of 0 +/- 0 in the source Sigma units was subtracted before normalization. Sigma_err combines the source statistical uncertainty and fitted-background uncertainty in quadrature.
Segue1,Niederste-Ostholt_et_al_2009_Fig7_digitized,CMD_mask_number_counts,projected_circular_radius,42.00000000000001,43.50000000000001,42.75,280.9980095711041,291.0336527700721,286.015831170588,0.0074458452908489,0.0042988607830159,0.0,0.0,0.0074458452908489,0.0042988607830159,0.0001663436021308187,9.603852346819975e-05,1.7320508075688852,-0.04373391593774587,2.9999999999999982,1.7320508075688683,0.020134228187919528,0.011624502064220638,0.0,1.0,402.909257822891,18034.958733433512,True,LOW_SIGNAL_TO_NOISE,True,REVIEW_REQUIRED,stars_per_arcmin2,pc,elliptical_annulus_pi_q_delta_a2,6.690428799312,Production projected-density profile for Segue1. A fitted background of 0 +/- 0 in the source Sigma units was subtracted before normalization. Sigma_err combines the source statistical uncertainty and fitted-background uncertainty in quadrature.
Segue1,Niederste-Ostholt_et_al_2009_Fig7_digitized,CMD_mask_number_counts,projected_circular_radius,43.50000000000001,45.0,44.25,291.0336527700721,301.06929596904,296.051474369556,0.0047956291703772,0.0033910219064297,0.0,0.0,0.0047956291703772,0.0033910219064297,0.00010713655730459382,7.575698618305865e-05,1.4142135623731098,-0.4840286049967754,1.9999999999999645,1.4142135623730552,0.013422818791946121,0.009491366190423225,0.0,1.0,417.0464247640429,18667.764303027576,True,LOW_SIGNAL_TO_NOISE,True,REVIEW_REQUIRED,stars_per_arcmin2,pc,elliptical_annulus_pi_q_delta_a2,6.690428799312,Production projected-density profile for Segue1. A fitted background of 0 +/- 0 in the source Sigma units was subtracted before normalization. Sigma_err combines the source statistical uncertainty and fitted-background uncertainty in quadrature.
Segue1,Niederste-Ostholt_et_al_2009_Fig7_digitized,CMD_mask_number_counts,projected_circular_radius,45.0,46.5,45.75000000000001,301.06929596904,311.104939168008,306.0871175685241,0.0069575931406293,0.0040169682726542,0.0,0.0,0.0069575931406293,0.0040169682726542,0.00015543582494191254,8.974091537192431e-05,1.732050807568886,0.41126165346375526,2.999999999999998,1.7320508075688672,0.020134228187919524,0.011624502064220629,0.0,1.0,431.1835917051991,19300.569872621825,True,LOW_SIGNAL_TO_NOISE;OUTWARD_RISE,True,REVIEW_REQUIRED,stars_per_arcmin2,pc,elliptical_annulus_pi_q_delta_a2,6.690428799312,Production projected-density profile for Segue1. A fitted background of 0 +/- 0 in the source Sigma units was subtracted before normalization. Sigma_err combines the source statistical uncertainty and fitted-background uncertainty in quadrature.
Segue1,Niederste-Ostholt_et_al_2009_Fig7_digitized,CMD_mask_number_counts,projected_circular_radius,46.5,48.0,47.25000000000001,311.104939168008,321.140582366976,316.1227607674921,0.0044911447786072,0.0031757189282437,0.0,0.0,0.0044911447786072,0.0031757189282437,0.00010033423620588903,7.094701880635679e-05,1.4142135623730983,-0.48166549993980035,1.9999999999999662,1.414213562373068,0.013422818791946133,0.009491366190423312,0.0,1.0,445.32075864635317,19933.375442215987,True,LOW_SIGNAL_TO_NOISE,True,REVIEW_REQUIRED,stars_per_arcmin2,pc,elliptical_annulus_pi_q_delta_a2,6.690428799312,Production projected-density profile for Segue1. A fitted background of 0 +/- 0 in the source Sigma units was subtracted before normalization. Sigma_err combines the source statistical uncertainty and fitted-background uncertainty in quadrature.
Segue1,Niederste-Ostholt_et_al_2009_Fig7_digitized,CMD_mask_number_counts,projected_circular_radius,48.0,49.50000000000001,48.75,321.140582366976,331.1762255659441,326.15840396646,0.0043529557084962,0.0030780044996823,0.0,0.0,0.0043529557084962,0.0030780044996823,9.72470289380153e-05,6.87640336123138e-05,1.4142135623731205,-0.031246186001086817,1.999999999999974,1.4142135623730514,0.013422818791946185,0.009491366190423199,0.0,1.0,459.4579255875101,20566.181011810273,True,LOW_SIGNAL_TO_NOISE,True,REVIEW_REQUIRED,stars_per_arcmin2,pc,elliptical_annulus_pi_q_delta_a2,6.690428799312,Production projected-density profile for Segue1. A fitted background of 0 +/- 0 in the source Sigma units was subtracted before normalization. Sigma_err combines the source statistical uncertainty and fitted-background uncertainty in quadrature.
Segue1,Niederste-Ostholt_et_al_2009_Fig7_digitized,CMD_mask_number_counts,projected_circular_radius,49.50000000000001,51.00000000000001,50.25,331.1762255659441,341.2118687649121,336.194047165428,0.0063345250981848,0.0036572397706254,0.0,0.0,0.0063345250981848,0.0036572397706254,0.00014151619882770954,8.170441548786993e-05,1.7320508075688938,0.4145441559694544,2.999999999999958,1.7320508075688363,0.020134228187919257,0.011624502064220422,0.0,1.0,473.5950925286613,21198.986581404304,True,LOW_SIGNAL_TO_NOISE;OUTWARD_RISE,True,REVIEW_REQUIRED,stars_per_arcmin2,pc,elliptical_annulus_pi_q_delta_a2,6.690428799312,Production projected-density profile for Segue1. A fitted background of 0 +/- 0 in the source Sigma units was subtracted before normalization. Sigma_err combines the source statistical uncertainty and fitted-background uncertainty in quadrature.
Segue1,Niederste-Ostholt_et_al_2009_Fig7_digitized,CMD_mask_number_counts,projected_circular_radius,51.00000000000001,52.5,51.75,341.2118687649121,351.24751196388,346.22969036439605,0.0041006104500327,0.0028995694562225,0.0,0.0,0.0041006104500327,0.0028995694562225,9.160952001407345e-05,6.477771282319514e-05,1.4142135623731156,-0.4786396469283642,1.9999999999999734,1.4142135623730556,0.013422818791946182,0.009491366190423229,0.0,1.0,487.7322594698125,21831.79215099833,True,LOW_SIGNAL_TO_NOISE,True,REVIEW_REQUIRED,stars_per_arcmin2,pc,elliptical_annulus_pi_q_delta_a2,6.690428799312,Production projected-density profile for Segue1. A fitted background of 0 +/- 0 in the source Sigma units was subtracted before normalization. Sigma_err combines the source statistical uncertainty and fitted-background uncertainty in quadrature.
Segue1,Niederste-Ostholt_et_al_2009_Fig7_digitized,CMD_mask_number_counts,projected_circular_radius,52.5,54.0,53.25000000000001,351.24751196388,361.283155162848,356.2653335633641,0.0039851002965106,0.0028178914433712,0.0,0.0,0.0039851002965106,0.0028178914433712,8.902897015452093e-05,6.295298851831724e-05,1.4142135623730783,-0.028568513565713317,1.999999999999959,1.4142135623730827,0.013422818791946085,0.00949136619042341,0.0,1.0,501.8694264109694,22464.597720592617,True,LOW_SIGNAL_TO_NOISE,True,REVIEW_REQUIRED,stars_per_arcmin2,pc,elliptical_annulus_pi_q_delta_a2,6.690428799312,Production projected-density profile for Segue1. A fitted background of 0 +/- 0 in the source Sigma units was subtracted before normalization. Sigma_err combines the source statistical uncertainty and fitted-background uncertainty in quadrature.
Segue1,Niederste-Ostholt_et_al_2009_Fig7_digitized,CMD_mask_number_counts,projected_circular_radius,54.0,55.5,54.75000000000001,361.283155162848,371.31879836181605,366.3009767623321,0.0058138791997039,0.003356644720985,0.0,0.0,0.0058138791997039,0.003356644720985,0.00012988473043091246,7.4988984077909e-05,1.7320508075688839,0.41727745723892373,2.99999999999998,1.7320508075688592,0.020134228187919406,0.011624502064220575,0.0,1.0,516.0065933521236,23097.40329018678,True,LOW_SIGNAL_TO_NOISE;OUTWARD_RISE,True,REVIEW_REQUIRED,stars_per_arcmin2,pc,elliptical_annulus_pi_q_delta_a2,6.690428799312,Production projected-density profile for Segue1. A fitted background of 0 +/- 0 in the source Sigma units was subtracted before normalization. Sigma_err combines the source statistical uncertainty and fitted-background uncertainty in quadrature.
Segue1,Niederste-Ostholt_et_al_2009_Fig7_digitized,CMD_mask_number_counts,projected_circular_radius,55.5,57.00000000000001,56.25,371.31879836181605,381.3544415607841,376.3366199613,0.0056588424210451,0.003267134195092,0.0,0.0,0.0056588424210451,0.003267134195092,0.00012642113761942078,7.298927783582993e-05,1.73205080756891,-0.033098190764439345,2.9999999999999805,1.732050807568833,0.02013422818791941,0.0116245020642204,0.0,1.0,530.1437602932805,23730.208859781065,True,LOW_SIGNAL_TO_NOISE,True,REVIEW_REQUIRED,stars_per_arcmin2,pc,elliptical_annulus_pi_q_delta_a2,6.690428799312,Production projected-density profile for Segue1. A fitted background of 0 +/- 0 in the source Sigma units was subtracted before normalization. Sigma_err combines the source statistical uncertainty and fitted-background uncertainty in quadrature.
Segue1,Niederste-Ostholt_et_al_2009_Fig7_digitized,CMD_mask_number_counts,projected_circular_radius,57.00000000000001,58.50000000000001,57.75,381.3544415607841,391.3900847597521,386.372263160268,0.0036745730006786,0.0025983154867448,0.0,0.0,0.0036745730006786,0.0025983154867448,8.209164780481788e-05,5.8047560841563635e-05,1.4142135623731158,-0.47534523698880604,1.999999999999956,1.4142135623730434,0.013422818791946066,0.009491366190423147,0.0,1.0,544.2809272344316,24363.014429375093,True,LOW_SIGNAL_TO_NOISE,True,REVIEW_REQUIRED,stars_per_arcmin2,pc,elliptical_annulus_pi_q_delta_a2,6.690428799312,Production projected-density profile for Segue1. A fitted background of 0 +/- 0 in the source Sigma units was subtracted before normalization. Sigma_err combines the source statistical uncertainty and fitted-background uncertainty in quadrature.
Segue1,Niederste-Ostholt_et_al_2009_Fig7_digitized,CMD_mask_number_counts,projected_circular_radius,58.50000000000001,60.0,59.25,391.3900847597521,401.42572795872,396.40790635923605,0.0053723187541568,0.0031017096788849,0.0,0.0,0.0053723187541568,0.0031017096788849,0.00012002006736021093,6.929361819857473e-05,1.7320508075688792,0.4195887384555512,2.9999999999999813,1.7320508075688648,0.020134228187919413,0.011624502064220613,0.0,1.0,558.4180941755828,24995.819998969124,True,LOW_SIGNAL_TO_NOISE;OUTWARD_RISE,True,REVIEW_REQUIRED,stars_per_arcmin2,pc,elliptical_annulus_pi_q_delta_a2,6.690428799312,Production projected-density profile for Segue1. A fitted background of 0 +/- 0 in the source Sigma units was subtracted before normalization. Sigma_err combines the source statistical uncertainty and fitted-background uncertainty in quadrature.
