radius_pc,tracer_density
1.0063416313058395,0.0017864131121663
1.0330248794281571,0.0017863214159853
1.0604156365198032,0.0017862458154782
1.0885326622512412,0.0017861967021699
1.1173952137074572,0.00178614499713
1.1470230585769547,0.0017860905664011002
1.1774364886904578,0.0017860332694282998
1.2086563339185936,0.0017859729587735998
1.240703976438075,0.0017859094798224995
1.2736013653761482,0.0017858426704846998
1.3073710318433465,0.0017857723608881997
1.342036104364832,0.0017856983730688
1.3776203247209033,0.001785620520655
1.41414806420752,0.0017855386085505
1.4516443403279664,0.0017854524326165
1.49013483392711,0.0017853617793533
1.5296459067799655,0.0017852664255863999
1.5702046196466237,0.0017851661381579002
1.6118387508059127,0.0017850606736274
1.6545768150804796,0.0017849497779851003
1.6984480833663176,0.0017848331863826
1.7434826026801322,0.0017847106228861998
1.7897112167382545,0.0017845818002576001
1.8371655870812107,0.0017844464197709002
1.8858782147584152,0.0017843041710717997
1.9358824625878275,0.0017841547320906
1.987212578005835,0.0017839977690174
2.039903716522995,0.0017838329363547
2.0939919658017128,0.0017836598770595998
2.149514370372339,0.0017834782227941
2.206508957004621,0.0017832875943032003
2.265014760751876,0.0017830876019418
2.3250718516857263,0.0017828778463793997
2.3867213623397205,0.0017826579195113002
2.450005515880609,0.0017824274056123998
2.5149676550265965,0.0017821858827756
2.581652271732356,0.0017819329246822999
2.6501050376611506,0.001781668102762
2.7203728354649224,0.0017813909888049
2.7925037908937784,0.0017811011581059
2.8665473057568605,0.0017807981932281
2.942554091757177,0.0017804816884912
3.0205762052235694,0.0017801512553079
3.100667082763599,0.0017798065285127
3.1828815778617745,0.0017794471738541
3.267275998448185,0.0017790728968510997
3.353908145463269,0.0017786834532540997
3.4428373524451286,0.0017782786613920003
3.534124526166514,0.0017778584167441002
3.627832188349288,0.0017774227091390997
3.7240245184849736,0.0017769716430656997
3.82276739779067,0.0017765054616736002
3.924128454330479,0.0017760245751665999
4.028177109333331,0.0017755295944368997
4.134984624738919,0.0017750213709720002
4.244624152004332,0.0017745010442958
4.3571707822048005,0.0017739700984927998
4.472701597462855,0.0017734304297235002
4.5912957237411485,0.0017728844271014002
4.713034385035079,0.0017723350698843
4.83800095900233,0.0017717860446896001
4.966281034067453,0.0017712418874165005
5.0979624680405555,0.0017707081558359999
5.23313544829029,0.0017701916404896
5.371892553512332,0.0017697006237724995
5.514328817135652,0.0017692452000819
5.660541792410012,0.0017688376739898998
5.810631619219256,0.0017684930590083
5.964701092666183,0.0017682297073152004
6.122855733475932,0.0017680701118384999
6.2852038602661295,0.0017680419378851002
6.451856663733288,0.0017681793645540997
6.622928282806258,0.0017685248504122999
6.7985358828189115,0.001769131489888
6.9787997357555565,0.0017700662076158
7.163843302624088,0.0017714141668932
7.353793318013276,0.0017732849806216
7.548779876892063,0.0017758216749222
7.748936523710398,0.0017792139986481
7.95440034386256,0.0017837188725476003
8.165312057575646,0.0017896931516839002
8.381816116287522,0.0017976489592020997
8.604060801580255,0.0018083538212186996
8.832198326736759,0.0018230300522791999
9.06638494099024,0.0018438141713035
9.3067810365378,0.0018752431463398998
9.553551258391566,0.0019372314928605998
9.806864617142468,0.0020446218718531994
10.066894604714015,0.0021345669064043
10.33381931318528,0.0021160997339307926
10.607821556764451,0.002003409777087
10.889088996996575,0.0018702938064153
11.177814271291187,0.0017460227537239997
11.474195124857804,0.0016300089166271
11.778434546139803,0.0015217036427438997
12.090740905839247,0.0014205947350137997
12.411328099628037,0.0013262040294149
12.740415694642989,0.0012380851336319
13.078229079865364,0.0011558213159783997
13.424999620487572,0.0010790235345903999
13.780964816373055,0.0010073285975706
14.146368464717652,0.0009403974453815
14.521460827024068,0.0008779135473666
14.906498800503515,0.0008195814048135001
15.301746094022251,0.0007651251534827999
15.707473408713282,0.0007142872589909001
16.123958623376954,0.0006668272988793
16.55148698479758,0.0006225208256093999
16.990351303106255,0.0005811583051052
17.440852152323682,0.0005425441258256998
17.903298076220548,0.000506495673679
18.378005799636224,0.0004728424684041
18.865300445400567,0.0004414253573363001
19.36551575700752,0.0004120957627422
19.87899432719283,0.00038471497916689994
20.40608783257265,0.0003591535174681
20.94715727450342,0.0003352904924363
21.502573226328344,0.00031301305110480003
22.072716087179604,0.00029221583904569996
22.657976342510036,0.0002728005021281001
23.258754831532965,0.0002546752213817001
23.875463021753255,0.000237754278767
24.508523290777394,0.0002219576517974
25.158369215596018,0.0002072106350973
25.825445869536615,0.00019344348710570003
26.510210127090126,0.000180591100254
27.213130976819887,0.00016859269306019998
27.934689842567472,0.0001573915226805
28.675380913175367,0.00014693461656179997
29.435711480952214,0.00013717252192340003
30.21620228911246,0.00012805907188560007
31.01738788842858,0.00011955116713699998
31.839817003339757,0.00011160857210939998
32.68405290776801,0.0001041937246959
33.55067381089936,9.727155861236571e-05
34.440273253193645,9.080933756151802e-05
35.35346051289482,8.477650041717478e-05
36.29086102331993,7.914451669421686e-05
37.25311680121242,7.38867516223642e-05
38.24088688645333,6.897834018506622e-05
39.25484779343145,6.439606952790633e-05
40.29569397438173,6.011826918040686e-05
41.36413829500892,5.612470857207209e-05
42.4609125227226,5.239650135800356e-05
43.58676782781781,4.891601610162443e-05
44.74247529794439,4.56667928921112e-05
45.92882646621768,4.2633465502200564e-05
47.14663385333202,3.980168871824196e-05
48.396731524048576,3.71580704988256e-05
49.6799756584383,3.46901086411478e-05
50.997245138271566,3.2386131655600435e-05
52.34944214895613,3.0235243568964386e-05
53.73749279743516,2.822727239517435e-05
55.16234774646931,2.6352722029960724e-05
56.62498286573656,2.4602727341869035e-05
58.12639990019615,2.296901224727373e-05
59.66762715617422,2.144385057111458e-05
61.24972020564114,2.0020029508258573e-05
62.873762609162625,1.8690815512688794e-05
64.5408666580203,1.7449922453204982e-05
66.25217413600933,1.629148188503523e-05
68.00885710143551,1.5210015296769195e-05
69.81211868984668,1.4200408201362873e-05
71.66319393804908,1.3257885948685496e-05
73.56335062997233,1.237799114522332e-05
75.5138901649626,1.155656257415123e-05
77.51614844909868,1.078971551608325e-05
79.57149681014162,1.007382337743445e-05
81.68134293674389,9.405500539511312e-06
83.8471318425622,8.781586347220954e-06
86.07034685593354,8.199130161679236e-06
88.352510635793,7.655377406028833e-06
90.69518621452806,7.1477565384756345e-06
93.09997806848502,6.673866890937386e-06
95.56853321685963,6.231467315791588e-06
98.10254234972484,5.818465587031408e-06
100.70374098596845,5.432908505707656e-06
103.37391066193368,5.072972662864023e-06
106.1148801515765,4.736955816283439e-06
108.92852671897569,4.423268840265929e-06
111.81677740405306,4.130428210369088e-06
114.78161034238498,3.857048987572106e-06
117.82505612000908,3.6018382686866916e-06
120.94919916415266,3.363589072043957e-06
124.15617917083782,3.141174629545401e-06
127.44819257033872,2.9335430580881106e-06
130.82749403149612,2.739712385169506e-06
134.2963980059184,2.5587659051529477e-06
137.85728031312794,2.389847844240098e-06
141.51257976773752,2.232159313657349e-06
145.26479984977075,2.084954531928424e-06
149.1165104192725,1.947537298379544e-06
153.07034947638132,1.8192577012139174e-06
157.1290249680712,1.6995090446044226e-06
161.29531664279827,1.5877249802924953e-06
165.57207795432512,1.4833768301526915e-06
169.96223801602324,1.3859710870905072e-06
174.46880360699572,1.2950470824904996e-06
179.09486123139166,1.2101748092270862e-06
183.8435792323237,1.1309528899956776e-06
188.71820996183612,1.057006681420999e-06
193.72209200841004,9.879865050564655e-07
198.8586524835316,9.235659970074302e-07
204.13140936888723,8.634405684961373e-07
209.54397392579676,8.073259702415785e-07
215.10005316853182,7.549569540580441e-07
220.80345240321523,7.060860255873506e-07
226.65807783403832,6.60482282578242e-07
232.66793923858478,6.17930333620124e-07
238.83715271408772,5.782292927381432e-07
245.16994349650662,5.411918457766119e-07
251.67064885435119,5.066433850574697e-07
258.343721059236,4.7442120942875275e-07
265.1937304351986,4.4437378755687263e-07
272.2253684888713,4.1636008322977276e-07
279.44345112265086,3.902489426256006e-07
286.8529219330624,3.6591854512462507e-07
294.4588555965834,3.4325592156804194e-07
302.26646134524157,3.2215654735758575e-07
310.2810865343677,3.025240232713353e-07
318.5082203049495,2.8426986590275515e-07
326.9534973430928,2.673134453244823e-07
335.62270173916335,2.5158213662249335e-07
344.5217709492567,2.3701181013601806e-07
353.6567998617051,2.235479151616124e-07
363.0340449714098,2.1114775501863228e-07
372.6599286648539,1.9978610961919814e-07
382.54104361873493,1.894776450904674e-07
392.6841573152278,1.803034810157793e-07
403.0962166769668,1.7234931824339263e-07
413.78435282492876,1.6554934215849997e-07
424.7558859624713,1.596303003852536e-07
436.018330388868,1.5422834914911633e-07
447.5793996457843,1.490099035988853e-07
459.44701180020644,1.4370486245742122e-07
471.6292948674531,1.3810357127680024e-07
484.13459237797366,1.3205254135616468e-07
496.97146909175524,1.2545036159514778e-07
510.1487168642444,1.1824376260759042e-07
523.6753606678077,1.1042378977466777e-07
537.560664772847,1.0202203808547369e-07
551.8141390928146,9.31068962092859e-08
566.4455456974591,8.377973969260585e-08
581.4649054987764,7.417100260135737e-08
596.8825051142381,6.44360419633105e-08
612.7089039119975,5.475068778039462e-08
628.9549412429013,4.530633940070204e-08
645.631743864258,3.630441993911304e-08
662.7507335604513,2.794992146160689e-08
680.3236349656077,2.0443638674709684e-08
698.362483593691,1.3972438643217295e-08
716.8796340815114,8.696393994758274e-09
735.8877686502976,4.73031673360055e-09
755.3999057916325,2.112335510816213e-09
775.4294091836947,8.157646236476192e-10
795.9899968439132,4.924597856876715e-10
