v0,r_c,MBH,ML,chi2,reward,status,proposal_id,chi2_losvd,delta_chi2_iteration,max_light_relative_residual,light_constraint_ok,solver_converged,solver_iterations,solver_failure_reason,julia_status_code,chi2_inner,chi2_outer,N_inner,N_outer,N_nonzero_weights,effective_N_orbits,max_weight_fraction,halo_type,alphat,light_rel_tol,delta_chi2_iter_tol,halo_q_axis_ratio,karl_halo_params_active,coverage_status,coverage_strict,coverage_issue_region,coverage_issue_axis,coverage_issue_shell_bands,coverage_reasons,coverage_fraction,coverage_attempted_fraction,coverage_success_fraction,coverage_shell_min,coverage_lfrac_min,coverage_theta_min,coverage_shell_gap,coverage_lfrac_gap,coverage_theta_gap,coverage_joint_holes,coverage_deadline_hit,successful_base_orbits,planned_base_orbits
21.0,1000.0,450000.0,0.3,,,todo,,,,,,,,,,,,,,,,,,,,,,,,,,,,,,,,,,,,,,,,,
18.649155867641564,53460.24642895262,1019106.071052934,14.32856783028868,11.143241012287985,-11.143241012287985,pass_full,1.0,11.143241012287985,0.03897754693983302,1.0470736333533195e-09,1.0,1.0,4.0,none,0.0,2.124492998940299,9.018748013347677,32.0,32.0,8534.0,157.0827814707013,0.044557326349318464,nonsingular_isothermal,1.0,0.01,0.3,1.0,0.0,strict_pass,1.0,none,none,,,0.8534,0.8534,1.0,0.8297872340425532,0.849,0.8522522522522522,0.04521276595744683,0.01200000000000001,0.0020642945103377386,0.0,0.0,4267.0,5000.0
18.649155867641564,53460.24642895262,0.0,14.32856783028868,759.6189334822348,-759.6189334822348,pass_halo_only,1.0,759.6189334822348,0.269984850249557,4.940979363544644e-07,1.0,1.0,5.0,none,0.0,404.2282386530796,355.3906948291886,32.0,32.0,9904.0,5.175492755975379,0.2972759388143267,nonsingular_isothermal,1.0,0.01,0.3,1.0,0.0,coverage_warn,0.0,inner,joint,1,3 planned shell-band/Lfrac/theta cells have no successful orbit,0.9904,1.0,0.9904,0.9285714285714286,0.952,0.9711711711711711,0.0714285714285714,0.04800000000000004,0.028828828828828867,3.0,0.0,4952.0,5000.0
18.649155867641564,53460.24642895262,2000000.0,14.32856783028868,5.0572478005194945,-5.0572478005194945,pass_bh_up,1.0,5.0572478005194945,0.10395972475686666,1.2215180475911826e-09,1.0,1.0,3.0,none,0.0,1.7365462031039363,3.320701597415558,32.0,32.0,8568.0,483.642926225137,0.025313183922847114,nonsingular_isothermal,1.0,0.01,0.3,1.0,0.0,strict_pass,1.0,none,none,,,0.8568,0.8568,1.0,0.8297872340425532,0.849,0.8561151079136691,0.04521276595744683,0.01200000000000001,0.0015425497439885971,0.0,0.0,4284.0,5000.0
18.649155867641564,53460.24642895262,509553.035526467,14.32856783028868,21.735970891889156,-21.735970891889156,pass_bh_down,1.0,21.735970891889156,0.10149459594565258,2.2018069797955305e-09,1.0,1.0,4.0,none,0.0,4.5975169784872065,17.138453913401946,32.0,32.0,8566.0,95.08499946195315,0.05282930568956354,nonsingular_isothermal,1.0,0.01,0.3,1.0,0.0,strict_pass,1.0,none,none,,,0.8566,0.8566,1.0,0.8297872340425532,0.849,0.8558558558558559,0.04521276595744683,0.01200000000000001,0.0018018018018017834,0.0,0.0,4283.0,5000.0
35.0,53460.24642895262,1019106.071052934,14.32856783028868,10.996216764102517,-10.996216764102517,pass_halo_up,1.0,10.996216764102517,0.019223301399769355,1.1269138804984248e-09,1.0,1.0,4.0,none,0.0,2.0905333987751415,8.90568336532737,32.0,32.0,8570.0,176.72545794970392,0.04490659885175833,nonsingular_isothermal,1.0,0.01,0.3,1.0,0.0,strict_pass,1.0,none,none,,,0.857,0.857,1.0,0.8297872340425532,0.85,0.8561151079136691,0.04521276595744683,0.01100000000000001,0.0017985611510791255,0.0,0.0,4285.0,5000.0
9.324577933820782,53460.24642895262,1019106.071052934,14.32856783028868,11.459931021692952,-11.459931021692952,pass_halo_down,1.0,11.459931021692952,0.02761140168419729,1.155161103346237e-09,1.0,1.0,4.0,none,0.0,2.4316047107152463,9.028326310977704,32.0,32.0,8568.0,186.3063224510385,0.04413539774078271,nonsingular_isothermal,1.0,0.01,0.3,1.0,0.0,strict_pass,1.0,none,none,,,0.8568,0.8568,1.0,0.8297872340425532,0.849,0.8561151079136691,0.04521276595744683,0.01200000000000001,0.0015425497439885971,0.0,0.0,4284.0,5000.0
18.649155867641564,53460.24642895262,1019106.071052934,20.0,12.049092847053023,-12.049092847053023,pass_ml_up,1.0,12.049092847053023,0.28903664613213564,1.0775586534172307e-09,1.0,1.0,3.0,none,0.0,2.67894892360973,9.37014392344329,32.0,32.0,8572.0,309.73940164269226,0.03593763353842848,nonsingular_isothermal,1.0,0.01,0.3,1.0,0.0,strict_pass,1.0,none,none,,,0.8572,0.8572,1.0,0.8297872340425532,0.851,0.8561151079136691,0.04521276595744683,0.010000000000000009,0.0017985611510791255,0.0,0.0,4286.0,5000.0
18.649155867641564,53460.24642895262,1019106.071052934,7.16428391514434,9.700128691181416,-9.700128691181416,pass_ml_down,1.0,9.700128691181416,0.14754393601796423,8.848593721170006e-10,1.0,1.0,3.0,none,0.0,1.940294136155372,7.7598345550260355,32.0,32.0,8564.0,311.06637532608465,0.02878617033321581,nonsingular_isothermal,1.0,0.01,0.3,1.0,0.0,strict_pass,1.0,none,none,,,0.8564,0.8564,1.0,0.8297872340425532,0.849,0.8558558558558559,0.04521276595744683,0.01200000000000001,0.0018018018018017834,0.0,0.0,4282.0,5000.0
8.99496341649414,75294.0915263239,1767758.3673790873,3.267001834159252,5.864627520466368,-5.864627520466368,pass_full,2.0,5.864627520466368,0.16243030951106885,1.1234920320456877e-09,1.0,1.0,3.0,none,0.0,1.746263559852374,4.118363960613991,32.0,32.0,8570.0,421.45319215570873,0.021692816645897995,nonsingular_isothermal,1.0,0.01,0.3,1.0,0.0,strict_pass,1.0,none,none,,,0.857,0.857,1.0,0.8297872340425532,0.85,0.8561151079136691,0.04521276595744683,0.01100000000000001,0.0017985611510791255,0.0,0.0,4285.0,5000.0
8.99496341649414,75294.0915263239,0.0,3.267001834159252,474.35326537084023,-474.35326537084023,pass_halo_only,2.0,474.35326537084023,0.17442542190843824,1.1019490043482948e-07,1.0,1.0,4.0,none,0.0,302.9151853785841,171.43807999225385,32.0,32.0,9904.0,3.1743770310863826,0.3964447444075164,nonsingular_isothermal,1.0,0.01,0.3,1.0,0.0,coverage_warn,0.0,inner,joint,1,3 planned shell-band/Lfrac/theta cells have no successful orbit,0.9904,1.0,0.9904,0.9285714285714286,0.952,0.9711711711711711,0.0714285714285714,0.04800000000000004,0.028828828828828867,3.0,0.0,4952.0,5000.0
8.99496341649414,75294.0915263239,2000000.0,3.267001834159252,4.468951717250758,-4.468951717250758,pass_bh_up,2.0,4.468951717250758,0.16912333704203508,1.4103488377158687e-09,1.0,1.0,3.0,none,0.0,1.2278034956935473,3.2411482215572107,32.0,32.0,8566.0,176.97426027290564,0.06143574888801409,nonsingular_isothermal,1.0,0.01,0.3,1.0,0.0,strict_pass,1.0,none,none,,,0.8566,0.8566,1.0,0.8297872340425532,0.849,0.8558558558558559,0.04521276595744683,0.01200000000000001,0.0018018018018017834,0.0,0.0,4283.0,5000.0
8.99496341649414,75294.0915263239,883879.1836895436,3.267001834159252,12.429118193209328,-12.429118193209328,pass_bh_down,2.0,12.429118193209328,0.01702665437288786,6.975008487452371e-10,1.0,1.0,4.0,none,0.0,2.391196066319153,10.037922126890175,32.0,32.0,8566.0,233.03349205759838,0.02879234462199609,nonsingular_isothermal,1.0,0.01,0.3,1.0,0.0,strict_pass,1.0,none,none,,,0.8566,0.8566,1.0,0.8297872340425532,0.849,0.8558558558558559,0.04521276595744683,0.01200000000000001,0.0018018018018017834,0.0,0.0,4283.0,5000.0
17.98992683298828,75294.0915263239,1767758.3673790873,3.267001834159252,5.691945226206904,-5.691945226206904,pass_halo_up,2.0,5.691945226206904,0.21106930546261182,1.2723114228840066e-09,1.0,1.0,3.0,none,0.0,1.4580300226699203,4.233915203536986,32.0,32.0,8566.0,236.36051030207358,0.04912135469915036,nonsingular_isothermal,1.0,0.01,0.3,1.0,0.0,strict_pass,1.0,none,none,,,0.8566,0.8566,1.0,0.8297872340425532,0.849,0.8558558558558559,0.04521276595744683,0.01200000000000001,0.0018018018018017834,0.0,0.0,4283.0,5000.0
4.49748170824707,75294.0915263239,1767758.3673790873,3.267001834159252,5.804209637999561,-5.804209637999561,pass_halo_down,2.0,5.804209637999561,0.2040089416131785,1.1577274035278574e-09,1.0,1.0,3.0,none,0.0,1.7164359388185635,4.087773699180998,32.0,32.0,8564.0,394.4025415286715,0.021469010008595413,nonsingular_isothermal,1.0,0.01,0.3,1.0,0.0,strict_pass,1.0,none,none,,,0.8564,0.8564,1.0,0.8297872340425532,0.849,0.8558558558558559,0.04521276595744683,0.01200000000000001,0.0018018018018017834,0.0,0.0,4282.0,5000.0
8.99496341649414,75294.0915263239,1767758.3673790873,6.534003668318504,5.78236941037854,-5.78236941037854,pass_ml_up,2.0,5.78236941037854,0.20600359262865986,1.1555858619541533e-09,1.0,1.0,3.0,none,0.0,1.5371573567398196,4.245212053638719,32.0,32.0,8568.0,322.4072495235312,0.030314977292829812,nonsingular_isothermal,1.0,0.01,0.3,1.0,0.0,strict_pass,1.0,none,none,,,0.8568,0.8568,1.0,0.8297872340425532,0.849,0.8561151079136691,0.04521276595744683,0.01200000000000001,0.0015425497439885971,0.0,0.0,4284.0,5000.0
8.99496341649414,75294.0915263239,1767758.3673790873,1.633500917079626,5.864769831012302,-5.864769831012302,pass_ml_down,2.0,5.864769831012302,0.19167794068757438,1.0577533571253682e-09,1.0,1.0,3.0,none,0.0,1.7151836794358806,4.149586151576421,32.0,32.0,8564.0,385.1205840874328,0.027268019320471164,nonsingular_isothermal,1.0,0.01,0.3,1.0,0.0,strict_pass,1.0,none,none,,,0.8564,0.8564,1.0,0.8297872340425532,0.849,0.8558558558558559,0.04521276595744683,0.01200000000000001,0.0018018018018017834,0.0,0.0,4282.0,5000.0
23.469125342212426,64380.171343128175,1447254.3383541347,15.024758961322732,7.22226395611082,-7.22226395611082,pass_full,3.0,7.22226395611082,0.2845226899277744,1.1498984045047098e-09,1.0,1.0,3.0,none,0.0,2.009527822175611,5.2127361339352065,32.0,32.0,8564.0,190.42651905037508,0.036399504522056855,nonsingular_isothermal,1.0,0.01,0.3,1.0,0.0,strict_pass,1.0,none,none,,,0.8564,0.8564,1.0,0.8297872340425532,0.849,0.8558558558558559,0.04521276595744683,0.01200000000000001,0.0018018018018017834,0.0,0.0,4282.0,5000.0
23.469125342212426,64380.171343128175,0.0,15.024758961322732,747.8861994958653,-747.8861994958653,pass_halo_only,3.0,747.8861994958653,0.16249170439459704,1.8125515866342332e-07,1.0,1.0,4.0,none,0.0,398.59246542734655,349.29373406852517,32.0,32.0,9904.0,5.085820169936901,0.3058951007455214,nonsingular_isothermal,1.0,0.01,0.3,1.0,0.0,coverage_warn,0.0,inner,joint,1,3 planned shell-band/Lfrac/theta cells have no successful orbit,0.9904,1.0,0.9904,0.9285714285714286,0.952,0.9711711711711711,0.0714285714285714,0.04800000000000004,0.028828828828828867,3.0,0.0,4952.0,5000.0
23.469125342212426,64380.171343128175,2000000.0,15.024758961322732,5.378617648714471,-5.378617648714471,pass_bh_up,3.0,5.378617648714471,0.10773524551946334,1.0833732799752508e-09,1.0,1.0,3.0,none,0.0,1.774936451410253,3.603681197304214,32.0,32.0,8564.0,448.1458014848773,0.03229082173845421,nonsingular_isothermal,1.0,0.01,0.3,1.0,0.0,strict_pass,1.0,none,none,,,0.8564,0.8564,1.0,0.8297872340425532,0.849,0.8558558558558559,0.04521276595744683,0.01200000000000001,0.0018018018018017834,0.0,0.0,4282.0,5000.0
23.469125342212426,64380.171343128175,723627.1691770673,15.024758961322732,16.552834365831753,-16.552834365831753,pass_bh_down,3.0,16.552834365831753,0.0330189322196901,1.1135265747667898e-09,1.0,1.0,5.0,none,0.0,3.293373381115728,13.259460984716025,32.0,32.0,8564.0,49.64678510475143,0.0831063061095116,nonsingular_isothermal,1.0,0.01,0.3,1.0,0.0,strict_pass,1.0,none,none,,,0.8564,0.8564,1.0,0.8297872340425532,0.849,0.8558558558558559,0.04521276595744683,0.01200000000000001,0.0018018018018017834,0.0,0.0,4282.0,5000.0
35.0,64380.171343128175,1447254.3383541347,15.024758961322732,6.933692060486821,-6.933692060486821,pass_halo_up,3.0,6.933692060486821,0.025399662010415547,1.2610333495014075e-09,1.0,1.0,4.0,none,0.0,1.7200098420416698,5.213682218445148,32.0,32.0,8568.0,122.64442990577987,0.05902304327558567,nonsingular_isothermal,1.0,0.01,0.3,1.0,0.0,strict_pass,1.0,none,none,,,0.8568,0.8568,1.0,0.8297872340425532,0.849,0.8561151079136691,0.04521276595744683,0.01200000000000001,0.0015425497439885971,0.0,0.0,4284.0,5000.0
11.734562671106213,64380.171343128175,1447254.3383541347,15.024758961322732,7.197204790828325,-7.197204790828325,pass_halo_down,3.0,7.197204790828325,0.29667668641572753,1.3863333478876114e-09,1.0,1.0,3.0,none,0.0,1.9662537576169714,5.230951033211353,32.0,32.0,8568.0,201.2838760465233,0.03562409871637352,nonsingular_isothermal,1.0,0.01,0.3,1.0,0.0,strict_pass,1.0,none,none,,,0.8568,0.8568,1.0,0.8297872340425532,0.849,0.8561151079136691,0.04521276595744683,0.01200000000000001,0.0015425497439885971,0.0,0.0,4284.0,5000.0
23.469125342212426,64380.171343128175,1447254.3383541347,20.0,7.184900302209604,-7.184900302209604,pass_ml_up,3.0,7.184900302209604,0.25793894103392034,1.3234137605232785e-09,1.0,1.0,4.0,none,0.0,2.060016455329277,5.124883846880323,32.0,32.0,8564.0,52.571970820412055,0.10001320353244249,nonsingular_isothermal,1.0,0.01,0.3,1.0,0.0,strict_pass,1.0,none,none,,,0.8564,0.8564,1.0,0.8297872340425532,0.849,0.8558558558558559,0.04521276595744683,0.01200000000000001,0.0018018018018017834,0.0,0.0,4282.0,5000.0
23.469125342212426,64380.171343128175,1447254.3383541347,7.512379480661366,8.092302472456906,-8.092302472456906,pass_ml_down,3.0,8.092302472456906,0.21088015293138618,1.2374183217440617e-09,1.0,1.0,3.0,none,0.0,1.8617088446523906,6.230593627804514,32.0,32.0,8564.0,352.40683986669677,0.021680075659140693,nonsingular_isothermal,1.0,0.01,0.3,1.0,0.0,strict_pass,1.0,none,none,,,0.8564,0.8564,1.0,0.8297872340425532,0.849,0.8558558558558559,0.04521276595744683,0.01200000000000001,0.0018018018018017834,0.0,0.0,4282.0,5000.0
28.649158823391733,9881.061434544965,7107.8144162310955,4.770030386530105,159.36292897576726,-159.36292897576726,pass_full,4.0,159.36292897576726,0.18439090067781194,2.3313577055792222e-07,1.0,1.0,10.0,none,0.0,85.52660964490771,73.83631933086097,32.0,32.0,8564.0,10.636826919167206,0.20148481254712958,nonsingular_isothermal,1.0,0.01,0.3,1.0,0.0,strict_pass,1.0,none,none,,,0.8564,0.8564,1.0,0.8297872340425532,0.849,0.8558558558558559,0.04521276595744683,0.01200000000000001,0.0018018018018017834,0.0,0.0,4282.0,5000.0
28.649158823391733,9881.061434544965,0.0,4.770030386530105,839.3215265926613,-839.3215265926613,pass_halo_only,4.0,839.3215265926613,0.14701299543014557,2.1368433040952058e-07,1.0,1.0,4.0,none,0.0,415.13028760047405,424.1912389921853,32.0,32.0,9968.0,185.61216264630613,0.05524937931348299,nonsingular_isothermal,1.0,0.01,0.3,1.0,0.0,coverage_warn,0.0,inner,joint,1,1 planned shell-band/Lfrac/theta cells have no successful orbit,0.9968,1.0,0.9968,0.9761904761904762,0.984,0.9711711711711711,0.023809523809523836,0.016000000000000014,0.028828828828828867,1.0,0.0,4984.0,5000.0
28.649158823391733,9881.061434544965,14215.628832462191,4.770030386530105,113.83245702657855,-113.83245702657855,pass_bh_up,4.0,113.83245702657855,0.06806563200382243,1.614385718914359e-07,1.0,1.0,10.0,none,0.0,24.433271618572782,89.39918540800544,32.0,32.0,8564.0,10.77595421479611,0.15612813345017384,nonsingular_isothermal,1.0,0.01,0.3,1.0,0.0,strict_pass,1.0,none,none,,,0.8564,0.8564,1.0,0.8297872340425532,0.849,0.8558558558558559,0.04521276595744683,0.01200000000000001,0.0018018018018017834,0.0,0.0,4282.0,5000.0
28.649158823391733,9881.061434544965,3553.9072081155477,4.770030386530105,73.77976550350861,-73.77976550350861,pass_bh_down,4.0,73.77976550350861,0.014580069532783568,5.3473688826730196e-08,1.0,1.0,3.0,none,0.0,32.56266555662481,41.21709994688385,32.0,32.0,8564.0,17.413358233907218,0.14409925318230865,nonsingular_isothermal,1.0,0.01,0.3,1.0,0.0,strict_pass,1.0,none,none,,,0.8564,0.8564,1.0,0.8297872340425532,0.849,0.8558558558558559,0.04521276595744683,0.01200000000000001,0.0018018018018017834,0.0,0.0,4282.0,5000.0
35.0,9881.061434544965,7107.8144162310955,4.770030386530105,190.68768090644483,-190.68768090644483,pass_halo_up,4.0,190.68768090644483,0.1541746224427527,8.728855665356566e-08,1.0,1.0,5.0,none,0.0,90.42961295480626,100.25806795164075,32.0,32.0,8564.0,7.342537398418196,0.2292663197191697,nonsingular_isothermal,1.0,0.01,0.3,1.0,0.0,strict_pass,1.0,none,none,,,0.8564,0.8564,1.0,0.8297872340425532,0.849,0.8558558558558559,0.04521276595744683,0.01200000000000001,0.0018018018018017834,0.0,0.0,4282.0,5000.0
14.324579411695867,9881.061434544965,7107.8144162310955,4.770030386530105,459.4757200618801,-459.4757200618801,pass_halo_down,4.0,459.4757200618801,0.2736204797612345,3.669812737361205e-05,1.0,1.0,2.0,none,0.0,117.88383757380635,341.59188248807385,32.0,32.0,8566.0,5.326967363116856,0.30811632943875716,nonsingular_isothermal,1.0,0.01,0.3,1.0,0.0,strict_pass,1.0,none,none,,,0.8566,0.8566,1.0,0.8297872340425532,0.849,0.8558558558558559,0.04521276595744683,0.01200000000000001,0.0018018018018017834,0.0,0.0,4283.0,5000.0
28.649158823391733,9881.061434544965,7107.8144162310955,9.54006077306021,158.05753043785643,-158.05753043785643,pass_ml_up,4.0,158.05753043785643,0.24908438417944012,2.3872932464889686e-07,1.0,1.0,5.0,none,0.0,96.72322068073419,61.334309757122206,32.0,32.0,8564.0,16.889580487202693,0.14931756263920284,nonsingular_isothermal,1.0,0.01,0.3,1.0,0.0,strict_pass,1.0,none,none,,,0.8564,0.8564,1.0,0.8297872340425532,0.849,0.8558558558558559,0.04521276595744683,0.01200000000000001,0.0018018018018017834,0.0,0.0,4282.0,5000.0
28.649158823391733,9881.061434544965,7107.8144162310955,2.3850151932650525,181.06619887226034,-181.06619887226034,pass_ml_down,4.0,181.06619887226034,0.1156752783670072,4.223552198749233e-06,1.0,1.0,14.0,none,0.0,97.08545838187618,83.98074049038468,32.0,32.0,8564.0,5.201396511934721,0.3935857454139315,nonsingular_isothermal,1.0,0.01,0.3,1.0,0.0,strict_pass,1.0,none,none,,,0.8564,0.8564,1.0,0.8297872340425532,0.849,0.8558558558558559,0.04521276595744683,0.01200000000000001,0.0018018018018017834,0.0,0.0,4282.0,5000.0
0.42892966607224137,35418.81693480726,370562.95432599605,15.896814393838408,15.40930356242451,-15.40930356242451,pass_full,5.0,15.40930356242451,0.06516509482644395,5.8812473178548855e-09,1.0,1.0,4.0,none,0.0,3.698962252812448,11.710341309612053,32.0,32.0,8564.0,22.615458222207316,0.15393368980377942,nonsingular_isothermal,1.0,0.01,0.3,1.0,0.0,strict_pass,1.0,none,none,,,0.8564,0.8564,1.0,0.8297872340425532,0.849,0.8558558558558559,0.04521276595744683,0.01200000000000001,0.0018018018018017834,0.0,0.0,4282.0,5000.0
0.42892966607224137,35418.81693480726,0.0,15.896814393838408,794.6708166042529,-794.6708166042529,pass_halo_only,5.0,794.6708166042529,0.22168410350934664,2.248182689803948e-07,1.0,1.0,4.0,none,0.0,407.44298674809596,387.22782985615765,32.0,32.0,9904.0,4.840701504493378,0.31564698361752297,nonsingular_isothermal,1.0,0.01,0.3,1.0,0.0,coverage_warn,0.0,inner,joint,1,3 planned shell-band/Lfrac/theta cells have no successful orbit,0.9904,1.0,0.9904,0.9285714285714286,0.952,0.9711711711711711,0.0714285714285714,0.04800000000000004,0.028828828828828867,3.0,0.0,4952.0,5000.0
0.42892966607224137,35418.81693480726,741125.9086519921,15.896814393838408,17.23712477621871,-17.23712477621871,pass_bh_up,5.0,17.23712477621871,0.2794795504610583,1.0363605147666776e-09,1.0,1.0,4.0,none,0.0,3.103108912618065,14.134015863600643,32.0,32.0,8564.0,80.21337325643341,0.0660538054079554,nonsingular_isothermal,1.0,0.01,0.3,1.0,0.0,strict_pass,1.0,none,none,,,0.8564,0.8564,1.0,0.8297872340425532,0.849,0.8558558558558559,0.04521276595744683,0.01200000000000001,0.0018018018018017834,0.0,0.0,4282.0,5000.0
0.42892966607224137,35418.81693480726,185281.47716299802,15.896814393838408,36.006471413264634,-36.006471413264634,pass_bh_down,5.0,36.006471413264634,0.009060793197789963,1.0504054467664603e-08,1.0,1.0,4.0,none,0.0,11.832313590153799,24.17415782311084,32.0,32.0,8564.0,17.58616825803368,0.1490833974911871,nonsingular_isothermal,1.0,0.01,0.3,1.0,0.0,strict_pass,1.0,none,none,,,0.8564,0.8564,1.0,0.8297872340425532,0.849,0.8558558558558559,0.04521276595744683,0.01200000000000001,0.0018018018018017834,0.0,0.0,4282.0,5000.0
0.8578593321444827,35418.81693480726,370562.95432599605,15.896814393838408,15.339604289440171,-15.339604289440171,pass_halo_up,5.0,15.339604289440171,0.08350480105378821,5.487284587823389e-09,1.0,1.0,4.0,none,0.0,3.6365741896312587,11.703030099808906,32.0,32.0,8564.0,22.741993964005214,0.1526755687916968,nonsingular_isothermal,1.0,0.01,0.3,1.0,0.0,strict_pass,1.0,none,none,,,0.8564,0.8564,1.0,0.8297872340425532,0.849,0.8558558558558559,0.04521276595744683,0.01200000000000001,0.0018018018018017834,0.0,0.0,4282.0,5000.0
0.21446483303612068,35418.81693480726,370562.95432599605,15.896814393838408,14.908310302722379,-14.908310302722379,pass_halo_down,5.0,14.908310302722379,0.06082257917871203,6.857639326766022e-09,1.0,1.0,4.0,none,0.0,3.4948965653042885,11.413413737418091,32.0,32.0,8568.0,20.155997995016797,0.15848343041856525,nonsingular_isothermal,1.0,0.01,0.3,1.0,0.0,strict_pass,1.0,none,none,,,0.8568,0.8568,1.0,0.8297872340425532,0.849,0.8561151079136691,0.04521276595744683,0.01200000000000001,0.0015425497439885971,0.0,0.0,4284.0,5000.0
0.42892966607224137,35418.81693480726,370562.95432599605,20.0,27.50119982855532,-27.50119982855532,pass_ml_up,5.0,27.50119982855532,0.26007824158134696,9.417295697884554e-09,1.0,1.0,4.0,none,0.0,5.491227765645948,22.009972062909366,32.0,32.0,8568.0,65.36638524959365,0.06909209352267466,nonsingular_isothermal,1.0,0.01,0.3,1.0,0.0,strict_pass,1.0,none,none,,,0.8568,0.8568,1.0,0.8297872340425532,0.849,0.8561151079136691,0.04521276595744683,0.01200000000000001,0.0015425497439885971,0.0,0.0,4284.0,5000.0
0.42892966607224137,35418.81693480726,370562.95432599605,7.948407196919204,26.560737184296055,-26.560737184296055,pass_ml_down,5.0,26.560737184296055,0.07801832842061884,5.248499324964667e-09,1.0,1.0,5.0,none,0.0,5.449877854469172,21.110859329826898,32.0,32.0,8570.0,57.40372497730344,0.08661845500042903,nonsingular_isothermal,1.0,0.01,0.3,1.0,0.0,strict_pass,1.0,none,none,,,0.857,0.857,1.0,0.8297872340425532,0.85,0.8561151079136691,0.04521276595744683,0.01100000000000001,0.0017985611510791255,0.0,0.0,4285.0,5000.0
21.426020897859075,89952.96963310777,630735.5588868198,8.251777762210809,16.677615822925556,-16.677615822925556,pass_full,6.0,16.677615822925556,0.04703524818553717,1.3720992647624097e-09,1.0,1.0,4.0,none,0.0,2.5908429149763434,14.086772907949214,32.0,32.0,8572.0,44.55007763846129,0.10772803440775669,nonsingular_isothermal,1.0,0.01,0.3,1.0,0.0,strict_pass,1.0,none,none,,,0.8572,0.8572,1.0,0.8297872340425532,0.851,0.8561151079136691,0.04521276595744683,0.010000000000000009,0.0017985611510791255,0.0,0.0,4286.0,5000.0
21.426020897859075,89952.96963310777,0.0,8.251777762210809,568.6850313648299,-568.6850313648299,pass_halo_only,6.0,568.6850313648299,0.07604387499929999,1.4991160547302592e-07,1.0,1.0,3.0,none,0.0,335.11081608588523,233.5742152789313,32.0,32.0,9904.0,4.220789592478878,0.36279204777320523,nonsingular_isothermal,1.0,0.01,0.3,1.0,0.0,coverage_warn,0.0,inner,joint,1,3 planned shell-band/Lfrac/theta cells have no successful orbit,0.9904,1.0,0.9904,0.9285714285714286,0.952,0.9711711711711711,0.0714285714285714,0.04800000000000004,0.028828828828828867,3.0,0.0,4952.0,5000.0
21.426020897859075,89952.96963310777,1261471.1177736395,8.251777762210809,8.652625466166837,-8.652625466166837,pass_bh_up,6.0,8.652625466166837,0.030261691964565074,1.2983538642355568e-09,1.0,1.0,4.0,none,0.0,1.539329378680807,7.113296087486029,32.0,32.0,8570.0,207.99841246471294,0.032652771352233156,nonsingular_isothermal,1.0,0.01,0.3,1.0,0.0,strict_pass,1.0,none,none,,,0.857,0.857,1.0,0.8297872340425532,0.85,0.8561151079136691,0.04521276595744683,0.01100000000000001,0.0017985611510791255,0.0,0.0,4285.0,5000.0
21.426020897859075,89952.96963310777,315367.7794434099,8.251777762210809,29.250412690928805,-29.250412690928805,pass_bh_down,6.0,29.250412690928805,0.1193748089879989,7.158381172544628e-09,1.0,1.0,4.0,none,0.0,5.52314251689515,23.727270174033674,32.0,32.0,8574.0,76.57693396187135,0.06370727047604027,nonsingular_isothermal,1.0,0.01,0.3,1.0,0.0,strict_pass,1.0,none,none,,,0.8574,0.8574,1.0,0.8297872340425532,0.852,0.8561151079136691,0.04521276595744683,0.009000000000000008,0.0017985611510791255,0.0,0.0,4287.0,5000.0
35.0,89952.96963310777,630735.5588868198,8.251777762210809,16.61319258269488,-16.61319258269488,pass_halo_up,6.0,16.61319258269488,0.10140179330918286,1.0654610457793083e-09,1.0,1.0,4.0,none,0.0,2.774229159469875,13.838963423225007,32.0,32.0,8570.0,42.86648568996487,0.1080861098011205,nonsingular_isothermal,1.0,0.01,0.3,1.0,0.0,strict_pass,1.0,none,none,,,0.857,0.857,1.0,0.8297872340425532,0.85,0.8561151079136691,0.04521276595744683,0.01100000000000001,0.0017985611510791255,0.0,0.0,4285.0,5000.0
10.713010448929538,89952.96963310777,630735.5588868198,8.251777762210809,16.626629002365544,-16.626629002365544,pass_halo_down,6.0,16.626629002365544,0.03607931270432019,1.108519472048253e-09,1.0,1.0,4.0,none,0.0,2.572648219999419,14.05398078236613,32.0,32.0,8574.0,44.05951351630575,0.10703917392821144,nonsingular_isothermal,1.0,0.01,0.3,1.0,0.0,strict_pass,1.0,none,none,,,0.8574,0.8574,1.0,0.8297872340425532,0.852,0.8561151079136691,0.04521276595744683,0.009000000000000008,0.0017985611510791255,0.0,0.0,4287.0,5000.0
21.426020897859075,89952.96963310777,630735.5588868198,16.503555524421618,18.203830931657734,-18.203830931657734,pass_ml_up,6.0,18.203830931657734,0.08745772587702305,1.729386561732747e-09,1.0,1.0,4.0,none,0.0,2.9516339871774013,15.25219694448034,32.0,32.0,8574.0,63.00145461131671,0.06924083304976081,nonsingular_isothermal,1.0,0.01,0.3,1.0,0.0,strict_pass,1.0,none,none,,,0.8574,0.8574,1.0,0.8297872340425532,0.852,0.8561151079136691,0.04521276595744683,0.009000000000000008,0.0017985611510791255,0.0,0.0,4287.0,5000.0
21.426020897859075,89952.96963310777,630735.5588868198,4.125888881105404,18.542054019154765,-18.542054019154765,pass_ml_down,6.0,18.542054019154765,0.040706323582600845,8.883321829868238e-10,1.0,1.0,4.0,none,0.0,2.9767585888764034,15.565295430278361,32.0,32.0,8572.0,183.6936242623833,0.03452515815494291,nonsingular_isothermal,1.0,0.01,0.3,1.0,0.0,strict_pass,1.0,none,none,,,0.8572,0.8572,1.0,0.8297872340425532,0.851,0.8561151079136691,0.04521276595744683,0.010000000000000009,0.0017985611510791255,0.0,0.0,4286.0,5000.0
34.30905112871748,54252.31147189031,484589.2238858607,5.194385305889657,18.230525344103103,-18.230525344103103,pass_full,7.0,18.230525344103103,0.011909532304709813,1.7924587175641964e-09,1.0,1.0,4.0,none,0.0,3.7427825492664537,14.487742794836652,32.0,32.0,8570.0,55.27892529948193,0.07661061610799065,nonsingular_isothermal,1.0,0.01,0.3,1.0,0.0,strict_pass,1.0,none,none,,,0.857,0.857,1.0,0.8297872340425532,0.85,0.8561151079136691,0.04521276595744683,0.01100000000000001,0.0017985611510791255,0.0,0.0,4285.0,5000.0
34.30905112871748,54252.31147189031,0.0,5.194385305889657,655.2475296389106,-655.2475296389106,pass_halo_only,7.0,655.2475296389106,0.08616183660819843,2.972197427492382e-07,1.0,1.0,39.0,none,0.0,220.8545097708366,434.39301986805896,32.0,32.0,9930.0,13.976986533565235,0.17909459707235195,nonsingular_isothermal,1.0,0.01,0.3,1.0,0.0,coverage_warn,0.0,inner,joint,1,2 planned shell-band/Lfrac/theta cells have no successful orbit,0.993,1.0,0.993,0.9479166666666666,0.965,0.9711711711711711,0.05208333333333337,0.03500000000000003,0.028828828828828867,2.0,0.0,4965.0,5000.0
34.30905112871748,54252.31147189031,969178.4477717214,5.194385305889657,12.026538692584356,-12.026538692584356,pass_bh_up,7.0,12.026538692584356,0.19315083779825137,1.421939578235927e-09,1.0,1.0,3.0,none,0.0,2.2311702867128558,9.795368405871496,32.0,32.0,8574.0,317.36083659035364,0.02623530874313006,nonsingular_isothermal,1.0,0.01,0.3,1.0,0.0,strict_pass,1.0,none,none,,,0.8574,0.8574,1.0,0.8297872340425532,0.852,0.8561151079136691,0.04521276595744683,0.009000000000000008,0.0017985611510791255,0.0,0.0,4287.0,5000.0
34.30905112871748,54252.31147189031,242294.61194293035,5.194385305889657,32.73654089912911,-32.73654089912911,pass_bh_down,7.0,32.73654089912911,0.1370985010756911,5.5932440947329945e-09,1.0,1.0,4.0,none,0.0,7.9544929229559695,24.782047976173104,32.0,32.0,8572.0,34.376215972665705,0.07061277798435618,nonsingular_isothermal,1.0,0.01,0.3,1.0,0.0,strict_pass,1.0,none,none,,,0.8572,0.8572,1.0,0.8297872340425532,0.851,0.8561151079136691,0.04521276595744683,0.010000000000000009,0.0017985611510791255,0.0,0.0,4286.0,5000.0
35.0,54252.31147189031,484589.2238858607,5.194385305889657,18.46737966235856,-18.46737966235856,pass_halo_up,7.0,18.46737966235856,0.018344164313248257,1.5398578578905113e-09,1.0,1.0,4.0,none,0.0,4.003701179606355,14.4636784827522,32.0,32.0,8572.0,61.95985944644994,0.0724614722988497,nonsingular_isothermal,1.0,0.01,0.3,1.0,0.0,strict_pass,1.0,none,none,,,0.8572,0.8572,1.0,0.8297872340425532,0.851,0.8561151079136691,0.04521276595744683,0.010000000000000009,0.0017985611510791255,0.0,0.0,4286.0,5000.0
17.15452556435874,54252.31147189031,484589.2238858607,5.194385305889657,18.55340502131806,-18.55340502131806,pass_halo_down,7.0,18.55340502131806,0.039295178155331456,1.7492241844809564e-09,1.0,1.0,4.0,none,0.0,4.028272181802441,14.525132839515608,32.0,32.0,8570.0,55.88042990438957,0.0729124883745842,nonsingular_isothermal,1.0,0.01,0.3,1.0,0.0,strict_pass,1.0,none,none,,,0.857,0.857,1.0,0.8297872340425532,0.85,0.8561151079136691,0.04521276595744683,0.01100000000000001,0.0017985611510791255,0.0,0.0,4285.0,5000.0
34.30905112871748,54252.31147189031,484589.2238858607,10.388770611779314,21.959451039854713,-21.959451039854713,pass_ml_up,7.0,21.959451039854713,0.26582614740653554,1.8183267752600816e-09,1.0,1.0,4.0,none,0.0,4.901954653552925,17.057496386301782,32.0,32.0,8572.0,86.05967312690788,0.07399862480178429,nonsingular_isothermal,1.0,0.01,0.3,1.0,0.0,strict_pass,1.0,none,none,,,0.8572,0.8572,1.0,0.8297872340425532,0.851,0.8561151079136691,0.04521276595744683,0.010000000000000009,0.0017985611510791255,0.0,0.0,4286.0,5000.0
34.30905112871748,54252.31147189031,484589.2238858607,2.5971926529448286,21.61600852470136,-21.61600852470136,pass_ml_down,7.0,21.61600852470136,0.03115903039402923,1.4865734069070311e-09,1.0,1.0,4.0,none,0.0,4.412843513266798,17.20316501143456,32.0,32.0,8572.0,139.6063340787017,0.033732377409606724,nonsingular_isothermal,1.0,0.01,0.3,1.0,0.0,strict_pass,1.0,none,none,,,0.8572,0.8572,1.0,0.8297872340425532,0.851,0.8561151079136691,0.04521276595744683,0.010000000000000009,0.0017985611510791255,0.0,0.0,4286.0,5000.0
19.780452524237862,13420.354303428952,1752517.1178850129,9.710570729597436,6.182747722376724,-6.182747722376724,pass_full,8.0,6.182747722376724,0.17217479498113786,1.3225039327545982e-09,1.0,1.0,3.0,none,0.0,1.7818521894655306,4.400895532911194,32.0,32.0,8572.0,367.1184612486547,0.026924361963655944,nonsingular_isothermal,1.0,0.01,0.3,1.0,0.0,strict_pass,1.0,none,none,,,0.8572,0.8572,1.0,0.8297872340425532,0.851,0.8561151079136691,0.04521276595744683,0.010000000000000009,0.0017985611510791255,0.0,0.0,4286.0,5000.0
19.780452524237862,13420.354303428952,0.0,9.710570729597436,668.2935397960208,-668.2935397960208,pass_halo_only,8.0,668.2935397960208,0.05241430321416374,0.001757587645545601,1.0,1.0,50.0,none,0.0,367.8240840213213,300.46945577468483,32.0,32.0,4138.0,2.0442277476128545,0.6911054778844676,nonsingular_isothermal,1.0,0.01,0.3,1.0,0.0,coverage_warn,0.0,inner,joint,1,2 planned shell-band/Lfrac/theta cells have no successful orbit,0.9936,1.0,0.9936,0.9523809523809523,0.968,0.9711711711711711,0.04761904761904767,0.03200000000000003,0.028828828828828867,2.0,0.0,4968.0,5000.0
19.780452524237862,13420.354303428952,2000000.0,9.710570729597436,5.613699170987906,-5.613699170987906,pass_bh_up,8.0,5.613699170987906,0.07018960292823095,1.4466423498929471e-09,1.0,1.0,3.0,none,0.0,1.7355237633122482,3.8781754076756583,32.0,32.0,8576.0,447.25237303318465,0.03128351660780768,nonsingular_isothermal,1.0,0.01,0.3,1.0,0.0,strict_pass,1.0,none,none,,,0.8576,0.8576,1.0,0.8297872340425532,0.853,0.8561151079136691,0.04521276595744683,0.008000000000000007,0.0017985611510791255,0.0,0.0,4288.0,5000.0
19.780452524237862,13420.354303428952,876258.5589425064,9.710570729597436,8.054353902507934,-8.054353902507934,pass_bh_down,8.0,8.054353902507934,0.016452898021279694,1.304440232913124e-09,1.0,1.0,4.0,none,0.0,2.4499566927255927,5.604397209782339,32.0,32.0,8580.0,78.07499938729525,0.07841731193001135,nonsingular_isothermal,1.0,0.01,0.3,1.0,0.0,strict_pass,1.0,none,none,,,0.858,0.858,1.0,0.8297872340425532,0.855,0.8576576576576577,0.04521276595744683,0.006000000000000005,0.0018018018018017834,0.0,0.0,4290.0,5000.0
35.0,13420.354303428952,1752517.1178850129,9.710570729597436,4.085276312213998,-4.085276312213998,pass_halo_up,8.0,4.085276312213998,0.1300935109086252,1.4671324294334338e-09,1.0,1.0,3.0,none,0.0,1.8335660921920647,2.2517102200219354,32.0,32.0,8568.0,266.7998254360371,0.03318419176725401,nonsingular_isothermal,1.0,0.01,0.3,1.0,0.0,strict_pass,1.0,none,none,,,0.8568,0.8568,1.0,0.8297872340425532,0.849,0.8561151079136691,0.04521276595744683,0.01200000000000001,0.0015425497439885971,0.0,0.0,4284.0,5000.0
9.890226262118931,13420.354303428952,1752517.1178850129,9.710570729597436,5.6524366638253,-5.6524366638253,pass_halo_down,8.0,5.6524366638253,0.25798854671448357,1.1455787903938621e-09,1.0,1.0,3.0,none,0.0,1.2649149096891492,4.3875217541361495,32.0,32.0,8568.0,157.7543190020931,0.07063139619627973,nonsingular_isothermal,1.0,0.01,0.3,1.0,0.0,strict_pass,1.0,none,none,,,0.8568,0.8568,1.0,0.8297872340425532,0.849,0.8561151079136691,0.04521276595744683,0.01200000000000001,0.0015425497439885971,0.0,0.0,4284.0,5000.0
19.780452524237862,13420.354303428952,1752517.1178850129,19.42114145919487,5.174864642326266,-5.174864642326266,pass_ml_up,8.0,5.174864642326266,0.004299186318363013,1.4272731850561091e-09,1.0,1.0,4.0,none,0.0,1.3259084923117028,3.848956150014565,32.0,32.0,8570.0,115.05945428557564,0.07834801400223725,nonsingular_isothermal,1.0,0.01,0.3,1.0,0.0,strict_pass,1.0,none,none,,,0.857,0.857,1.0,0.8297872340425532,0.85,0.8561151079136691,0.04521276595744683,0.01100000000000001,0.0017985611510791255,0.0,0.0,4285.0,5000.0
19.780452524237862,13420.354303428952,1752517.1178850129,4.855285364798718,6.226410934486738,-6.226410934486738,pass_ml_down,8.0,6.226410934486738,0.11952950188753686,1.2187163639375894e-09,1.0,1.0,3.0,none,0.0,1.79755829439262,4.428852640094117,32.0,32.0,8566.0,437.21777162252414,0.02713437267819371,nonsingular_isothermal,1.0,0.01,0.3,1.0,0.0,strict_pass,1.0,none,none,,,0.8566,0.8566,1.0,0.8297872340425532,0.849,0.8558558558558559,0.04521276595744683,0.01200000000000001,0.0018018018018017834,0.0,0.0,4283.0,5000.0
9.916405380341596,89231.85703098748,1655263.941006579,19.60341530900246,6.103395197678758,-6.103395197678758,pass_full,9.0,6.103395197678758,0.015043270913180251,1.2762119648104928e-09,1.0,1.0,4.0,none,0.0,1.4923534233390634,4.611041774339697,32.0,32.0,8564.0,139.93676460232047,0.07307903543807734,nonsingular_isothermal,1.0,0.01,0.3,1.0,0.0,strict_pass,1.0,none,none,,,0.8564,0.8564,1.0,0.8297872340425532,0.849,0.8558558558558559,0.04521276595744683,0.01200000000000001,0.0018018018018017834,0.0,0.0,4282.0,5000.0
9.916405380341596,89231.85703098748,0.0,19.60341530900246,766.1469128185679,-766.1469128185679,pass_halo_only,9.0,766.1469128185679,0.007850420422755633,1.9623789356801923e-07,1.0,1.0,5.0,none,0.0,406.7431820933534,359.40373072519884,32.0,32.0,9904.0,3.6299442092418537,0.5043934202343388,nonsingular_isothermal,1.0,0.01,0.3,1.0,0.0,coverage_warn,0.0,inner,joint,1,3 planned shell-band/Lfrac/theta cells have no successful orbit,0.9904,1.0,0.9904,0.9285714285714286,0.952,0.9711711711711711,0.0714285714285714,0.04800000000000004,0.028828828828828867,3.0,0.0,4952.0,5000.0
9.916405380341596,89231.85703098748,2000000.0,19.60341530900246,4.677842701186728,-4.677842701186728,pass_bh_up,9.0,4.677842701186728,0.01196120236244358,1.2315735399096175e-09,1.0,1.0,4.0,none,0.0,1.7793828736196988,2.898459827567024,32.0,32.0,8564.0,198.20602877864943,0.05143737758827992,nonsingular_isothermal,1.0,0.01,0.3,1.0,0.0,strict_pass,1.0,none,none,,,0.8564,0.8564,1.0,0.8297872340425532,0.849,0.8558558558558559,0.04521276595744683,0.01200000000000001,0.0018018018018017834,0.0,0.0,4282.0,5000.0
9.916405380341596,89231.85703098748,827631.9705032895,19.60341530900246,13.112758690841627,-13.112758690841627,pass_bh_down,9.0,13.112758690841627,0.10598107742745277,7.685699771053087e-10,1.0,1.0,4.0,none,0.0,2.413347442874375,10.699411247967253,32.0,32.0,8564.0,114.24380760152833,0.06585993854982757,nonsingular_isothermal,1.0,0.01,0.3,1.0,0.0,strict_pass,1.0,none,none,,,0.8564,0.8564,1.0,0.8297872340425532,0.849,0.8558558558558559,0.04521276595744683,0.01200000000000001,0.0018018018018017834,0.0,0.0,4282.0,5000.0
19.83281076068319,89231.85703098748,1655263.941006579,19.60341530900246,6.216442363696003,-6.216442363696003,pass_halo_up,9.0,6.216442363696003,0.23033877366381983,1.4122010609517674e-09,1.0,1.0,3.0,none,0.0,1.5826373683368775,4.633804995359128,32.0,32.0,8564.0,231.74831854312214,0.04527391435557894,nonsingular_isothermal,1.0,0.01,0.3,1.0,0.0,strict_pass,1.0,none,none,,,0.8564,0.8564,1.0,0.8297872340425532,0.849,0.8558558558558559,0.04521276595744683,0.01200000000000001,0.0018018018018017834,0.0,0.0,4282.0,5000.0
4.958202690170798,89231.85703098748,1655263.941006579,19.60341530900246,6.614224245643945,-6.614224245643945,pass_halo_down,9.0,6.614224245643945,0.2586713732567665,1.1544194558620705e-09,1.0,1.0,3.0,none,0.0,1.9725108784374488,4.641713367206492,32.0,32.0,8568.0,280.3533633166635,0.028216451942576076,nonsingular_isothermal,1.0,0.01,0.3,1.0,0.0,strict_pass,1.0,none,none,,,0.8568,0.8568,1.0,0.8297872340425532,0.849,0.8561151079136691,0.04521276595744683,0.01200000000000001,0.0015425497439885971,0.0,0.0,4284.0,5000.0
9.916405380341596,89231.85703098748,1655263.941006579,20.0,6.591616029439821,-6.591616029439821,pass_ml_up,9.0,6.591616029439821,0.2761977250125174,1.3162214686223418e-09,1.0,1.0,3.0,none,0.0,1.982174891745929,4.609441137693897,32.0,32.0,8566.0,250.75953286224848,0.042440541463096434,nonsingular_isothermal,1.0,0.01,0.3,1.0,0.0,strict_pass,1.0,none,none,,,0.8566,0.8566,1.0,0.8297872340425532,0.849,0.8558558558558559,0.04521276595744683,0.01200000000000001,0.0018018018018017834,0.0,0.0,4283.0,5000.0
9.916405380341596,89231.85703098748,1655263.941006579,9.80170765450123,5.78602681504846,-5.78602681504846,pass_ml_down,9.0,5.78602681504846,0.005318294613812391,9.009123181265182e-10,1.0,1.0,4.0,none,0.0,1.0918671112144875,4.69415970383397,32.0,32.0,8568.0,103.5558055403359,0.08743188473618672,nonsingular_isothermal,1.0,0.01,0.3,1.0,0.0,strict_pass,1.0,none,none,,,0.8568,0.8568,1.0,0.8297872340425532,0.849,0.8561151079136691,0.04521276595744683,0.01200000000000001,0.0015425497439885971,0.0,0.0,4284.0,5000.0
30.353154016632732,19431.21473945123,908981.346268178,16.142619075977603,11.806947752552432,-11.806947752552432,pass_full,10.0,11.806947752552432,0.2819424057452764,1.2664311439812327e-09,1.0,1.0,3.0,none,0.0,2.6225974898296616,9.184350262722768,32.0,32.0,8564.0,232.26457385924928,0.02419419146702486,nonsingular_isothermal,1.0,0.01,0.3,1.0,0.0,strict_pass,1.0,none,none,,,0.8564,0.8564,1.0,0.8297872340425532,0.849,0.8558558558558559,0.04521276595744683,0.01200000000000001,0.0018018018018017834,0.0,0.0,4282.0,5000.0
30.353154016632732,19431.21473945123,0.0,16.142619075977603,787.1793612313897,-787.1793612313897,pass_halo_only,10.0,787.1793612313897,0.053160981261612505,0.001063615960388335,1.0,1.0,30.0,none,0.0,408.9132771255513,378.26608410583304,32.0,32.0,9936.0,3.561870542408402,0.3673482055759418,nonsingular_isothermal,1.0,0.01,0.3,1.0,0.0,coverage_warn,0.0,inner,joint,1,2 planned shell-band/Lfrac/theta cells have no successful orbit,0.9936,1.0,0.9936,0.9523809523809523,0.968,0.9711711711711711,0.04761904761904767,0.03200000000000003,0.028828828828828867,2.0,0.0,4968.0,5000.0
30.353154016632732,19431.21473945123,1817962.692536356,16.142619075977603,3.791922498877808,-3.791922498877808,pass_bh_up,10.0,3.791922498877808,0.0020113181752989817,8.764994679129243e-10,1.0,1.0,4.0,none,0.0,1.480757916243868,2.3111645826339395,32.0,32.0,8568.0,120.3459631477403,0.048427131938410944,nonsingular_isothermal,1.0,0.01,0.3,1.0,0.0,strict_pass,1.0,none,none,,,0.8568,0.8568,1.0,0.8297872340425532,0.849,0.8561151079136691,0.04521276595744683,0.01200000000000001,0.0015425497439885971,0.0,0.0,4284.0,5000.0
30.353154016632732,19431.21473945123,454490.673134089,16.142619075977603,16.58817386102321,-16.58817386102321,pass_bh_down,10.0,16.58817386102321,0.19916762500478669,3.090525296789097e-09,1.0,1.0,4.0,none,0.0,4.651649233445111,11.936524627578088,32.0,32.0,8566.0,28.574195893367644,0.151518638757346,nonsingular_isothermal,1.0,0.01,0.3,1.0,0.0,strict_pass,1.0,none,none,,,0.8566,0.8566,1.0,0.8297872340425532,0.849,0.8558558558558559,0.04521276595744683,0.01200000000000001,0.0018018018018017834,0.0,0.0,4283.0,5000.0
35.0,19431.21473945123,908981.346268178,16.142619075977603,11.2191184918892,-11.2191184918892,pass_halo_up,10.0,11.2191184918892,0.10745521828911286,1.2810638626291087e-09,1.0,1.0,4.0,none,0.0,1.9437583091646629,9.275360182724539,32.0,32.0,8566.0,144.2300346329713,0.05746910605523161,nonsingular_isothermal,1.0,0.01,0.3,1.0,0.0,strict_pass,1.0,none,none,,,0.8566,0.8566,1.0,0.8297872340425532,0.849,0.8558558558558559,0.04521276595744683,0.01200000000000001,0.0018018018018017834,0.0,0.0,4283.0,5000.0
15.176577008316366,19431.21473945123,908981.346268178,16.142619075977603,11.386284263028312,-11.386284263028312,pass_halo_down,10.0,11.386284263028312,0.2938117909459006,8.870516779445749e-10,1.0,1.0,3.0,none,0.0,2.3203819273348,9.06590233569351,32.0,32.0,8564.0,223.51286648576354,0.033656031657048564,nonsingular_isothermal,1.0,0.01,0.3,1.0,0.0,strict_pass,1.0,none,none,,,0.8564,0.8564,1.0,0.8297872340425532,0.849,0.8558558558558559,0.04521276595744683,0.01200000000000001,0.0018018018018017834,0.0,0.0,4282.0,5000.0
30.353154016632732,19431.21473945123,908981.346268178,20.0,10.36973062267259,-10.36973062267259,pass_ml_up,10.0,10.36973062267259,0.2652757404587316,1.0488573782643682e-09,1.0,1.0,3.0,none,0.0,2.209648302148099,8.160082320524491,32.0,32.0,8568.0,242.8954439748273,0.03466118076029876,nonsingular_isothermal,1.0,0.01,0.3,1.0,0.0,strict_pass,1.0,none,none,,,0.8568,0.8568,1.0,0.8297872340425532,0.849,0.8561151079136691,0.04521276595744683,0.01200000000000001,0.0015425497439885971,0.0,0.0,4284.0,5000.0
30.353154016632732,19431.21473945123,908981.346268178,8.071309537988801,9.7769328510277,-9.7769328510277,pass_ml_down,10.0,9.7769328510277,0.2825187503757771,8.108005979574845e-10,1.0,1.0,3.0,none,0.0,2.317440366295088,7.459492484732613,32.0,32.0,8568.0,96.65740580009403,0.08422182194099734,nonsingular_isothermal,1.0,0.01,0.3,1.0,0.0,strict_pass,1.0,none,none,,,0.8568,0.8568,1.0,0.8297872340425532,0.849,0.8561151079136691,0.04521276595744683,0.01200000000000001,0.0015425497439885971,0.0,0.0,4284.0,5000.0
26.153099585793246,92003.97587639492,440939.85942057177,19.959471339589147,16.348651622078727,-16.348651622078727,pass_full,11.0,16.348651622078727,0.016817847799675434,3.923886935282499e-09,1.0,1.0,5.0,none,0.0,4.358384923339684,11.990266698739036,32.0,32.0,8564.0,44.530971475347826,0.10958988009840327,nonsingular_isothermal,1.0,0.01,0.3,1.0,0.0,strict_pass,1.0,none,none,,,0.8564,0.8564,1.0,0.8297872340425532,0.849,0.8558558558558559,0.04521276595744683,0.01200000000000001,0.0018018018018017834,0.0,0.0,4282.0,5000.0
26.153099585793246,92003.97587639492,0.0,19.959471339589147,749.4508611979724,-749.4508611979724,pass_halo_only,11.0,749.4508611979724,0.10106226789093853,1.8434580309940183e-07,1.0,1.0,4.0,none,0.0,401.87053000566084,347.5803311922988,32.0,32.0,9904.0,7.808452163812626,0.23289825067143227,nonsingular_isothermal,1.0,0.01,0.3,1.0,0.0,coverage_warn,0.0,inner,joint,1,3 planned shell-band/Lfrac/theta cells have no successful orbit,0.9904,1.0,0.9904,0.9285714285714286,0.952,0.9711711711711711,0.0714285714285714,0.04800000000000004,0.028828828828828867,3.0,0.0,4952.0,5000.0
26.153099585793246,92003.97587639492,881879.7188411435,19.959471339589147,12.273128702605717,-12.273128702605717,pass_bh_up,11.0,12.273128702605717,0.18416176753348346,9.215691994245962e-10,1.0,1.0,4.0,none,0.0,2.5720907209656856,9.701037981640035,32.0,32.0,8566.0,125.09998124488921,0.036174345542274,nonsingular_isothermal,1.0,0.01,0.3,1.0,0.0,strict_pass,1.0,none,none,,,0.8566,0.8566,1.0,0.8297872340425532,0.849,0.8558558558558559,0.04521276595744683,0.01200000000000001,0.0018018018018017834,0.0,0.0,4283.0,5000.0
26.153099585793246,92003.97587639492,220469.92971028588,19.959471339589147,30.741094681677115,-30.741094681677115,pass_bh_down,11.0,30.741094681677115,0.035392203953033885,1.0244034996432519e-08,1.0,1.0,4.0,none,0.0,8.695217616652755,22.045877065024378,32.0,32.0,8564.0,19.00954606618704,0.1135539549542644,nonsingular_isothermal,1.0,0.01,0.3,1.0,0.0,strict_pass,1.0,none,none,,,0.8564,0.8564,1.0,0.8297872340425532,0.849,0.8558558558558559,0.04521276595744683,0.01200000000000001,0.0018018018018017834,0.0,0.0,4282.0,5000.0
35.0,92003.97587639492,440939.85942057177,19.959471339589147,16.33974113002382,-16.33974113002382,pass_halo_up,11.0,16.33974113002382,0.01996228200448158,5.4980189012617665e-09,1.0,1.0,5.0,none,0.0,4.295038765328057,12.04470236469577,32.0,32.0,8564.0,42.00781292623423,0.11269069323491224,nonsingular_isothermal,1.0,0.01,0.3,1.0,0.0,strict_pass,1.0,none,none,,,0.8564,0.8564,1.0,0.8297872340425532,0.849,0.8558558558558559,0.04521276595744683,0.01200000000000001,0.0018018018018017834,0.0,0.0,4282.0,5000.0
13.076549792896623,92003.97587639492,440939.85942057177,19.959471339589147,16.596873169654884,-16.596873169654884,pass_halo_down,11.0,16.596873169654884,0.02239920806304596,3.778946202255775e-09,1.0,1.0,5.0,none,0.0,4.609945774054013,11.986927395600864,32.0,32.0,8566.0,47.50299234305989,0.1084953172119961,nonsingular_isothermal,1.0,0.01,0.3,1.0,0.0,strict_pass,1.0,none,none,,,0.8566,0.8566,1.0,0.8297872340425532,0.849,0.8558558558558559,0.04521276595744683,0.01200000000000001,0.0018018018018017834,0.0,0.0,4283.0,5000.0
26.153099585793246,92003.97587639492,440939.85942057177,20.0,16.66847044567869,-16.66847044567869,pass_ml_up,11.0,16.66847044567869,0.01627833325243344,3.704430446421535e-09,1.0,1.0,5.0,none,0.0,4.688621521761569,11.979848923917114,32.0,32.0,8564.0,46.82092043314737,0.10847034957282409,nonsingular_isothermal,1.0,0.01,0.3,1.0,0.0,strict_pass,1.0,none,none,,,0.8564,0.8564,1.0,0.8297872340425532,0.849,0.8558558558558559,0.04521276595744683,0.01200000000000001,0.0018018018018017834,0.0,0.0,4282.0,5000.0
26.153099585793246,92003.97587639492,440939.85942057177,9.979735669794573,22.746919745429185,-22.746919745429185,pass_ml_down,11.0,22.746919745429185,0.23192833410767832,1.2909365278144806e-09,1.0,1.0,4.0,none,0.0,5.359886582267949,17.387033163161227,32.0,32.0,8566.0,99.67754012722072,0.05714195212166023,nonsingular_isothermal,1.0,0.01,0.3,1.0,0.0,strict_pass,1.0,none,none,,,0.8566,0.8566,1.0,0.8297872340425532,0.849,0.8558558558558559,0.04521276595744683,0.01200000000000001,0.0018018018018017834,0.0,0.0,4283.0,5000.0
21.09787820904332,3648.2938892815514,1111042.1569288508,6.528921934113666,6.977857873282878,-6.977857873282878,pass_full,12.0,6.977857873282878,0.16080772560200973,6.795757942489685e-10,1.0,1.0,3.0,none,0.0,1.4399559700446176,5.5379019032382635,32.0,32.0,8564.0,309.6061671688901,0.02730558334940917,nonsingular_isothermal,1.0,0.01,0.3,1.0,0.0,strict_pass,1.0,none,none,,,0.8564,0.8564,1.0,0.8297872340425532,0.849,0.8558558558558559,0.04521276595744683,0.01200000000000001,0.0018018018018017834,0.0,0.0,4282.0,5000.0
21.09787820904332,3648.2938892815514,0.0,6.528921934113666,408.013503589213,-408.013503589213,pass_halo_only,12.0,408.013503589213,0.02624201543341087,3.438660115409516e-07,1.0,1.0,22.0,none,0.0,213.89695699125846,194.11654659795641,32.0,32.0,8564.0,9.633290784165773,0.30891672857022007,nonsingular_isothermal,1.0,0.01,0.3,1.0,0.0,strict_pass,1.0,none,none,,,0.8564,0.8564,1.0,0.8297872340425532,0.849,0.8558558558558559,0.04521276595744683,0.01200000000000001,0.0018018018018017834,0.0,0.0,4282.0,5000.0
21.09787820904332,3648.2938892815514,2000000.0,6.528921934113666,5.871679262565992,-5.871679262565992,pass_bh_up,12.0,5.871679262565992,0.15711805239963184,2.002389447539853e-09,1.0,1.0,3.0,none,0.0,1.982786742772225,3.888892519793764,32.0,32.0,8564.0,477.0487466725226,0.02210168871822224,nonsingular_isothermal,1.0,0.01,0.3,1.0,0.0,strict_pass,1.0,none,none,,,0.8564,0.8564,1.0,0.8297872340425532,0.849,0.8558558558558559,0.04521276595744683,0.01200000000000001,0.0018018018018017834,0.0,0.0,4282.0,5000.0
21.09787820904332,3648.2938892815514,555521.0784644254,6.528921934113666,12.401877764043043,-12.401877764043043,pass_bh_down,12.0,12.401877764043043,0.10441089656522173,2.7984170617351227e-09,1.0,1.0,4.0,none,0.0,2.5463192291310017,9.855558534912042,32.0,32.0,8566.0,13.47684402445576,0.23876881345268022,nonsingular_isothermal,1.0,0.01,0.3,1.0,0.0,strict_pass,1.0,none,none,,,0.8566,0.8566,1.0,0.8297872340425532,0.849,0.8558558558558559,0.04521276595744683,0.01200000000000001,0.0018018018018017834,0.0,0.0,4283.0,5000.0
35.0,3648.2938892815514,1111042.1569288508,6.528921934113666,6.1187402294582185,-6.1187402294582185,pass_halo_up,12.0,6.1187402294582185,0.1929892386487131,9.684914988038971e-10,1.0,1.0,4.0,none,0.0,2.1454751693064646,3.973265060151754,32.0,32.0,8564.0,43.611197549979714,0.08167459500491724,nonsingular_isothermal,1.0,0.01,0.3,1.0,0.0,strict_pass,1.0,none,none,,,0.8564,0.8564,1.0,0.8297872340425532,0.849,0.8558558558558559,0.04521276595744683,0.01200000000000001,0.0018018018018017834,0.0,0.0,4282.0,5000.0
10.54893910452166,3648.2938892815514,1111042.1569288508,6.528921934113666,10.491155647549393,-10.491155647549393,pass_halo_down,12.0,10.491155647549393,0.2059416806378973,1.803255891830055e-09,1.0,1.0,4.0,none,0.0,1.8670070467502227,8.624148600799167,32.0,32.0,8570.0,116.59533178633941,0.07089123173705245,nonsingular_isothermal,1.0,0.01,0.3,1.0,0.0,strict_pass,1.0,none,none,,,0.857,0.857,1.0,0.8297872340425532,0.85,0.8561151079136691,0.04521276595744683,0.01100000000000001,0.0017985611510791255,0.0,0.0,4285.0,5000.0
21.09787820904332,3648.2938892815514,1111042.1569288508,13.057843868227332,6.307930211583567,-6.307930211583567,pass_ml_up,12.0,6.307930211583567,0.21653218845104494,3.405300443246761e-09,1.0,1.0,3.0,none,0.0,2.4567026363641533,3.8512275752194114,32.0,32.0,8566.0,176.27758622179363,0.048368183974076516,nonsingular_isothermal,1.0,0.01,0.3,1.0,0.0,strict_pass,1.0,none,none,,,0.8566,0.8566,1.0,0.8297872340425532,0.849,0.8558558558558559,0.04521276595744683,0.01200000000000001,0.0018018018018017834,0.0,0.0,4283.0,5000.0
21.09787820904332,3648.2938892815514,1111042.1569288508,3.264460967056833,7.863074489079373,-7.863074489079373,pass_ml_down,12.0,7.863074489079373,0.03695742264691937,1.3030243134481155e-09,1.0,1.0,5.0,none,0.0,1.9694303304194485,5.8936441586599235,32.0,32.0,8566.0,34.11290774607441,0.1427383774320398,nonsingular_isothermal,1.0,0.01,0.3,1.0,0.0,strict_pass,1.0,none,none,,,0.8566,0.8566,1.0,0.8297872340425532,0.849,0.8558558558558559,0.04521276595744683,0.01200000000000001,0.0018018018018017834,0.0,0.0,4283.0,5000.0
17.573661858692013,53358.85952305109,1325026.7795836816,9.273858500707028,7.20733889900816,-7.20733889900816,pass_full,13.0,7.20733889900816,0.23407132121737106,1.220063529372351e-09,1.0,1.0,3.0,none,0.0,1.6185507138216322,5.588788185186523,32.0,32.0,8566.0,280.44160728560115,0.03308816928067679,nonsingular_isothermal,1.0,0.01,0.3,1.0,0.0,strict_pass,1.0,none,none,,,0.8566,0.8566,1.0,0.8297872340425532,0.849,0.8558558558558559,0.04521276595744683,0.01200000000000001,0.0018018018018017834,0.0,0.0,4283.0,5000.0
17.573661858692013,53358.85952305109,0.0,9.273858500707028,698.847797299466,-698.847797299466,pass_halo_only,13.0,698.847797299466,0.21311818272181426,1.9466870930747977e-07,1.0,1.0,4.0,none,0.0,381.2323930306695,317.615404268792,32.0,32.0,9904.0,6.681981671002495,0.260238022313795,nonsingular_isothermal,1.0,0.01,0.3,1.0,0.0,coverage_warn,0.0,inner,joint,1,3 planned shell-band/Lfrac/theta cells have no successful orbit,0.9904,1.0,0.9904,0.9285714285714286,0.952,0.9711711711711711,0.0714285714285714,0.04800000000000004,0.028828828828828867,3.0,0.0,4952.0,5000.0
17.573661858692013,53358.85952305109,2000000.0,9.273858500707028,5.554432090432944,-5.554432090432944,pass_bh_up,13.0,5.554432090432944,0.11311920397265052,1.273759737731688e-09,1.0,1.0,3.0,none,0.0,1.7636554343957336,3.7907766560372034,32.0,32.0,8574.0,453.34382142913785,0.032008898108187356,nonsingular_isothermal,1.0,0.01,0.3,1.0,0.0,strict_pass,1.0,none,none,,,0.8574,0.8574,1.0,0.8297872340425532,0.852,0.8561151079136691,0.04521276595744683,0.009000000000000008,0.0017985611510791255,0.0,0.0,4287.0,5000.0
17.573661858692013,53358.85952305109,662513.3897918408,9.273858500707028,17.474382857805413,-17.474382857805413,pass_bh_down,13.0,17.474382857805413,0.18284005404004233,1.305187015410015e-09,1.0,1.0,4.0,none,0.0,3.0567172503078726,14.417665607497543,32.0,32.0,8570.0,91.42824897884769,0.05608390222348193,nonsingular_isothermal,1.0,0.01,0.3,1.0,0.0,strict_pass,1.0,none,none,,,0.857,0.857,1.0,0.8297872340425532,0.85,0.8561151079136691,0.04521276595744683,0.01100000000000001,0.0017985611510791255,0.0,0.0,4285.0,5000.0
35.0,53358.85952305109,1325026.7795836816,9.273858500707028,7.28100083845251,-7.28100083845251,pass_halo_up,13.0,7.28100083845251,0.2103981670236008,1.3554941497942522e-09,1.0,1.0,3.0,none,0.0,1.7041699829442378,5.576830855508264,32.0,32.0,8570.0,256.6704037191537,0.03697393207345036,nonsingular_isothermal,1.0,0.01,0.3,1.0,0.0,strict_pass,1.0,none,none,,,0.857,0.857,1.0,0.8297872340425532,0.85,0.8561151079136691,0.04521276595744683,0.01100000000000001,0.0017985611510791255,0.0,0.0,4285.0,5000.0
8.786830929346007,53358.85952305109,1325026.7795836816,9.273858500707028,6.789130155366299,-6.789130155366299,pass_halo_down,13.0,6.789130155366299,0.252221742087845,1.130754284187928e-09,1.0,1.0,3.0,none,0.0,1.621985257114719,5.167144898251574,32.0,32.0,8570.0,266.8250590270117,0.02266147863007167,nonsingular_isothermal,1.0,0.01,0.3,1.0,0.0,strict_pass,1.0,none,none,,,0.857,0.857,1.0,0.8297872340425532,0.85,0.8561151079136691,0.04521276595744683,0.01100000000000001,0.0017985611510791255,0.0,0.0,4285.0,5000.0
17.573661858692013,53358.85952305109,1325026.7795836816,18.547717001414057,8.575017895502896,-8.575017895502896,pass_ml_up,13.0,8.575017895502896,0.12153043199242042,1.813693753053547e-09,1.0,1.0,4.0,none,0.0,1.9606683406095429,6.614349554893343,32.0,32.0,8576.0,114.82268810455385,0.0583028240412367,nonsingular_isothermal,1.0,0.01,0.3,1.0,0.0,strict_pass,1.0,none,none,,,0.8576,0.8576,1.0,0.8297872340425532,0.853,0.8561151079136691,0.04521276595744683,0.008000000000000007,0.0017985611510791255,0.0,0.0,4288.0,5000.0
17.573661858692013,53358.85952305109,1325026.7795836816,4.636929250353514,8.997472636446691,-8.997472636446691,pass_ml_down,13.0,8.997472636446691,0.2972248059703144,1.1119821938242865e-09,1.0,1.0,3.0,none,0.0,2.0015062523137024,6.995966384132979,32.0,32.0,8574.0,297.8948760299089,0.03084888989136156,nonsingular_isothermal,1.0,0.01,0.3,1.0,0.0,strict_pass,1.0,none,none,,,0.8574,0.8574,1.0,0.8297872340425532,0.852,0.8561151079136691,0.04521276595744683,0.009000000000000008,0.0017985611510791255,0.0,0.0,4287.0,5000.0
3.845673402842262,73020.77298509266,1568407.135824546,2.997536209611025,6.974276863279667,-6.974276863279667,pass_full,14.0,6.974276863279667,0.01254527406319994,1.3760641838962288e-09,1.0,1.0,4.0,none,0.0,1.6469530816322218,5.327323781647441,32.0,32.0,8572.0,184.626460632604,0.055397309102173234,nonsingular_isothermal,1.0,0.01,0.3,1.0,0.0,strict_pass,1.0,none,none,,,0.8572,0.8572,1.0,0.8297872340425532,0.851,0.8561151079136691,0.04521276595744683,0.010000000000000009,0.0017985611510791255,0.0,0.0,4286.0,5000.0
3.845673402842262,73020.77298509266,0.0,2.997536209611025,830.9744211605487,-830.9744211605487,pass_halo_only,14.0,830.9744211605487,0.0469918467183561,2.1250067325921708e-07,1.0,1.0,5.0,none,0.0,415.862316326604,415.1121048339449,32.0,32.0,9904.0,5.839131753702699,0.28804538975290955,nonsingular_isothermal,1.0,0.01,0.3,1.0,0.0,coverage_warn,0.0,inner,joint,1,3 planned shell-band/Lfrac/theta cells have no successful orbit,0.9904,1.0,0.9904,0.9285714285714286,0.952,0.9711711711711711,0.0714285714285714,0.04800000000000004,0.028828828828828867,3.0,0.0,4952.0,5000.0
3.845673402842262,73020.77298509266,2000000.0,2.997536209611025,5.393728360383441,-5.393728360383441,pass_bh_up,14.0,5.393728360383441,0.12868774107200132,1.2230225374109453e-09,1.0,1.0,3.0,none,0.0,1.6770210798726515,3.7167072805107844,32.0,32.0,8574.0,560.552349650075,0.022605293461922457,nonsingular_isothermal,1.0,0.01,0.3,1.0,0.0,strict_pass,1.0,none,none,,,0.8574,0.8574,1.0,0.8297872340425532,0.852,0.8561151079136691,0.04521276595744683,0.009000000000000008,0.0017985611510791255,0.0,0.0,4287.0,5000.0
3.845673402842262,73020.77298509266,784203.567912273,2.997536209611025,14.798213918477405,-14.798213918477405,pass_bh_down,14.0,14.798213918477405,0.09690616530673601,1.0645482455619174e-09,1.0,1.0,4.0,none,0.0,2.826914460017852,11.97129945845955,32.0,32.0,8572.0,134.78272231911103,0.035809251774125396,nonsingular_isothermal,1.0,0.01,0.3,1.0,0.0,strict_pass,1.0,none,none,,,0.8572,0.8572,1.0,0.8297872340425532,0.851,0.8561151079136691,0.04521276595744683,0.010000000000000009,0.0017985611510791255,0.0,0.0,4286.0,5000.0
7.691346805684524,73020.77298509266,1568407.135824546,2.997536209611025,7.1704908620726036,-7.1704908620726036,pass_halo_up,14.0,7.1704908620726036,0.016429332351346027,1.2605605147670783e-09,1.0,1.0,4.0,none,0.0,1.786825573296144,5.383665288776453,32.0,32.0,8570.0,271.5927619184118,0.024820940174115395,nonsingular_isothermal,1.0,0.01,0.3,1.0,0.0,strict_pass,1.0,none,none,,,0.857,0.857,1.0,0.8297872340425532,0.85,0.8561151079136691,0.04521276595744683,0.01100000000000001,0.0017985611510791255,0.0,0.0,4285.0,5000.0
1.922836701421131,73020.77298509266,1568407.135824546,2.997536209611025,7.431846845106643,-7.431846845106643,pass_halo_down,14.0,7.431846845106643,0.021304291373756,1.058321827164928e-09,1.0,1.0,4.0,none,0.0,1.9854862658017767,5.446360579304861,32.0,32.0,8572.0,351.673374536047,0.01440084315125055,nonsingular_isothermal,1.0,0.01,0.3,1.0,0.0,strict_pass,1.0,none,none,,,0.8572,0.8572,1.0,0.8297872340425532,0.851,0.8561151079136691,0.04521276595744683,0.010000000000000009,0.0017985611510791255,0.0,0.0,4286.0,5000.0
3.845673402842262,73020.77298509266,1568407.135824546,5.99507241922205,7.057859669637985,-7.057859669637985,pass_ml_up,14.0,7.057859669637985,0.25118676257574357,1.041299949044939e-09,1.0,1.0,3.0,none,0.0,1.5852259560603654,5.47263371357761,32.0,32.0,8574.0,274.32189900050713,0.033285951693531955,nonsingular_isothermal,1.0,0.01,0.3,1.0,0.0,strict_pass,1.0,none,none,,,0.8574,0.8574,1.0,0.8297872340425532,0.852,0.8561151079136691,0.04521276595744683,0.009000000000000008,0.0017985611510791255,0.0,0.0,4287.0,5000.0
3.845673402842262,73020.77298509266,1568407.135824546,1.4987681048055126,6.620139607223076,-6.620139607223076,pass_ml_down,14.0,6.620139607223076,0.024563149044772636,1.1241619961298978e-09,1.0,1.0,4.0,none,0.0,1.7250630306638888,4.895076576559185,32.0,32.0,8570.0,255.56195223366896,0.03359622382001457,nonsingular_isothermal,1.0,0.01,0.3,1.0,0.0,strict_pass,1.0,none,none,,,0.857,0.857,1.0,0.8297872340425532,0.85,0.8561151079136691,0.04521276595744683,0.01100000000000001,0.0017985611510791255,0.0,0.0,4285.0,5000.0
29.354042966388416,40332.35941345807,812847.318982821,7.5391929614883,11.732967466299613,-11.732967466299613,pass_full,15.0,11.732967466299613,0.015473840858811982,1.092463493279507e-09,1.0,1.0,4.0,none,0.0,2.1646326954822994,9.56833477081731,32.0,32.0,8572.0,63.767904079395876,0.09736855947589934,nonsingular_isothermal,1.0,0.01,0.3,1.0,0.0,strict_pass,1.0,none,none,,,0.8572,0.8572,1.0,0.8297872340425532,0.851,0.8561151079136691,0.04521276595744683,0.010000000000000009,0.0017985611510791255,0.0,0.0,4286.0,5000.0
29.354042966388416,40332.35941345807,0.0,7.5391929614883,908.0398235873362,-908.0398235873362,pass_halo_only,15.0,908.0398235873362,0.07808402476746323,0.004374974962529337,1.0,1.0,14.0,none,0.0,447.6857332702985,460.354090317035,32.0,32.0,9926.0,8.837955831656268,0.19432314775570697,nonsingular_isothermal,1.0,0.01,0.3,1.0,0.0,coverage_warn,0.0,inner,joint,1,2 planned shell-band/Lfrac/theta cells have no successful orbit,0.9926,1.0,0.9926,0.9449404761904762,0.963,0.9711711711711711,0.055059523809523836,0.03700000000000003,0.028828828828828867,2.0,0.0,4963.0,5000.0
29.354042966388416,40332.35941345807,1625694.637965642,7.5391929614883,6.928870308448515,-6.928870308448515,pass_bh_up,15.0,6.928870308448515,0.23726921339314355,1.0181563774950003e-09,1.0,1.0,3.0,none,0.0,1.981818282914203,4.947052025534305,32.0,32.0,8570.0,440.460439577401,0.018020807915522935,nonsingular_isothermal,1.0,0.01,0.3,1.0,0.0,strict_pass,1.0,none,none,,,0.857,0.857,1.0,0.8297872340425532,0.85,0.8561151079136691,0.04521276595744683,0.01100000000000001,0.0017985611510791255,0.0,0.0,4285.0,5000.0
29.354042966388416,40332.35941345807,406423.6594914105,7.5391929614883,20.085852390982534,-20.085852390982534,pass_bh_down,15.0,20.085852390982534,0.027141289189682283,3.4804234401902485e-09,1.0,1.0,5.0,none,0.0,4.671834899478337,15.414017491504197,32.0,32.0,8570.0,50.260206360804936,0.06681470147604106,nonsingular_isothermal,1.0,0.01,0.3,1.0,0.0,strict_pass,1.0,none,none,,,0.857,0.857,1.0,0.8297872340425532,0.85,0.8561151079136691,0.04521276595744683,0.01100000000000001,0.0017985611510791255,0.0,0.0,4285.0,5000.0
35.0,40332.35941345807,812847.318982821,7.5391929614883,12.14411267407005,-12.14411267407005,pass_halo_up,15.0,12.14411267407005,0.0129620439244853,1.2654999145821073e-09,1.0,1.0,4.0,none,0.0,2.571333260104254,9.572779413965794,32.0,32.0,8572.0,74.20478665040716,0.09696965071687436,nonsingular_isothermal,1.0,0.01,0.3,1.0,0.0,strict_pass,1.0,none,none,,,0.8572,0.8572,1.0,0.8297872340425532,0.851,0.8561151079136691,0.04521276595744683,0.010000000000000009,0.0017985611510791255,0.0,0.0,4286.0,5000.0
14.677021483194208,40332.35941345807,812847.318982821,7.5391929614883,11.980567060364884,-11.980567060364884,pass_halo_down,15.0,11.980567060364884,0.03768193585371371,1.0602249869705538e-09,1.0,1.0,4.0,none,0.0,2.5242098195266376,9.456357240838242,32.0,32.0,8576.0,75.45871869380646,0.09491601383650877,nonsingular_isothermal,1.0,0.01,0.3,1.0,0.0,strict_pass,1.0,none,none,,,0.8576,0.8576,1.0,0.8297872340425532,0.853,0.8561151079136691,0.04521276595744683,0.008000000000000007,0.0017985611510791255,0.0,0.0,4288.0,5000.0
29.354042966388416,40332.35941345807,812847.318982821,15.0783859229766,12.907834406612404,-12.907834406612404,pass_ml_up,15.0,12.907834406612404,0.046652384184156404,1.2460504850152226e-09,1.0,1.0,4.0,none,0.0,2.6932178460588023,10.214616560553596,32.0,32.0,8578.0,132.6588111051654,0.04857703115288055,nonsingular_isothermal,1.0,0.01,0.3,1.0,0.0,strict_pass,1.0,none,none,,,0.8578,0.8578,1.0,0.8297872340425532,0.854,0.8576576576576577,0.04521276595744683,0.007000000000000006,0.0002560114070905284,0.0,0.0,4289.0,5000.0
29.354042966388416,40332.35941345807,812847.318982821,3.76959648074415,14.27992162777026,-14.27992162777026,pass_ml_down,15.0,14.27992162777026,0.04025934547676968,7.327401324585285e-10,1.0,1.0,4.0,none,0.0,2.6533490628748586,11.626572564895405,32.0,32.0,8578.0,214.4093986974338,0.028442965504841752,nonsingular_isothermal,1.0,0.01,0.3,1.0,0.0,strict_pass,1.0,none,none,,,0.8578,0.8578,1.0,0.8297872340425532,0.854,0.8576576576576577,0.04521276595744683,0.007000000000000006,0.0002560114070905284,0.0,0.0,4289.0,5000.0
32.095546625738294,49118.86873763196,1931976.7392250404,1.5804752164244176,5.34120796457356,-5.34120796457356,pass_full,16.0,5.34120796457356,0.1285168923140363,1.26765148493923e-09,1.0,1.0,3.0,none,0.0,1.6475926151971274,3.693615349376433,32.0,32.0,8572.0,399.88625203919713,0.027576283839883982,nonsingular_isothermal,1.0,0.01,0.3,1.0,0.0,strict_pass,1.0,none,none,,,0.8572,0.8572,1.0,0.8297872340425532,0.851,0.8561151079136691,0.04521276595744683,0.010000000000000009,0.0017985611510791255,0.0,0.0,4286.0,5000.0
32.095546625738294,49118.86873763196,0.0,1.5804752164244176,839.7827798208284,-839.7827798208284,pass_halo_only,16.0,839.7827798208284,0.14723146766675654,2.1387277176578974e-07,1.0,1.0,3.0,none,0.0,414.48702408458155,425.29575573626204,32.0,32.0,9962.0,668.3055903010729,0.009943676061658555,nonsingular_isothermal,1.0,0.01,0.3,1.0,0.0,coverage_warn,0.0,inner,joint,1,1 planned shell-band/Lfrac/theta cells have no successful orbit,0.9962,1.0,0.9962,0.9717261904761905,0.981,0.9711711711711711,0.028273809523809534,0.019000000000000017,0.028828828828828867,1.0,0.0,4981.0,5000.0
32.095546625738294,49118.86873763196,2000000.0,1.5804752164244176,5.173130997892565,-5.173130997892565,pass_bh_up,16.0,5.173130997892565,0.13271652462140437,1.3527114208858396e-09,1.0,1.0,3.0,none,0.0,1.6084473665393748,3.564683631353184,32.0,32.0,8568.0,413.02562126405775,0.028969198761685255,nonsingular_isothermal,1.0,0.01,0.3,1.0,0.0,strict_pass,1.0,none,none,,,0.8568,0.8568,1.0,0.8297872340425532,0.849,0.8561151079136691,0.04521276595744683,0.01200000000000001,0.0015425497439885971,0.0,0.0,4284.0,5000.0
32.095546625738294,49118.86873763196,965988.3696125202,1.5804752164244176,9.843686647474442,-9.843686647474442,pass_bh_down,16.0,9.843686647474442,0.04534882938693485,1.0974436888756808e-09,1.0,1.0,4.0,none,0.0,1.7172724851172902,8.12641416235715,32.0,32.0,8568.0,128.9123898264689,0.04701404253177143,nonsingular_isothermal,1.0,0.01,0.3,1.0,0.0,strict_pass,1.0,none,none,,,0.8568,0.8568,1.0,0.8297872340425532,0.849,0.8561151079136691,0.04521276595744683,0.01200000000000001,0.0015425497439885971,0.0,0.0,4284.0,5000.0
35.0,49118.86873763196,1931976.7392250404,1.5804752164244176,5.302307182230904,-5.302307182230904,pass_halo_up,16.0,5.302307182230904,0.13860516870343176,1.314992856502893e-09,1.0,1.0,3.0,none,0.0,1.5877184381155898,3.714588744115316,32.0,32.0,8566.0,502.57289845098614,0.022320788696552133,nonsingular_isothermal,1.0,0.01,0.3,1.0,0.0,strict_pass,1.0,none,none,,,0.8566,0.8566,1.0,0.8297872340425532,0.849,0.8558558558558559,0.04521276595744683,0.01200000000000001,0.0018018018018017834,0.0,0.0,4283.0,5000.0
16.047773312869147,49118.86873763196,1931976.7392250404,1.5804752164244176,5.034100552776515,-5.034100552776515,pass_halo_down,16.0,5.034100552776515,0.20522496511960853,1.152108700108661e-09,1.0,1.0,3.0,none,0.0,1.5967688372760214,3.4373317155004934,32.0,32.0,8570.0,343.97722790138266,0.026411675622940597,nonsingular_isothermal,1.0,0.01,0.3,1.0,0.0,strict_pass,1.0,none,none,,,0.857,0.857,1.0,0.8297872340425532,0.85,0.8561151079136691,0.04521276595744683,0.01100000000000001,0.0017985611510791255,0.0,0.0,4285.0,5000.0
32.095546625738294,49118.86873763196,1931976.7392250404,3.160950432848835,5.567136474962488,-5.567136474962488,pass_ml_up,16.0,5.567136474962488,0.10205916743828602,1.3328483987791082e-09,1.0,1.0,3.0,none,0.0,1.7224627265010675,3.8446737484614184,32.0,32.0,8564.0,493.94804685959207,0.026315670324858015,nonsingular_isothermal,1.0,0.01,0.3,1.0,0.0,strict_pass,1.0,none,none,,,0.8564,0.8564,1.0,0.8297872340425532,0.849,0.8558558558558559,0.04521276595744683,0.01200000000000001,0.0018018018018017834,0.0,0.0,4282.0,5000.0
32.095546625738294,49118.86873763196,1931976.7392250404,0.7902376082122088,4.7761244597266606,-4.7761244597266606,pass_ml_down,16.0,4.7761244597266606,0.2892969504645402,1.1153538983602272e-09,1.0,1.0,3.0,none,0.0,1.1150691616604453,3.6610552980662128,32.0,32.0,8568.0,147.56556342294044,0.06702295373118373,nonsingular_isothermal,1.0,0.01,0.3,1.0,0.0,strict_pass,1.0,none,none,,,0.8568,0.8568,1.0,0.8297872340425532,0.849,0.8561151079136691,0.04521276595744683,0.01200000000000001,0.0015425497439885971,0.0,0.0,4284.0,5000.0
12.67170280267072,4611.480389561538,671474.9678290326,8.26211355084373,13.03178478218401,-13.03178478218401,pass_full,17.0,13.03178478218401,0.1383064886743206,4.669980858036665e-09,1.0,1.0,4.0,none,0.0,2.7677624469117115,10.2640223352723,32.0,32.0,8564.0,17.59212224580344,0.18046996394997275,nonsingular_isothermal,1.0,0.01,0.3,1.0,0.0,strict_pass,1.0,none,none,,,0.8564,0.8564,1.0,0.8297872340425532,0.849,0.8558558558558559,0.04521276595744683,0.01200000000000001,0.0018018018018017834,0.0,0.0,4282.0,5000.0
12.67170280267072,4611.480389561538,0.0,8.26211355084373,842.2247156407434,-842.2247156407434,pass_halo_only,17.0,842.2247156407434,0.17788282159301616,2.1265659533770638e-07,1.0,1.0,3.0,none,0.0,426.20815130443594,416.0165643363013,32.0,32.0,9968.0,299.71704576084915,0.02544989707946169,nonsingular_isothermal,1.0,0.01,0.3,1.0,0.0,coverage_warn,0.0,inner,joint,1,1 planned shell-band/Lfrac/theta cells have no successful orbit,0.9968,1.0,0.9968,0.9761904761904762,0.984,0.9711711711711711,0.023809523809523836,0.016000000000000014,0.028828828828828867,1.0,0.0,4984.0,5000.0
12.67170280267072,4611.480389561538,1342949.9356580651,8.26211355084373,8.573795876955957,-8.573795876955957,pass_bh_up,17.0,8.573795876955957,0.12410040566510183,1.510746953462813e-09,1.0,1.0,3.0,none,0.0,1.7749095358850515,6.7988863410709035,32.0,32.0,8566.0,268.29594368785183,0.039098230148444324,nonsingular_isothermal,1.0,0.01,0.3,1.0,0.0,strict_pass,1.0,none,none,,,0.8566,0.8566,1.0,0.8297872340425532,0.849,0.8558558558558559,0.04521276595744683,0.01200000000000001,0.0018018018018017834,0.0,0.0,4283.0,5000.0
12.67170280267072,4611.480389561538,335737.4839145163,8.26211355084373,23.86849433973359,-23.86849433973359,pass_bh_down,17.0,23.86849433973359,0.07189198976685773,1.2122718195024082e-08,1.0,1.0,4.0,none,0.0,5.452621651540865,18.415872688192735,32.0,32.0,8566.0,14.721343791223068,0.20841836363696256,nonsingular_isothermal,1.0,0.01,0.3,1.0,0.0,strict_pass,1.0,none,none,,,0.8566,0.8566,1.0,0.8297872340425532,0.849,0.8558558558558559,0.04521276595744683,0.01200000000000001,0.0018018018018017834,0.0,0.0,4283.0,5000.0
25.34340560534144,4611.480389561538,671474.9678290326,8.26211355084373,11.491694427772904,-11.491694427772904,pass_halo_up,17.0,11.491694427772904,0.05163482328132041,1.8598986670224257e-09,1.0,1.0,4.0,none,0.0,2.7211742726105985,8.770520155162307,32.0,32.0,8568.0,34.772778468815474,0.11099654663422873,nonsingular_isothermal,1.0,0.01,0.3,1.0,0.0,strict_pass,1.0,none,none,,,0.8568,0.8568,1.0,0.8297872340425532,0.849,0.8561151079136691,0.04521276595744683,0.01200000000000001,0.0015425497439885971,0.0,0.0,4284.0,5000.0
6.33585140133536,4611.480389561538,671474.9678290326,8.26211355084373,15.4003054886619,-15.4003054886619,pass_halo_down,17.0,15.4003054886619,0.012416990199298539,1.6245404910184992e-09,1.0,1.0,5.0,none,0.0,2.7820829978470236,12.61822249081488,32.0,32.0,8564.0,35.91995763358058,0.10849197602879519,nonsingular_isothermal,1.0,0.01,0.3,1.0,0.0,strict_pass,1.0,none,none,,,0.8564,0.8564,1.0,0.8297872340425532,0.849,0.8558558558558559,0.04521276595744683,0.01200000000000001,0.0018018018018017834,0.0,0.0,4282.0,5000.0
12.67170280267072,4611.480389561538,671474.9678290326,16.52422710168746,18.525358288982467,-18.525358288982467,pass_ml_up,17.0,18.525358288982467,0.25046874051246704,5.516406727245641e-09,1.0,1.0,4.0,none,0.0,3.3502254222366457,15.175132866745823,32.0,32.0,8564.0,80.73264564933798,0.07225442240768319,nonsingular_isothermal,1.0,0.01,0.3,1.0,0.0,strict_pass,1.0,none,none,,,0.8564,0.8564,1.0,0.8297872340425532,0.849,0.8558558558558559,0.04521276595744683,0.01200000000000001,0.0018018018018017834,0.0,0.0,4282.0,5000.0
12.67170280267072,4611.480389561538,671474.9678290326,4.131056775421865,10.310408618894419,-10.310408618894419,pass_ml_down,17.0,10.310408618894419,0.25818866029659127,1.8382652372526319e-09,1.0,1.0,4.0,none,0.0,2.4283817627800715,7.882026856114354,32.0,32.0,8566.0,31.791658743119186,0.10884423882442501,nonsingular_isothermal,1.0,0.01,0.3,1.0,0.0,strict_pass,1.0,none,none,,,0.8566,0.8566,1.0,0.8297872340425532,0.849,0.8558558558558559,0.04521276595744683,0.01200000000000001,0.0018018018018017834,0.0,0.0,4283.0,5000.0
8.158749384729656,20453.91796250009,1869604.400224354,11.625527169863307,5.055057911845097,-5.055057911845097,pass_full,18.0,5.055057911845097,0.013217124303933403,1.1113275658520865e-09,1.0,1.0,4.0,none,0.0,1.078253715163405,3.9768041966816936,32.0,32.0,8564.0,108.6188472325652,0.08564293616270162,nonsingular_isothermal,1.0,0.01,0.3,1.0,0.0,strict_pass,1.0,none,none,,,0.8564,0.8564,1.0,0.8297872340425532,0.849,0.8558558558558559,0.04521276595744683,0.01200000000000001,0.0018018018018017834,0.0,0.0,4282.0,5000.0
8.158749384729656,20453.91796250009,0.0,11.625527169863307,633.0102151250575,-633.0102151250575,pass_halo_only,18.0,633.0102151250575,0.24085541320516768,0.0010345205092696288,1.0,1.0,7.0,none,0.0,362.0058685288453,271.004346596215,32.0,32.0,5442.0,4.131505247395748,0.3376510370629732,nonsingular_isothermal,1.0,0.01,0.3,1.0,0.0,coverage_warn,0.0,inner,joint,1,3 planned shell-band/Lfrac/theta cells have no successful orbit,0.9904,1.0,0.9904,0.9285714285714286,0.952,0.9711711711711711,0.0714285714285714,0.04800000000000004,0.028828828828828867,3.0,0.0,4952.0,5000.0
8.158749384729656,20453.91796250009,2000000.0,11.625527169863307,5.567474022653789,-5.567474022653789,pass_bh_up,18.0,5.567474022653789,0.1135414703610449,1.2785652825826265e-09,1.0,1.0,3.0,none,0.0,1.755173258838097,3.812300763815688,32.0,32.0,8566.0,456.69455252356767,0.029611518633602806,nonsingular_isothermal,1.0,0.01,0.3,1.0,0.0,strict_pass,1.0,none,none,,,0.8566,0.8566,1.0,0.8297872340425532,0.849,0.8558558558558559,0.04521276595744683,0.01200000000000001,0.0018018018018017834,0.0,0.0,4283.0,5000.0
8.158749384729656,20453.91796250009,934802.200112177,11.625527169863307,11.252365446304236,-11.252365446304236,pass_bh_down,18.0,11.252365446304236,0.02103483623460889,1.123560915312761e-09,1.0,1.0,4.0,none,0.0,2.333713943183446,8.918651503120786,32.0,32.0,8564.0,143.3070941387563,0.05160083053516129,nonsingular_isothermal,1.0,0.01,0.3,1.0,0.0,strict_pass,1.0,none,none,,,0.8564,0.8564,1.0,0.8297872340425532,0.849,0.8558558558558559,0.04521276595744683,0.01200000000000001,0.0018018018018017834,0.0,0.0,4282.0,5000.0
16.317498769459313,20453.91796250009,1869604.400224354,11.625527169863307,5.535715765405483,-5.535715765405483,pass_halo_up,18.0,5.535715765405483,0.23389542959311882,1.439335467941599e-09,1.0,1.0,3.0,none,0.0,1.451067565828338,4.084648199577141,32.0,32.0,8564.0,191.72550375881525,0.05754730136235726,nonsingular_isothermal,1.0,0.01,0.3,1.0,0.0,strict_pass,1.0,none,none,,,0.8564,0.8564,1.0,0.8297872340425532,0.849,0.8558558558558559,0.04521276595744683,0.01200000000000001,0.0018018018018017834,0.0,0.0,4282.0,5000.0
4.079374692364828,20453.91796250009,1869604.400224354,11.625527169863307,5.905303028273502,-5.905303028273502,pass_halo_down,18.0,5.905303028273502,0.14113215939393342,1.2739866777262622e-09,1.0,1.0,3.0,none,0.0,1.8370748670978367,4.068228161175665,32.0,32.0,8566.0,398.1049142047385,0.030331958967197436,nonsingular_isothermal,1.0,0.01,0.3,1.0,0.0,strict_pass,1.0,none,none,,,0.8566,0.8566,1.0,0.8297872340425532,0.849,0.8558558558558559,0.04521276595744683,0.01200000000000001,0.0018018018018017834,0.0,0.0,4283.0,5000.0
8.158749384729656,20453.91796250009,1869604.400224354,20.0,5.399756932832215,-5.399756932832215,pass_ml_up,18.0,5.399756932832215,0.2593667957035892,1.2915373932367966e-09,1.0,1.0,3.0,none,0.0,1.8512450961430449,3.5485118366891633,32.0,32.0,8566.0,235.5835242434566,0.032179280925630015,nonsingular_isothermal,1.0,0.01,0.3,1.0,0.0,strict_pass,1.0,none,none,,,0.8566,0.8566,1.0,0.8297872340425532,0.849,0.8558558558558559,0.04521276595744683,0.01200000000000001,0.0018018018018017834,0.0,0.0,4283.0,5000.0
8.158749384729656,20453.91796250009,1869604.400224354,5.812763584931654,5.923586165749607,-5.923586165749607,pass_ml_down,18.0,5.923586165749607,0.16573549837761092,1.1238507936772014e-09,1.0,1.0,3.0,none,0.0,1.837023658946933,4.08656250680267,32.0,32.0,8566.0,417.56148659173806,0.029109943082949383,nonsingular_isothermal,1.0,0.01,0.3,1.0,0.0,strict_pass,1.0,none,none,,,0.8566,0.8566,1.0,0.8297872340425532,0.849,0.8558558558558559,0.04521276595744683,0.01200000000000001,0.0018018018018017834,0.0,0.0,4283.0,5000.0
21.847760030515023,84312.7703020989,352968.45725852053,17.045341047414126,24.363267750152616,-24.363267750152616,pass_full,19.0,24.363267750152616,0.19671472759829456,6.038617676728421e-09,1.0,1.0,4.0,none,0.0,4.908540493274175,19.454727256878414,32.0,32.0,8564.0,21.97227907261022,0.18079989267554683,nonsingular_isothermal,1.0,0.01,0.3,1.0,0.0,strict_pass,1.0,none,none,,,0.8564,0.8564,1.0,0.8297872340425532,0.849,0.8558558558558559,0.04521276595744683,0.01200000000000001,0.0018018018018017834,0.0,0.0,4282.0,5000.0
21.847760030515023,84312.7703020989,0.0,17.045341047414126,766.6829252950074,-766.6829252950074,pass_halo_only,19.0,766.6829252950074,0.2976475955138085,1.8887002093310281e-07,1.0,1.0,18.0,none,0.0,422.23522794766575,344.4476973473099,32.0,32.0,9904.0,5.043947688539934,0.30225960037909605,nonsingular_isothermal,1.0,0.01,0.3,1.0,0.0,coverage_warn,0.0,inner,joint,1,3 planned shell-band/Lfrac/theta cells have no successful orbit,0.9904,1.0,0.9904,0.9285714285714286,0.952,0.9711711711711711,0.0714285714285714,0.04800000000000004,0.028828828828828867,3.0,0.0,4952.0,5000.0
21.847760030515023,84312.7703020989,705936.9145170411,17.045341047414126,16.85257521521653,-16.85257521521653,pass_bh_up,19.0,16.85257521521653,0.1289491928900972,1.0829285327269624e-09,1.0,1.0,4.0,none,0.0,3.164234836817011,13.688340378399516,32.0,32.0,8566.0,165.96898728262065,0.032915928347239824,nonsingular_isothermal,1.0,0.01,0.3,1.0,0.0,strict_pass,1.0,none,none,,,0.8566,0.8566,1.0,0.8297872340425532,0.849,0.8558558558558559,0.04521276595744683,0.01200000000000001,0.0018018018018017834,0.0,0.0,4283.0,5000.0
21.847760030515023,84312.7703020989,176484.22862926027,17.045341047414126,37.2574255830474,-37.2574255830474,pass_bh_down,19.0,37.2574255830474,0.06079599846214023,1.6816816898512978e-08,1.0,1.0,4.0,none,0.0,12.92792038612662,24.32950519692073,32.0,32.0,8566.0,26.38344311202173,0.08151909192108606,nonsingular_isothermal,1.0,0.01,0.3,1.0,0.0,strict_pass,1.0,none,none,,,0.8566,0.8566,1.0,0.8297872340425532,0.849,0.8558558558558559,0.04521276595744683,0.01200000000000001,0.0018018018018017834,0.0,0.0,4283.0,5000.0
35.0,84312.7703020989,352968.45725852053,17.045341047414126,24.604666800723972,-24.604666800723972,pass_halo_up,19.0,24.604666800723972,0.20338588307275174,6.6105883475546985e-09,1.0,1.0,4.0,none,0.0,5.176903135239286,19.427763665484665,32.0,32.0,8566.0,21.43904896212747,0.1863867023422686,nonsingular_isothermal,1.0,0.01,0.3,1.0,0.0,strict_pass,1.0,none,none,,,0.8566,0.8566,1.0,0.8297872340425532,0.849,0.8558558558558559,0.04521276595744683,0.01200000000000001,0.0018018018018017834,0.0,0.0,4283.0,5000.0
10.923880015257511,84312.7703020989,352968.45725852053,17.045341047414126,24.765028029684583,-24.765028029684583,pass_halo_down,19.0,24.765028029684583,0.1854092578973976,5.877441687506721e-09,1.0,1.0,4.0,none,0.0,5.336280175435436,19.428747854249124,32.0,32.0,8564.0,23.332463568901478,0.17678648676429592,nonsingular_isothermal,1.0,0.01,0.3,1.0,0.0,strict_pass,1.0,none,none,,,0.8564,0.8564,1.0,0.8297872340425532,0.849,0.8558558558558559,0.04521276595744683,0.01200000000000001,0.0018018018018017834,0.0,0.0,4282.0,5000.0
